:020000041000EA
:1000000000B5324B212058609868022188439860DF
:10001000D860186158612E4B002199600221596106
:100020000121F02299502B49196001219960352056
:1000300000F044F80222904214D00621196600F024
:1000400034F8196E01211966002018661A6600F04E
:100050002CF8196E196E196E052000F02FF8012189
:100060000842F9D1002199601B49196000215960AB
:100070001A491B48016001219960EB211966A021F2
:10008000196600F012F800219960164914480160C1
:100090000121996001BC002800D000471248134993
:1000A000086003C880F30888084703B5996A0420EC
:1000B0000142FBD001200142F8D103BD02B5186610
:1000C0001866FFF7F2FF186E186E02BD00000240BE
:1000D000000000180000070000035F00212200005C
:1000E000F4000018222000A00001001008ED00E03C
:1000F00000000000000000000000000074B24E7A12
:1001000000200420F7010010CB010010CD010010E9
:10011000C9010010C9010010C9010010C901001077
:10012000C9010010C9010010C9010010CF01001061
:10013000C9010010C9010010D1010010D301001045
:10014000C1010010C1010010C1010010C101001067
:10015000C1010010C1010010C1010010C101001057
:10016000C1010010C1010010C1010010C101001047
:10017000C1010010C1010010C1010010C101001037
:10018000C1010010C1010010C1010010C101001027
:10019000C1010010C1010010C1010010C101001017
:1001A000C1010010C1010010C1010010C101001007
:1001B000C1010010C1010010C1010010C1010010F7
:1001C000EFF30580103800BE00BE00BE00BE00BECA
:1001D00000BE00BEF2EB8871A8940010D894001005
:1001E0003802001090A31AE71E481F49086006C88D
:1001F00081F3088810471D480068002801D019487D
:10020000F3E70DA40ECC002902D000F012F8F9E7B4
:100210001749184A002000E001C19142FCD116495B
:100220008847164988471649884700BEFDE701C937
:1002300001C29A42FBD37047D8940010C00000203E
:1002400090060020A89A001000000420000004205E
:10025000A89A0010001004200010042000000000E4
:10026000704700000000000008ED00E0000000D032
:100270009006002090130020DD4B0010AD0A001006
:10028000D54B0010F8B5C04606480749091A8B102F
:10029000C90FC91810B5491003D0044B002B00D06A
:1002A000984710BD90060020900600200000000036
:1002B000054B10B5002B03D00449054800E000BFF2
:1002C000FFF7E2FF10BDC046000000004013002011
:1002D000A48D0010F0B583B06B46D0269C1D8027FE
:1002E00020236A463606BF0218430D00B76121007D
:1002F000207001230732074808F01AFD6A460123DF
:10030000210025700732034808F012FD776103B021
:10031000F0BDC04600C0034070B582B06B460C0013
:10032000D025991D802620236A462D06B602184343
:10033000AE61012308700732054808F0F9FC052278
:100340002100034808F0ECFC6E6102B070BDC046AD
:1003500000C00340F0B5DE464E4657464546DC49F0
:10036000E0B50A8891B0130A99460423CD5E2B129A
:100370009B4606200B5E1C1202940824085F0A2686
:100380008C5F0712A24624120394CC7809948978D2
:100390000891D1B2090912010A4351B28C46644650
:1003A00033219208A4008C430A40224354B204949F
:1003B0004C462401A4464C462409A14664464E46B8
:1003C000344366B2B446A608340066460C40B60014
:1003D000A14634008C43A4464C466646344366B27C
:1003E0000596EEB236092D0135436EB2B600A14630
:1003F0003400AD088C430D4025436EB206965E4630
:10040000F6B23609B0465E4644463601264374B21B
:10041000A400B6080E408C433443DEB236091B01FB
:1004200033435EB2B6009B088E430B4033430193C7
:1004300004266B46A4469E57029C0796E6B23609F0
:100440002401344366B2B600A4088E430C40344302
:10045000C6B236090001304346B2B60080088E436A
:100460000840304346B2B046FEB236093F0137433A
:100470007EB263B2BF08B60002938E434B460F4074
:10048000374355265B08334052081B0232401A435B
:100490006D08904B35402D041A402A4365466D087F
:1004A0009B463540049B12022D06120A2A435D002A
:1004B000EDB2A946059B64085D004B46EDB22D02E6
:1004C0002B439946069B34405D004B46EDB22D040C
:1004D0001D4363462D025B062D0A1D437E4B2402FD
:1004E0001D402A430C925A469946019B40085B08DE
:1004F0003340234330400004134003437A08079DF0
:1005000032401B0212061B0A13436A00029DD2B23C
:1005100068004546C0B20002024368004D46C0B2C2
:1005200000040243780617023F0A07432F4055464E
:100530003B430D9353462A010CADA846DBB21B0981
:1005400013435AB292009B088A430B4013435AB29A
:1005500052005B08B243334013432B72039D08984B
:100560002A01EBB245461B0913435AB292009B087D
:100570008A430B4013435AB252005B08B2433340E4
:1005800013436B720201030913435AB292009B0892
:100590008A430B4013435AB252005B08B2433340C4
:1005A0001343099AAB721309120113435AB2920012
:1005B0009B088A430B4013435AB252005B08B24374
:1005C00033401343EB7200238027AB81D0250AAA66
:1005D0002D06BF02D41DE1330AA9AF610631937124
:1005E0003E480123220008F0A3FB27230AAA0AA9F8
:1005F0006F610631AF61394893712200263B08F0E4
:1006000097FB70230AAA0AA99371063122006F3B57
:10061000324808F08DFBA02380260AAA0AA96F6140
:100620000631AF612D4893719F3B220008F080FB9B
:1006300076020E224146294808F072FB6F610F20B6
:100640006E61002101F0F4FBAE61C82606E00A20CD
:100650000021013E01F0ECFB002E18D007230AAA6E
:100660000AA9AF61063193711C482200063B08F0CD
:100670005FFBFF230AAA0AA993711848FE3B2200D8
:10068000063108F055FB23786F619B06DFD5D02536
:10069000802627232D06B6020AAA0AA9AE610631D2
:1006A00093710E482200263B08F042FB20230AAA41
:1006B0000AA99371063122001F3B084808F038FB55
:1006C0006E6111B0F0BCBB46B246A946A046F0BD73
:1006D00020130020FFFF00FFAAAAAAAA00C003401F
:1006E00001230370004870474494001070B50D005A
:1006F0000400160082B0284804F0FEFB274804F0EE
:10070000FBFB2A002100264804F07AFC3378013BE9
:10071000DBB2032B33D8234A9B009958224804F0BC
:100720006FFC224804F0E8FB0122214B1A70214B98
:1007300080221C70204B92041D70D0231B065A612E
:100740003378022B24D0012B1BD001230022290057
:10075000200008F04DF9012301222900200008F0B3
:1007600047F901230022009329000023200008F00C
:10077000CBF92900200007F0B3F902B070BD0F4992
:10078000CCE7290020000E4A063307F0DDF9E8E740
:10079000B37B002BD9D1ECE7B08D0010DC8D0010BD
:1007A000FC8D00108C910010188E0010248E00100B
:1007B000861300208713002088130020A88D0010C6
:1007C0009C91001010B5084804F096FB0023074ADE
:1007D0001370074A1370074A1370D02380221B0638
:1007E00092045A6110BDC046508E0010861300203E
:1007F0008713002088130020F0B5CE464746982383
:1008000080B5D35C05000E00140085B0002B06D126
:100810001378022B00D175E0E37B002B08D1310067
:10082000280007F05DF905B0C0BCB946B046F0BD80
:1008300001F0F4FA00296AD0FA220023920001F0B4
:10084000F1FE07008548638802889A4269D0A31C9C
:100850009846834B99460C22414602F039FDFFF73A
:1008600079FD4B467F4A1F601368FB1AC82BD6D907
:1008700061887D48176004F0C3FB6388DA0400D503
:10088000A1E09A0400D5DEE05A0400D5D6E01AB201
:10089000002A00DADCE0DA0500D5CAE09A0500D5C6
:1008A000C2E0DA0600D5BAE09A0600D5B2E05A05F1
:1008B00000D5AAE0DA0700D5A2E09A0700D59AE0B1
:1008C0005A0700D592E01A0700D58AE05A0600D5EB
:1008D00082E01B067CD44346444604229B5E41468C
:1008E00042460A27E45FD278897802944446082772
:1008F000E45F5E48019444460627E45F009404F0F8
:100900007FFB8CE7937B002B00D085E787E7FA21FC
:10091000890001F049FE07005048638802889A4226
:1009200095D10422835EA21C90460621625E9B1A2A
:10093000DA179B18534080225200934240DC062174
:10094000435E41469C460623C95E63465B1AD9173F
:100950005B184B40934233DC0821435E41469C4682
:100960000823C95E63465B1AD9175B184B40934254
:1009700026DC0A21435E41469C460A23C95E634643
:100980005B1AD9175B184B40934219DC42468378B7
:1009900092789B1ADA179B185340082B10DC4246BA
:1009A000C378D2789B1ADA179B185340082B07DCC0
:1009B0002B4B99461B68FB1A0F2B00D82FE74AE7F1
:1009C000274B994647E72A4804F01AFB638858E703
:1009D000284804F015FB7EE7274804F011FB6388E4
:1009E00077E7264804F00CFB63886FE7244804F09F
:1009F00007FB638867E7234804F002FB63885FE72F
:100A0000214804F0FDFA638857E7204804F0F8FA1B
:100A100063884FE71E4804F0F3FA638847E71D48F0
:100A200004F0EEFA63883FE71B4804F0E9FA6388B4
:100A300037E71A4804F0E4FA63882FE7184804F00F
:100A4000DFFA638823E7174804F0DAFA63881BE7C4
:100A5000154804F0D5FA63881DE7C046201300202E
:100A6000381300202C130020648E0010AC8E001070
:100A7000708E0010A88E0010A48E0010A08E0010A2
:100A80009C8E0010988E0010948E0010908E001096
:100A90008C8E0010888E0010848E0010808E0010C6
:100AA000788E0010748E00107C8E0010F0B5DE463B
:100AB0004E4645465746D024E0B58026032597B0DC
:100AC0002406B60406F0F4FE04F0C6F9192000F07E
:100AD00055FA666266616420A66101F089F8013DFD
:100AE0006420666101F084F8002DF4D1E64804F03A
:100AF00003FAE64804F000FA022312AF3B80390003
:100B0000002005F02FFFE24804F0F6F9E149E24841
:100B100004F096FB0121022000F016FA01210320C7
:100B200000F012FA0121042000F00EFA102000F06B
:100B300025FA802380265B026362B602A36111203E
:100B400000F01CFA0F206662666101F051F8002186
:100B50000120FFF7BFFB03210320FFF7BBFB0021B0
:100B60000420FFF7B7FB02210520FFF7B3FB0E219E
:100B70000620FFF7AFFBC94B10AD1A682900109291
:100B80001B7910202B71FFF7C7FB29000A20FFF704
:100B9000C3FBC34B39001A680B2012921B793B71BF
:100BA000FFF7BAFB03210220FFF794FB0E2111206F
:100BB000FFF790FB0E211220FFF78CFB3E21002057
:100BC000FFF788FB022001F013F8E1230CAA0CA91F
:100BD0008C46A6610E2193730F2261446244E03B70
:100BE000AD4808F0A5F8E2230CAA0CA98C46666172
:100BF0000E21A66193730F2261446244E13BA64833
:100C000008F096F8702107206661FFF763FBA5489E
:100C100004F072F9A44B0CAA0493A44B94460793D6
:100C2000A34B0A93A34B9B46262363449946A24BAE
:100C30000593A24B0693A24B0893A24B0B93A24B96
:100C40000993A24B0C93A24B0D930120002140422B
:100C500006F014F901F0E2F8002948D0FA22002346
:100C6000920001F0DFFC0390049B1B78002B17D14E
:100C7000079B039A1B68D31AFA22520093420FD3A0
:100C80000A99F43A0B78FF3A53400B7000D13EE1D9
:100C9000D02380221B0692045A61079B039A1A6094
:100CA0005B46039A1B68D31A0F2B26D8059B069A1E
:100CB0001B7812781343C8D0049B1B78002BC4D038
:100CC000089B18780028C0D0099B039A1B68D31A88
:100CD000804A9342B9D90023059A1370069A13707B
:100CE0000B9A11780022009307F00EFFADE7FA216E
:100CF000890001F059FC0390B6E7FFF72BFB5B4638
:100D0000039AD0261A60802336069B029846B36168
:100D100020233A0029002B705F481F3B08F008F899
:100D20003F233A0029002B7080243E3B5A4807F0AD
:100D3000FFFF4346FA2064027361002140007461A2
:100D400001F076F84346B461B36107233A00290005
:100D50002B705148063B07F0EBFFFF233A002B7046
:100D60002900FE3B4C4807F0E3FF42463B787261A6
:100D70005B0654D4D0248026E2232406B6023A002F
:100D80002900A66144482B70E13B07F0D1FF2023E6
:100D900066613A002900A6613F482B701F3B07F0AF
:100DA000C7FF3E233A002B7029003B483D3B07F02C
:100DB000BFFF66617AE74346332173613A781309CE
:100DC000120113435AB292009B088A430B4013430B
:100DD000552258B25C0843007878934314401C4372
:100DE00003090001034358B280009B080B4088436D
:100DF000034359B249005B08134091430B43DBB2F4
:100E00009A465246059BE4B21C70069B1A70049BDE
:100E10001B78002B03D0089B187800285CD1434630
:100E2000B36117233A0029002B701B48163B07F0CB
:100E30007FFFFF233A002B702900FE3B164807F086
:100E400077FF42463B787261DB0766D46123B2616B
:100E500029002B703A00603B0F4807F069FFFF2321
:100E60003C009A460CA8844652460F210CABDA731C
:100E7000094801232A00614407F05AFF2B782370A8
:100E800001344C45EED196E7D88E0010088F001043
:100E9000388F001080841E0000C00340B88F0010FF
:100EA000C08F0010688F0010861300201C130020D4
:100EB0008B130020381300208C1300208D1300208A
:100EC00087130020881300203413002030130020E3
:100ED000988F0010DB0500000B9B2200197800237F
:100EE0000093534607F010FE039A099B1A600C9B6F
:100EF0001B68D31AFA225200934290D9039A0C9B92
:100F000021001A600D98524604F07AF887E7D02342
:100F100080221B0692049A61BFE62723B261290052
:100F20003A002B700748263B07F002FF40233A00A7
:100F30002B7029003F3B034807F0FAFE43467361DC
:100F400018E7C04600C00340094A83009A1810B54C
:100F500014684022544080322240064CC000A4460F
:100F600063441A60044B9C466044416010BDC04617
:100F700004C0014004D00140004001400123D022C0
:100F80008340120693629361094A83009A1811689C
:100F90004022514080320A400649C0008C466344DA
:100FA0001A60054B9C460523604443607047C04669
:100FB00004C0014004D00140004001400FB400B51E
:100FC000084883B003F098FF049B002B07D005A9C5
:100FD0001800019103F0E4FD034803F08DFF0120A8
:100FE00003F0F6FD009000101090001070B5EFF3C4
:100FF000108C72B60D4D2B68002BFCD0BFF35F8FA9
:101000000724CB08C618C05C01230C40A3401C0079
:101010000440034207D118433070BFF35F8F2C6048
:101020008CF3108870BD1000FFF7C8FF2C0100D0B2
:10103000F8B54746CE46884680B5EFF3108C72B6B9
:101040001C4D2C68002CFCD0BFF35F8F9A4222D835
:1010500007210126894602E00132934218D34D460A
:1010600037001540AF40D4080119045D2742F3D181
:1010700010003C430C70BFF35F8F00220D4B1A60D1
:101080008CF3108800280EDBC0BCB946B046F8BD12
:1010900001204042EFE7BFF35F8F00232B608CF30A
:1010A0001088012040424346002BEDD00898FFF7FE
:1010B00085FFC0462C0100D0044A1078431CDBB2E7
:1010C000172B00D9102313707047C046C8050020A5
:1010D00010B5064B064C82B00100009318221F2366
:1010E0002000FFF7A5FF02B010BDC046149000100D
:1010F000E41000200021044B044ABFF35F8F02C3B9
:101100009342FAD17047C046000100D0800100D060
:10111000054B064A1360064A136053609360D36020
:1011200013615361936170478080808000E400E028
:1011300004E400E01F2318401E3B8340002905D033
:10114000C021044A4900535013607047802201496E
:101150008B50FAE700E100E070B50D00EFF3108668
:1011600072B60F4A1368002BFCD0BFF35F8F0D4B94
:1011700010309B6884001B590B4A934203D09D4258
:1011800001D001F0BFF8074B9B681D51BFF35F8F83
:10119000BFF35F8F0022024B1A6086F3108870BD88
:1011A000240100D000ED00E0C1010010F0B5574669
:1011B0004E46DE464546E0B585B006000091170074
:1011C000EFF3108B72B66A4A1368002BFCD0BFF3A2
:1011D0005F8F0025674B5D579A46002D00DAA9E026
:1011E0006B00654C01935B199B009846A146C14476
:1011F0004B4652469B7910361370604BB6009B6885
:1012000099590B1B2F2B33D95D4B994200D0ACE081
:10121000019B42469C465B4B6544AD0063535A4B71
:101220000232A218043B9B1A1B05584A5B0D651934
:1012300013436B80564B0121AB80FF23AB71009BA6
:10124000EF71AB604B460B4319004C4B9B689951B7
:10125000BFF35F8FBFF35F8F0022454B1A608BF3A4
:10126000108805B0F0BCBB46B246A946A046F0BD0A
:1012700001200A008243D3798C46BB4231D84546CF
:10128000130044491B1B5B415943090D3D4B6353FC
:101290003D4B02356519043B5B1B1B053B4D5B0D4C
:1012A0002B43AA464D466B800425AC465546E04488
:1012B000131F44441B1B1B055B0D1D434B469971BB
:1012C00000999D8099604946DF71334B014313605B
:1012D000BBE75800C01880002018C179B9422FD947
:1012E00002000623D356002BF3DA02932B4B614600
:1012F0000393131D9A4604235B429C46E1445046E7
:101300004B461B1A1B055B0D9C46204B957198465E
:101310006346404603439380019B5A199200039B06
:10132000A418A380029B1C4AA371009B2260E77152
:10133000A3608AE700F0E6FF002553465D574FE7BC
:10134000908802934005131D9A46031561469C46FA
:101350004046D444634604302018181AE0230005A0
:10136000400D1B0218430390C5E700F0CBFF4FE789
:10137000240100D08A130020CC05002000ED00E0FD
:10138000C101001000A1FFFFFC05002000E0FFFFED
:1013900001BDFFFFAAAA00000148804701BD00006F
:1013A000F0B5DE4657464E464546E0B50C0083B0E4
:1013B000EFF3108872B6634A1368002BFCD0BFF3BA
:1013C0005F8F614B61499A68030010339F00D559C4
:1013D00001938D4243D0A54254D05D4EAA1B2F2AC3
:1013E0003DD85C4B9B461B68994601231A009C46DE
:1013F00082404B4613401F22994663460240934069
:101400009A4680225B4650469850BFF35F8FEFF3B9
:1014100005839B46002B37D0019B5B4501D000F034
:1014200071FF01232A009A439068844208D176E034
:101430004B005B189B00F3189868844236D01A0062
:10144000062151560029F3DA844254D04B46002B32
:1014500027D0C02251463F4B5200995019603A4B59
:101460009B68DD51BFF35F8FBFF35F8F0022354B69
:101470001A6088F3108803B0F0BCBB46B246A94698
:10148000A046F0BD0D00EAE72A0063469A43906843
:101490008442D5D106201056130000280ADA0D0028
:1014A00031E0802351462B4AD150D8E70620185608
:1014B000002821DB42001118890074188B46A168AE
:1014C0009960E179D971062161569971002924DB6F
:1014D000A488F11A640524155C44091909051E4CF9
:1014E000490D2143998013181C4A9B001178F31869
:1014F00099711070AAE713005946002914D1FF31E1
:1015000091711749918015490A789A71154A9B1B68
:101510005B415A43120D0A7098E71149E2E7062031
:10152000105613000028C5DA0F4A1049D21A083A9B
:101530005002400D014399800D4952080A43DA8058
:1015400084E7C046240100D000ED00E0C101001096
:10155000CC05002000E100E000E0FFFF8A1300203E
:1015600001BDFFFFAAAA00000606002000F0FFFF51
:1015700000F8FFFF70B501240443EFF30581EFF39A
:10158000108C72B6214A1368002BFCD0BFF35F8F1A
:101590001F4B05001F4AED1A6D416A43120D1E4D87
:1015A0008900AE6852B27658A6421CD00621595620
:1015B00091421CD012215956914222D01E215956D7
:1015C000914220D02A2159560324914210D0134B26
:1015D00019781A708171BFF35F8F00220B4B1A606C
:1015E0008CF3108870BDAB680D4C5C50EFE70024A5
:1015F0006100091989005B18FF21997109499980D7
:10160000E5E70124F4E70224F2E7C046240100D014
:10161000CC050020AAAA000000ED00E08A130020FB
:10162000C101001001BDFFFF024B9C4661448900CF
:10163000016070474000003470B5114C114DAC4250
:101640000FD2FF262368002B0CD0FFF735FD0100D9
:101650002000FFF7E9FFA680BFF35F8F0834AC429C
:10166000F0D370BDFFF728FD01002000FFF7DCFF7D
:101670002671BFF35F8F0834AC42E3D3F1E7C04675
:10168000880600209006002010B50400FFF714FD26
:1016900001002000FFF7C8FFFF232371BFF35F8F16
:1016A00010BDC04610B504000120FFF711FD034B2B
:1016B000C3189B002360BFF35F8F10BD4000003450
:1016C0000A4B1968EFF3108072B60A68002AFCD042
:1016D000BFF35F8F1B68BFF35F8F00221A6080F338
:1016E000108840BF002000217047C04674130020BE
:1016F000F0B5DE4657464E464546E0B587B0EFF3B7
:101700000583032201251A40954091008846A94689
:10171000B34B03925C58B34B1D60B34B04934B46E1
:10172000B24843630823E55E002D37DAA3881BB275
:10173000002B00DBADE0A379002B00D0EEE0082306
:10174000E05E002820DB430062691B18DB00D31831
:101750009E68DD68731C00D111E1A448010041447A
:10176000826A0B69B71A9B1A9F4215D30123026A3A
:10177000039883401A420FD09C4800F047FB8D42EB
:1017800002DCCCD18642CAD940BF07B0F0BCBB4610
:10179000B246A946A046F0BD0E61EDE762696B0056
:1017A00092465B19DB009A4453469E68DF6800F05E
:1017B0002DFB8F42BADC00D103E1002F00DAE8E014
:1017C0005246534652691B699346049A934200D18C
:1017D000D9E052460821605E528800045946104301
:1017E0009847009001910099019A0B001000134353
:1017F00000D1CEE013000A00B61A9F41002806DB94
:101800007A4800F003FB009E019F36184F41534673
:101810009E60DF6000229A5E002A00DA86E75300AD
:1018200099186069C900411802938B68C9689B4682
:10183000B94200DD7AE702D1B34200D976E7082346
:101840009C46A444059565462281A446029B2C0033
:1018500006E053009918C90041188D68C968AB4665
:101860009B18DB00C318B94206DC00D1B3E01C00B2
:101870000023E25E002AECDA230064469C465346CD
:101880001A806346059D1D80A3881BB2002B00DAD9
:1018900051E72269EFF3108172B61368002BFCD078
:1018A000BFF35F8F0123A7885B42A3803FB2236908
:1018B000BFF35F8F00221A6081F31088002F00DAD7
:1018C00039E72300083322009A4666697B00DB195A
:1018D000DB00F318996850468C460824115FDD68D8
:1018E000002910DB029306E0AB4244D00023E15E06
:1018F0002000002906DB4C006418E4003419E3687A
:10190000AB42F1DD029B078000201F5E1980002F93
:10191000DCDA1400A379002B00D110E70023A371B7
:1019200026000823E15E08364B1C00D12CE7080096
:10193000A246656902E03E004B1C1AD04B005B18C2
:10194000DB00EF180A008C46E95E7B881BB2002B97
:10195000F1DA01235B42DC17BB60FC60824205D0F8
:10196000534631801B893B8053461A8160464B1C8D
:10197000E4D15446E5E6A3686345B7D9C2E76B1CDA
:1019800000D0EAE6F8E65B4658461B69984700280F
:101990001BD153461B8822692381EFF3108372B653
:1019A00011680029FCD0BFF35F8F514662880A801E
:1019B00022696580BFF35F8F0021116083F3108877
:1019C000B4E6864200D8F8E6B0E65B461A685B6883
:1019D0000092019307E7B34500D848E74CE7C046BB
:1019E000581300203C700540F116001000400540DF
:1019F00070B52E4C2569002D04D00A212C48FFF724
:101A000013FE70BD2B4E0321300000F0F5F9E660A7
:101A1000FFF752FB284B03229C46D02322701B0663
:101A20001B6801216370254B6044A3600F23800075
:101A300020610220638063694942A18019800231DC
:101A4000198647311D83585218315A5275325C3904
:101A50009952183201319952183201319952183283
:101A600001319952083518329D520231183299527B
:101A7000183201319952183201319952183201311C
:101A800099521832013199521832013199520C4B46
:101A90000C49DC6001303562FFF75EFB0121032059
:101AA000FFF748FB084B1D60A7E7C046140600205F
:101AB000741300200040054040000034FFFF100078
:101AC00058130020F11600103860054070B5010071
:101AD0000469EFF3108C72B620680028FCD0BFF3C5
:101AE0005F8F02200D5E4C6968004019C000241809
:101AF0000869002D36DB26884E80BFF35F8F0026F5
:101B000006608CF31088E3606388049801332061D9
:101B10005B0405985B0CA26060611A1C002B1FD04F
:101B200093B22804628018430A69EFF3108C72B6EE
:101B30001368002BFCD0BFF35F8F8B8823808D80D0
:101B40000B69BFF35F8F00221A608CF310880B784B
:101B500001329A40CB6808498C4663441A6070BDD4
:101B60000122DDE7BFF35F8F002303608CF3108851
:101B700001204042F3E7C0463C20000010B54389F5
:101B80000A1493421ADD53009B184269DB00D318F4
:101B90000469EFF3108C72B62268002AFCD0BFF300
:101BA0005F8F5A88090494B2090C8A4208D00369ED
:101BB000BFF35F8F00221A608CF31088002010BDE5
:101BC0008022120214435C80012302698371BFF3F7
:101BD0005F8F002111608CF31088044902788C46D5
:101BE0009340C268012062441360E8E73C20000093
:101BF000F0B5C64600B582B0040000F00FF9FA2235
:101C000006000F00200000230021920001F0F0FAEE
:101C10008019794104000D1E02DA01242E4D644220
:101C200006267642F71736196F41AF4214D811D005
:101C300000F0F4F832003B00121A8B41002B15DC47
:101C4000002B46D02000290000F026F902B080BC0D
:101C5000B846F0BDA642EBD90026002700F0DEF81A
:101C600032003B00121A8B41002BE9DD00F0D6F860
:101C700032003B00121A8B41002B0ADB0023019338
:101C8000164B3200009316483B00FFF71FFF013050
:101C9000D8D000233900B0469C46124A1248536AF5
:101CA000994204D8966A4645CCD29942CAD1066870
:101CB000EFF3108772B63368002BFCD0BFF35F8F51
:101CC0000368BFF35F8F66461E6087F3108820BFEE
:101CD000E5E7002AB6D0C9E7FFFFFF7FC116001075
:101CE000140600200040054074130020F0B557464C
:101CF0004E46DE464546E0B506000F0085B0EFF3E0
:101D0000058399468B46002B12D0384900204B6A38
:101D1000BB4206D38A6ADB1B591E8B41B24240414B
:101D2000184305B0F0BCBB46B246A946A046F0BD7C
:101D30002F4B9A46DB68984653461B7840460393E0
:101D400000F064F84246039B040004339B009B5858
:101D50000D001B1A39003000001BA941894510DC19
:101D60000DD020BF214A0020536A5B45D9D3926A27
:101D7000DB1B591E8B41B24240411843D1E78342DD
:101D8000EFD900F04BF832003B00121A8B41002BC8
:101D90001ADB00230193174B3200009350463B009F
:101DA000FFF794FE011E0FDD104B5A6A5A451BD3F4
:101DB0009B6AB34216D35046FFF7E0FE0B4A002061
:101DC000536A5B45ADD3D2E7084A0020536A5B45AE
:101DD000A7D30020926ADB1BB24240415A1E9341B6
:101DE00018439EE75A45E6D120BFE4E7004005408E
:101DF00014060020C116001010B5024A0248FFF771
:101E0000F5F810BD30900010E81000200300416A82
:101E10000A00986A596A8A42FAD17047034B596A94
:101E20000A00986A596A9142FAD170470040054009
:101E300070B504000D00174A536A1900966A536A78
:101E40008B42FAD13000190024184D41AB4216D80C
:101E500013D0104B2A005B6A9D4203D90D494B6A8F
:101E60009342FCD3934207D10A4A02E0516A994255
:101E700002D1916AA142F9D370BDA642E9D9054BBE
:101E80005B6A1C005A1CEFD0012201246442E51752
:101E90005242E3E700400540064A536A9942FCD8A3
:101EA00007D1044B02E05A6A914202D19A6A9042E9
:101EB000F9D8704700400540F8B5040006200D0031
:101EC00000F078F9002844D0374B3849E3185A1EFF
:101ED00093418022120494465B429B0D344A9B0539
:101EE00063441360334A136018000A689043FBD1BF
:101EF0002D4B314AE31859424B4180215B00490088
:101F00000620995200F056F92900C00000F04CFB61
:101F10000130C3091ED1402701226262A362266BF1
:101F2000F30722D4E36A254B0620E51800232B6033
:101F3000266300F03FF93900800000F035FB702384
:101F4000E26A5A400E3313402B601D4B2363032378
:101F5000A364F8BD1B4A93421ED900231A4A1B4FA3
:101F60006262A362266BF307DCD5194B144AE318AF
:101F70001A60656AA36A0620AD01ED1800F01AF92F
:101F8000144900F011FBAD020100280000F00CFB29
:101F90000021FFF74DFFC5E74006800E9F011A00A4
:101FA0003F180300B9E7C0460080FCBF08C00040EE
:101FB00000E0004000F00040781300202C100000EA
:101FC00001030000FEFF0000FFFF0000C0FF3F0014
:101FD000303000004E0E0000F8B5DE464E46574643
:101FE0004546E0B58B4605000A991800160000F03A
:101FF000DBFA0A9B6C001F02324B64199C46A4005A
:102000006444636881469F4200D967602B1FDBB23E
:102010009846012B30D9C02380229B01E31812017E
:102020001A60294BAD0059599A4600291BD17301FA
:10203000E026226853401E40802342465B01E3189D
:102040001E60012A30D9802380229B01E3181201EF
:102050001A6053464A4667605A51F0BCBB46B246C6
:10206000A946A046F8BD586900F09EFA0130430029
:102070001B18033BFDD2DAE75B46012BCBD1C02313
:1020800003229B01E3181A60023AA3681A42FCD0AB
:102090007301E0262268AD0053401E4080230A4AA7
:1020A0005B019246E3181E605A46216851400322A4
:1020B0000A401A6001225B469A40A3681A42FCD08B
:1020C000C1E7C04600800040EC100020F0B5464655
:1020D0004F46D646C0B51F00344B44009C462418DA
:1020E000A4006444636888461600FF2B02D880234E
:1020F0005B006360031FDBB29A46012B30D9C0231B
:1021000080229B01E31812011A60294B850059595E
:10211000994600291BD17301E026226853401E40D6
:10212000802352465B01E3181E60012A30D98023C8
:1021300080229B01E31812011A6080235B00636018
:102140004B465F51E0BCBA46B146A846F0BD58695F
:1021500000F02AFA013043001B18033BFDD2DAE7F6
:102160004346012BCBD1C02303229B01E3181A6005
:10217000023AA3681A42FCD07301E0262268850067
:1021800053401E4080230A4A5B019146E3181E60BB
:1021900042462168514003220A401A600123424608
:1021A0009340A2681342FCD0C1E7C04600800040C3
:1021B000EC100020014B8000C0587047EC1000204C
:1021C000F8B5040021481E0017000D0000F0ECF9DE
:1021D0000100380000F0E8F9069B36041B031E439B
:1021E0002368002B20DB1A4B1A49E3185A1E93412F
:1021F0008022920194465B421B0B174A1B036344E7
:102200001360164A13601F000A689743FBD1144BF2
:102210002560E2182123A06013602368002BFCDAFC
:102220000823E6601360F8BD3F2322681340AB42E9
:10223000D9D1A3681B051B0D8342D4D1EE22E368DC
:10224000D2021340B342CED1EDE7C046001BB70027
:102250000040FDBF08C0004000E0004000F000402A
:10226000043000008023024A9B000B43D362704776
:1022700000800540002310B50100988A1B8B984709
:1022800010BDC046162310B50100188802331B8804
:10229000984710BDF8B54746CE4680B50F1E18D0FA
:1022A00014239946043304000025012698464B4622
:1022B0001888434621681B88984701C4431E9841EB
:1022C00001350640AF42F2D13000C0BCB946B0463D
:1022D000F8BD0126F8E7C046AA23064A1B01136091
:1022E0008D235B00D3600449044B19605368002BB5
:1022F000FCDA70470040024000B0FA000060024083
:102300007047C04610B50148FEF758FE54900010C3
:1023100070B5074D074EB54209D20024013E761B29
:10232000B60808CD984723000134B342F9D170BDF7
:10233000608D00109C8D0010054B064A06491A60FE
:10234000064A074B1A6010000B689843FBD1704790
:1023500000E00040BFCDFBFE08C00040FE7F3C0017
:1023600000F00040044BDB6C002B03D18022034BB8
:10237000D2021A607047C046000011504C20115024
:10238000044A054B1A60054A1368DB018033FBD110
:102390007047C046FFFFFF0100F0004008C000404A
:1023A0004022034B9A675A671A67DA667047C0463D
:1023B00000F0014010B5FEF79DFE10BDF8B52749AD
:1023C000274C284D641AA6103200302E00D9302236
:1023D0002800920000F07CFFBC2C3BD830202F233B
:1023E0002C196407204A801BE40F9B1B052B16D970
:1023F0003700002C02D0B300771CEA50001B3319C1
:102400009B004108EB18C900C9181A605A600833CC
:102410009942FAD1012303421CD09843C619B30054
:10242000EA50731C2F2E15D09B00EA50B31C2E2EA1
:1024300010D09B00EA50F31C2D2E0BD09B00EA50CD
:10244000331D2C2E06D09B00EA50731D2B2E01D07D
:102450009B00EA50054B9D60F8BDC046000100108E
:10246000C001001000000020C101001000ED00E0DC
:10247000002310B5294C82B0A367FFF72DFF01227E
:10248000274B1A60636C012BFCD10322254B1A6089
:10249000224A936B012BFCD1013300930121224A84
:1024A00022480433FFF78CFE052301210093204AC4
:1024B0002048FFF785FE0022022104201E4BFFF773
:1024C00005FE0022012105201C4BFFF7FFFD002225
:1024D000002107201A4BFFF7F9FD002200210820F8
:1024E000174BFFF7F3FD8023DB0000930022002150
:1024F0000920134BFFF770FD0022104B002106202E
:10250000FFF7E4FD0420FFF755FE0E4900F04CF8FC
:1025100001000020FFF7A6FE02B010BD00800040C1
:102520003CB0004030B00040002F685900800240AD
:10253000008C864700C00240001BB700405973075B
:10254000006CDC0240420F0001480421014B184797
:102550003006002095220010124A936F9B0815D276
:102560009066D166002905D0FFE7FFE7FFE7516FCE
:10257000106F704704B580210906C217514000282A
:1025800000D0C84306F0BCFB002104BDF0B5146EBA
:10259000556E576F166FFFF7E3FF14665566576762
:1025A0001667F0BD000000D0114A936F9B0813D24C
:1025B00010665166002905D0FFE7FFE7FFE7516F7E
:1025C000106F704704B5002801D00020C04306F00A
:1025D00097FB002104BDC046F0B5146E556E576FD1
:1025E000166FFFF7E5FF1466556657671667F0BD6F
:1025F000000000D094464A4A926F9208624601D287
:1026000028E0C046F0B5464E346E756E776F366F73
:1026100000F020F89446424A1466556657671667DC
:102620006246F0BD94463E4A926F9208624601D2DD
:1026300054E0C046F0B53A4E346E756E776F366F23
:1026400000F04CF89446364A14665566576716678C
:102650006246F0BD002B24DB11D000293EDA00B524
:10266000C943404200D1013100F038F8C94340422B
:1026700000D10131DB43524200D1013300BD002AB9
:10268000EBD1002801D1002905D00020C90FC907CE
:1026900001D1C043410800B506F02AFB0022002307
:1026A00000BD00B500290ADBDB43524200D10133F3
:1026B00000F014F8C943404200D1013100BDC943C4
:1026C000404200D10131DB43524200D1013300F0DE
:1026D00005F8DB43524200D1013300BD002923D16C
:1026E000002B18D1002A0CD0BC460D4F38667A66F4
:1026F00000210023FFE7FFE7FFE77A6F386F6746A7
:102700007047002801D00748010000B506F0F0FA34
:102710000022002300BD02000B00002000217047B2
:10272000000000D0FFFFFFFF002B00D0BFE0130C24
:1027300028D1002AE7D080B4114F39667A66FFE7C6
:10274000FFE730B4040C7B6F396F1B0423433B66F7
:102750007A66FFE7FFE7FFE7C04684B27B6F3D6F15
:102760001B0423433B667A66FFE7FFE7C04600236E
:102770002C042D0C7A6F386F00196941B0BC70477A
:10278000000000D0F0B594460025140E01D11202CD
:102790000835140F01D112010435940F01D19200B4
:1027A0000235D40F01D152000135D40B0134254F2D
:1027B0007C66254C3C660E0C93B2FFE7FFE7FFE713
:1027C0003C6F6643360C7703BE467343DF0B5B04F6
:1027D000C01AB941130C7343DB18C91ACE086643FB
:1027E000360CB64493B273431F0F1B01C01AB94194
:1027F000130C73431F0B1B05C01AB941860D8F02C2
:102800003E436643360C092D24DB520A7243801A7C
:102810007703460A6643360C16235B1BDE40DF4017
:10282000BF1964466643821B7046043506330100B7
:10283000D940A840C01900D30131A24206D20023DA
:10284000F0BD0000000000D0FFFFFFFF121B0130B1
:10285000F3D3F1E709277F1BFE406446A2B272431F
:10286000801A00D20139220C7243130C1204821A0E
:1028700099410B007046043513370100F940A84018
:10288000801900D30131002B02D1A2420AD2F0BD3F
:10289000013000D30131121BFAD2013BF8D1A24220
:1028A00000D2F0BD013000D30131121BF7E7F0B5C3
:1028B0001C0C00D080E00CB400251C0A04D11B02C3
:1028C000160E3343120208351C0B04D11B01160FE0
:1028D0003343120104359C0B04D19B00960F334304
:1028E00092000235DC0B02D192185B4101351C00CD
:1028F000971864410134464F7C66464C3C660E0C8A
:10290000FFE7FFE7FFE7C0463C6F6643360C7703FF
:10291000BE4697B27743C01B00D20139C01B00D21C
:1029200001399FB27743C91BC91B170C77437E043B
:10293000FF0B801BB941CE086643360C0C2D33DBF0
:10294000B644120B1F053A431B0B97B27743C01BCB
:1029500000D201399FB27743C91B170C77433E045D
:102960003F0C801BB941860D8F023E4366432927E9
:102970007F1BFE400C3D7746AF40BF1930BCA2B272
:10298000ABB272437343801A9941220C7243130C09
:102990001204801A994102000B000137001BA94163
:1029A000F9D2781E0021F0BD0C277F1BFE40774630
:1029B0007F0BAF40FF19E0E700245D1C07D0144FE8
:1029C0007D663966FFE7FFE7FFE7FFE73C6F95B2FB
:1029D0009EB265436643401BB141150C1E0C654316
:1029E000664336042F0C3E432D04401BB1419942EF
:1029F00004D202000B0020000021F0BD01D1904262
:102A0000F7D3801A994101349942F2D3F6E70000D6
:102A1000000000D0FFFFFFFF48404140484018B48D
:102A20001B4B5B68FC46019308BD04DFC32C001000
:102A300018B4174B1B68FC46019308BD00DFCD2C72
:102A400000109446134A926F920809D2624618B455
:102A50000F4BDB68FC46019308BD0CDF852F00108F
:102A60000C4AF0B5146E556E576F166F6246FFF73D
:102A7000EEFF084A1466556657671667F0BD18B42E
:102A8000034B9B68FC46019308BD08DF292E00100C
:102A900010080020000000D0FFB5504042405040D8
:102AA00059404B40594000E0FFB5154F4C00640DB4
:102AB00003D0BC4204D10C0314D80020090D090531
:102AC0005C00640D03D0BC4204D11C030AD8002270
:102AD0001B0D1B0501264B4009D44B4003D58B42EF
:102AE00000D18242FFBD9942FCD19042FFBD0B4311
:102AF000DB1803431343F5D0C9434918FFBD000059
:102B0000FF07000000B5FFF7CFFF804100BDC046C2
:102B100000B5FFF7C9FF01D9002000BD012000BDAD
:102B200000B5FFF7B9FF01D9002000BD012000BDAD
:102B300000B5FFF7B1FF804100BD012040054A000C
:102B4000121804D85A00121801D80020704701202A
:102B5000704700000021002805D17047C117484088
:102B6000401AFAD0C90713B5064B1B6898470CBC2E
:102B7000441CA2401005120B0349091B0905194307
:102B8000114310BD701300201F04000010B54C004D
:102B9000620D8023D218DB00D21A5B057E2A10DD7D
:102BA0009E3A13DACC170903490819435242D1401F
:102BB000640001341532202A05DAD040084360430E
:102BC00010BD002010BD0846604310BDC80FC018DE
:102BD000013810BD18B4044B5B6AFC46019308BD74
:102BE00024DF35310010000010080020132370B5D9
:102BF0001D78012D19D014DD1F48FFF743FB060097
:102C00001E48FFF73FFB1E4C80223100200000F0E1
:102C10005FFB022D2DD01B48FFF72CFB1A4B1860D1
:102C200070BD1A4B164CA364F5E7184B144C236087
:102C30006360A360E36023616361A361E361236276
:102C40006362A362E36223636363A363E363236456
:102C50006364A364E36423656365A365E365236636
:102C60006366A366E36623676367A367E367A3649A
:102C7000D1E7064BA364CEE753440000534600005F
:102C8000100800204C33000070130020912C00101D
:102C900007B5604601880A0A0230DF2AFAD1C9B2B4
:102CA000820804D3028840880004104300E00068D2
:102CB000014A5050039007BD100800200FB403BC18
:102CC0000CBCF0B50124E407634000E0F0B50C0D46
:102CD000CF0F661E3605891B640503D3C9434042E6
:102CE00000D30131640D03D0661CF60A07D0E41B43
:102CF00000207F00791C89078912803C24031D0D68
:102D0000DF0F6E1E36059B1B6D0503D3DB4352425E
:102D100000D301336D0D03D06E1CF60A07D0ED1BF6
:102D200000227F007B1C9B079B12803D2D032F1BE5
:102D3000661B58D4A446202E46DA20371400BC4027
:102D40001D00BD40F24033412A4380185941CB0F4A
:102D500005D0C943C04300226442504151416246FC
:102D60004D0D28D10D0D07D100281FD02419404149
:102D70004941013A0D0DF9D0640006D3013000D36A
:102D80000131002C01D140084000013A0BD4941CC1
:102D9000E40A04D112051144DB071944F0BDD90738
:102DA000204B194300E0D9070020F0BD0029DDD1F8
:102DB000002CDBD1F0BD0132C6074008CD07284307
:102DC0004908002EE1D0D9E73C2E29DA203E4037D1
:102DD0001400BC4000D00124F24014431A00BB4050
:102DE0001C43D317ACE7AC46202F08DA203604008A
:102DF000B4400D00B540F84039412843A5E73C2FC9
:102E00000CDA203F40360400B44000D00124F840E2
:102E100004430800B1400C43C117EAE71000190051
:102E2000002494E70000F07FF0B50C0D661E360517
:102E3000891BE60A6405640D02D0651CED0A04D006
:102E4000002001210905803C2403A4461C0D671EB7
:102E50003F05DB1BE70A6405640D02D0651CED0A23
:102E600004D0002201231B05803C240377406444E6
:102E700097B484B296B27443070C7E43150C6F432B
:102E800080B26843361802D3012000043F18300492
:102E9000350C00197D41844688B29AB250430C0C1F
:102EA00062431F0C7C438EB27E43921902D30126EB
:102EB0003604A4191604170C3618674101BC81B2F8
:102EC0009AB25143040C62431B0C5C4380B25843DA
:102ED000121802D30120000424181004130C401807
:102EE00063412D185E410020474106BC88B293B271
:102EF00058430C0C6343120C544389B251435B1882
:102F000002D301210904641819041A0C091862413A
:102F10006D1856410020474118BCF902720D11434B
:102F2000F0026A0D1043ED020A0D03D16D19404104
:102F30004941013B124E9B1B7600B3420ED26D00FD
:102F400007D30130002671416646354301D1400860
:102F500040001B05C918E4072144F0BD0BDA01331A
:102F600006D1013004D101314F0D01D04908F2E7FB
:102F7000E1070020F0BD013631050020EBE700003D
:102F8000FF030000F0B51C0D671E3F05DB1BE70AC1
:102F90006405640D02D0661CF60A04D000220123E9
:102FA0001B05803C2403D0252D060026F6432E6603
:102FB0001E096E66CE0FF619B44649004F0D02D0B9
:102FC0007E1CF60A03D000200021403F3F033E1B39
:102FD000B600B444013F7F05C91B49082E6F013676
:102FE00076089C02950D25437543ED137543AD138B
:102FF00001356D10F603761B0CB4CC02450D2C4345
:10300000A2B2B3B25A43270C7B43350C6F43A4B230
:103010006C431B1902D3012424043F191C041D0C0A
:10302000A4187D4124196D41009A91B2ACB261435C
:10303000170C7C432B0C5F4392B25A43A41802D363
:1030400001221204BF182204230C52187B41019C58
:103050006C431B19520ED9010A434401A01A81B2D4
:10306000B2B2514303145A43360C734387B27743C9
:10307000D617D21900277E4136049B191704160C67
:103080007F185E417316ED18F301002680337541F9
:10309000A90F06D16400690AE8055B0A184309D242
:1030A0002FE00422944480337541A90AA8059B0AA5
:1030B000184326D3404149412404009A019B0D0046
:1030C0005543641B4343E41A95B286B27543170C0B
:1030D0007E43030C5F4392B25A43B61802D30122D7
:1030E0001204BF183204330C52197B4152429C41E6
:1030F000002C02D40022013051414008CA0710437D
:10310000490802B06246D7079210084BD218084B04
:103110009A4203D212058918C919F0BD0020002A6D
:1031200001DC3900F0BD01331905F5E7FD030000AE
:10313000FE070000002200B5203200F004F808006D
:1031400000BD000000220B150AD410B5944600F013
:1031500031F81414013400DA0021CB17144C204745
:103160000020002170476244343A0CD40C2A07DA5C
:1031700004009140904052422032D440214310BD7F
:10318000D843D94310BD203207D40C469440524254
:1031900020321141D040204310BD0800C917203211
:1031A00003D452422032104110BD1800190010BD46
:1031B000673100100A0DCC0F531E1B05C91A5205AA
:1031C00003D3C943404200D30131520D03D0531CF5
:1031D000DB0A07D0121B00206400611C89078912DA
:1031E000803A1203014BD21A70470000FF0300001F
:1031F00051434343C9188C46110C83B24B4310B45E
:10320000040C614392B280B2504362431C041B0C15
:10321000001910BC59411304120CC01851416144EB
:1032200070470000132310B512481C78FFF72AF8E6
:103230000100012C0AD003DD80220F4800F048F87D
:103240000E48FFF717F80E4B186010BD0A4C5422B9
:10325000200000F03DF80B4B6365A365E365236632
:103260006366A366E36623676367A367E367236216
:10327000E361E5E753460000100900204C330000ED
:10328000701300208932001007B5604601880A0AD1
:103290000230DF2AFAD1C9B2820804D302884088FA
:1032A0000004104300E00068014A5050039007BD3D
:1032B0001009002001480421014B18474006002056
:1032C00095220010014B1B681847000040060020A3
:1032D000014B5B6818470000400600207047C0465D
:1032E000F8B55746DE464E464546E0B599460A9B38
:1032F00007009A460D9B884693460B9C9B073BD143
:103300000C9B9C423DD21E1B0B9415000C005E448E
:103310002A004B46013521002020B847B542F7D19D
:10332000A0460B9C002C20D0454636195346321B34
:10333000013C185D29004B46B847002CF6D12B0004
:10334000350098460D9B9B070FD55B46EC1A0C9BEE
:10335000A3420AD9464698462A004B46310020200F
:103360000134B84701354445F6D32800F0BCBB46CC
:10337000B246A946A046F8BD16001500002CD3D1D0
:10338000E0E716001500002CCED1EEE7F0B545467B
:10339000DE4657464E46E0B585B09C4610AB1B78DE
:1033A000149F934698460F9C129E139DBB074CD4C6
:1033B000002D42D1B44248D201233B4099460E9B96
:1033C000013B9A46302304E0524601341355A6428D
:1033D00001D9202CF8D14B46002B00D183E00E9B65
:1033E000013B99463023A54205D82EE04A460134D8
:1033F0001355AC4229D0202CF8D1FB060CD57B0507
:1034000054D4A64263D0A54261D0119B102B50D05A
:10341000022B57D0202C32D1202301930E9B5A46E9
:103420000093039763460295FFF75AFF05B0F0BC7F
:10343000BB46B246A946A046F0BD01233B40994693
:1034400001233B422AD1B442B9D3FB061CD57B05EC
:10345000DBD4002CD5D1119B102B5BD0119B022B00
:103460006BD0302301240E9A13704346002B10D1E9
:103470007B073ED52B260E9A631C1655CDE72300FD
:10348000013430260E9AD654202CC5D04346002B4A
:10349000EED02D260E9A631C1655BEE74346002B30
:1034A0002FD0013DB44200D289E798E7119B102B41
:1034B000B2D1BB0637D5202CAED058230E9A135567
:1034C0000134A7E7202CA7D02300013407E0631EB6
:1034D000012CC0D0119A102A31D0022AD1D16226F3
:1034E0000E9AD65496E7FB06CED57B0500D488E726
:1034F0008BE723003E0790D520260E9A0133165500
:103500008BE70C233B405A1E9341ED1AB44200D284
:1035100055E764E7BB060ED478230E9A0224137095
:1035200030235370A1E7202C00D175E778230E9A41
:10353000135501346EE75823EFE76033EDE70E9A39
:10354000A61E91464E44BA0602D55822327098E71C
:103550007822327095E7C04610B5002800D110BD22
:1035600001F080FCFBE7C0460B0010B5002802D03C
:1035700049681B68984710BDF0B55746DE464E4671
:103580004546E0B595B083460F00924698461E9A90
:103590001F9B10001900209EFFF7CFFA002800D0D3
:1035A000EAE11E981F990122C54B5242FFF7AAFA81
:1035B000002800D014E11E981F990122C14B5242ED
:1035C000FFF7B6FA002800D0E9E01E981F99002204
:1035D000BD4BFFF7ADFA002800D0C8E01E981F9938
:1035E0000022BA4BFFF78EFA002800D0BFE01E98E9
:1035F0001F9900220023FFF785FA002800D0E4E09D
:1036000000230B93229B5B0500D406260024302365
:1036100007E0172106AA013452181355013E202C49
:1036200001D0092EF5D81E981F99FFF7AFFAA84BC5
:10363000F2009B181A685B68050008920993FFF76F
:103640008DFA02000B001E981F99FFF7E8F9089AFF
:10365000099BFFF714FA06900791FFF7BBFA814622
:10366000FFF778FA02000B0006980799FFF7D7F9E1
:103670000022984B06900791FFF75AFA002800D1D4
:103680000DE101239C46E1444846FFF763FA02003E
:103690000B0008980999FFF73BFA002802D0002395
:1036A00099460135002E00D1D9E006954D46B94620
:1036B00014E006AA944617230A2163442800013423
:1036C0001F19FEF771FF3031397028000A21013EC1
:1036D000FEF76AFF092D00D817E10500202CE8D17C
:1036E0004F46069D20240CAE06AA17239446634439
:1036F00099465B46B34606930FE04B4628000A21E5
:103700000134E618FEF728FF3031280031700A2115
:10371000FEF722FF051E00D1E4E0202CEDD1069B30
:103720005E469B460323229A1340012B18D1219B0E
:10373000002B15D00B9B002B00D1FDE0219B013B02
:103740002193202B0CD93023219A07E0172006A9BA
:10375000013409180B55944200D3CCE0202CF5D14C
:10376000229B01940393219B0096029322E0229BCB
:1037700052460493219B3900039358461E9B1F9C7D
:10378000029600930194434600F04AF90400200099
:1037900015B0F0BCBB46B246A946A046F0BD229B80
:1037A0005B070FD403224C4B22990192039121997C
:1037B000009302914346524639005846FFF790FD68
:1037C0000400E4E70422454BEEE71E9A1F9B00200D
:1037D0000021FFF724F901231E901F910B9311E79D
:1037E000229B54469B0711D1219B042B0ED9219B70
:1037F00055469C465E46043C64442A0043460135D7
:1038000039002020B047A542F7D1B346344D2600F9
:103810002B1F99465B46A3461C003200E8784346BE
:103820003900013DA04701364D45F6D123005C46E5
:103830009B46229B04349B07A9D55346219AE31A41
:103840009A42A4D95E461500220043463900202042
:10385000B04753460134E31A9D42F5D897E7280054
:10386000FFF77CF902000B001E981F99FFF7D7F8AD
:103870000022184B06900791FFF744F90CAE002880
:1038800000D031E7069807990022124BFFF750F954
:10389000002800D028E7012301359D4324E70022BA
:1038A000069807990B4BFFF72DF9002800D0F9E691
:1038B0004B46002B5CD101239C46E144F2E6C04616
:1038C000FFFFEFFFFFFFEF7F65CDCD4165CDCDC1A0
:1038D000989300100000E03FB0900010A8900010F6
:1038E000B8900010069B5E469B460323229A134025
:1038F000012B00D181E0202C00D131E70B9B002B64
:1039000027D02D23335501342AE74F46069D202C1E
:1039100000D1E7E63022331907E0172006A9013469
:1039200009180A55202C00D1DCE6A342F5D12E223D
:103930000CAE0134F254D7E60C23229A134257D02E
:10394000219B013B2193A34200D9FCE6202C00D10E
:1039500006E7229B5B0703D52B2333550134FFE693
:10396000229B1B0700D4FBE6202333550134F7E6E6
:10397000DB0700D496E69EE7229B55469B0711D1B4
:10398000219B032B0ED9219B54469C465E46033D4A
:10399000654422004346013439002020B047AC4240
:1039A000F7D1B346B9465F461C4EEC1C2A00B078EE
:1039B000434649460135B847013EAC42F6D1229B09
:1039C000BB464F469B0700D4E1E65346219AE31AD3
:1039D0009A4200D8DBE65E461500220043463900D5
:1039E0002020B04753460134E31AAB42F5D3CEE66C
:1039F000219BA34200D9A6E6B2E6219B002B00D171
:103A000079E70B9B002B97D0219B013B21939C4294
:103A100000D298E6202C00D073E7A1E6B490001005
:103A2000F0B5DE4657464E464546E0B599B081466C
:103A30008B4692469846229A239B10001900FFF766
:103A40007CF8002800D0CAE0229823990122824BFA
:103A50005242FFF76DF8002800D0C0E02298239969
:103A600001227E4B5242FFF74DF8002800D0B6E00D
:103A70002298239900220023FFF744F8002800D061
:103A8000C9E1229B239C08930994089809998023F3
:103A9000269ADB001A400D928022269C12011440C7
:103AA00022000B94269C07000E001C4200D0ADE0C3
:103AB0000B00034300D0D5E0002A00D00AE2220028
:103AC00006332493022313400C930223134200D0A5
:103AD00002E2259B042B00D20FE2043B0B93002350
:103AE00004250A930022229823990023FFF70AF85D
:103AF000002800D003E25A4B269A134004930B9BF4
:103B00000393249B0293089B099C009301945946BC
:103B1000434652464846FFF72FFD02002020269BD1
:103B20001F27034059424B415B421840531C0893E6
:103B3000594643464530C8470A9AD317D4185C40C3
:103B4000D30F0A936B1E0B9308AB9C46002567446A
:103B500001E0202D0FD020000A21FEF725FD0135C0
:103B60007E193031317020000A21FEF71DFD26003C
:103B70000400092EEDD8052306930B9B59460593A7
:103B8000002304930A3303930A9B4846029310AB25
:103B90000093089A43460195FFF7F8FB0C9B002B16
:103BA0002DD05346C41A259BA34228D94D465F46C3
:103BB00081461E00534639001A192020434601341D
:103BC000A847A642F6D8534648462599C21A01325C
:103BD0000023914200D386E1013018180FE0269BA4
:103BE0000493259B0393249B0293229B239C009385
:103BF00001944346524659464846FFF7BDFC19B06A
:103C0000F0BCBB46B246A946A046F0BD01432BD14D
:103C10000B9B2200002B00D154E700230A93249B26
:103C20000A9A0024934200DD85E12298239900221C
:103C30000023FEF767FF002800D035E1269B084AE5
:103C400002941A408023DB0013430493259B0393C3
:103C5000089B099CCBE7C046FFFFEF7FFFFFEFFF0C
:103C6000FFF7FFFF06232493B44B70009C46400DE2
:103C70006044FEF773FFB24AB24BFEF700FFB24A50
:103C8000B24BFEF7D5FE3603B14B360B334304007F
:103C90000D00380019000022AE4BFEF7C0FEAE4A00
:103CA000AE4BFEF7ECFE02000B0020002900FEF7F1
:103CB000BFFEFEF76BFF0A90FEF750FFA84AA94B24
:103CC00004000D00FEF7DBFE0022A74BFEF7B0FE5E
:103CD000FEF75CFFA54A0600A54B20002900FEF771
:103CE000CEFE040030000D000C96FEF737FFA14A0F
:103CF000A14BFEF7C4FE02000B0020002900FEF7D6
:103D00008EFE02000B0006000F00FEF7B8FE320028
:103D100004000D003B0030003900FEF789FE002250
:103D20000E900F91954B20002900FEF78AFE00228D
:103D3000934BFEF77DFE02000B0020002900FEF7EA
:103D400080FE00228F4BFEF773FE02000B00200066
:103D50002900FEF776FE0D008021040032003B00B2
:103D60000020C905FEF75BFE02000B0020002900C1
:103D7000FEF75EFE02000B000E980F99FEF761FE43
:103D80000022734BFEF754FE7F4B0C9C9C46644410
:103D900000222305FEF773FE06000F0002000B0051
:103DA00008980999FEF7AEFE00280AD00A9B300059
:103DB000013B39000A930022714BFEF742FE0600D8
:103DC0000F000A9A330063323900C62A12D8022241
:103DD0002698042510400B9A0C90002A25D1259B8B
:103DE000042B05D9002800D0A1E0259B043B0B93B0
:103DF000042541E00222269810400B9A0C90002ADC
:103E000012D1259B052B76D9002872D1259B05253B
:103E1000053B0B9334E0802212069446229B0893C4
:103E2000239B6344099330E605250B4300D1F6E656
:103E300008980999554A564BFEF772FE002808D09B
:103E4000089809990022534BFEF75CFE002800D029
:103E5000E5E6249B002B1CD00D9B002B19D0249B46
:103E6000013B2493259BAB4204D90C9B002B5AD0D9
:103E700002230C9300230B930A9B002B00D131E605
:103E80000898099932003B00FEF7DBFD0890099184
:103E900028E6259BAB42EDD90C9B002B43D0002399
:103EA0000B9302330C93E7E78020269B3A4A0006E7
:103EB0001A40802384460294089C099D2900DB0057
:103EC00013430493259B6144220003930B0000924B
:103ED00001938EE60524A8E600230B930A93023390
:103EE00004250C93FEE553468C46013B63441B1AA4
:103EF00072E602230C930525C2E70423EDE580203A
:103F0000089E099F000639008446269A224B614488
:103F1000134004930B9B32000393249B02930B00EA
:103F200000920193F3E5259B5B1B0B93A4E702230F
:103F300004250C93A0E79C1A013C76E601FCFFFFE8
:103F4000FB799F501344D33FB3C8608B288AC63F88
:103F50000000F03F0000F83F61436F63A787D23F46
:103F600071A379094F930A400000E03F1655B5BB95
:103F7000B16B0240EF39FAFE422EE63F00002C40C2
:103F80000000244000001840FF0300002D431CEBFC
:103F9000E2361A3F80842E41FFF7FFFFF0B5DE4680
:103FA00057464E464546E0B5A5B01E002E9B9246AC
:103FB0000C93CD4ACD4B80468B461A60002900D128
:103FC000EAE1002330789946002800D1ECE1C84BA3
:103FD0004C460B93C74B454657460E930AE0631C6D
:103FE000984622003B005946A847444630780028AE
:103FF00000D187E001362528F1D108239A46043BF9
:104000009946023B9846013B00229C460D9430782D
:10401000711C0300203BDBB2102B03D80B9C9B00D0
:10402000E3589F460300303B89460D9C092B3AD943
:10403000002398462A2800D1C1E000239A462E2862
:104040004BD00300683BDBB2122B1ED80E999B00AD
:10405000CB589F4663460E001A43D8E743460E00EE
:104060001A43D4E74B460E001A43D0E710230E0044
:104070001A43CCE753460E001A43C8E780235B007F
:104080001A43FF3B9C467078E1444E4667284FD860
:104090002428A4D90300253BDBB2422B9FD89649A4
:1040A0009B00CB589F46002394461E0000E0013140
:1040B000B3009B195B001E180878303E0300303BAC
:1040C000092BF4D90123624689469C460023B04659
:1040D0009A460E00E1442E28B3D130218020494277
:1040E0008C46C000024370784B46844461460929DF
:1040F00000D86CE12A2800D17AE101239C464E4683
:10410000E1449EE7A146A846BA46CA4503D8012322
:104110005B425344994653464A4659460020C0479D
:10412000200025B0F0BCBB46B246A946A046F0BD73
:104130000300693BDBB20D930F2B00D94FE7012140
:1041400099408C466D49894661464B4619400F910E
:10415000634649460B4200D028E10D9B0A2B3AD01A
:10416000072B00D03BE70C9B190008C98846002BA1
:1041700000D14BE121200243914614A98C461F2215
:104180000F2162448C4651460D950C91A2461500B4
:104190000F9902E020290CD0130064461C40200037
:1041A0003730092C00D80738013168541A090F2B11
:1041B000F0D80C9B54460D9D9A460F9133E10C9B11
:1041C00002CB8846002947DB0C9301239C4670787C
:1041D0004E46E14431E70C9B02CB14935346002B2F
:1041E00000D138E19C4608780B000C908C440028E4
:1041F00001D100F098FC89466146944603E05A7864
:104200000133002A01D08B42F9D1494662465B1A3C
:104210000C900F93530500D520E1022318001040A5
:104220000D90134200D1CBE30D930B1BB1469A4680
:104230005E460C9822003B003100A84753460134EB
:10424000185D0028F6D1B3464E460D9B002B00D0DA
:10425000C7E1149B0C93C9E60C9301239C462838B4
:1042600049420243884670784E46E144E5E670785C
:104270006C2800D17FE180235B001A43FF3B9C4602
:10428000E14402E780239B001A4301239C46707897
:10429000E144FAE67078682800D173E180231A437C
:1042A0007F3B9C46E144F0E6672800D103E14728C4
:1042B00000D15AE1452800D15AE104920721424633
:1042C0000C9B0392073352468B43190002920CC990
:1042D0002800009201930C9122003B005946FFF701
:1042E0009FFB040082E6C0469D3F00103C13002067
:1042F000F89100103C92001088920010419000004C
:10430000462800D1DBE00492072142460C9B039231
:10431000073352468B43190002920CC928000092C1
:1043200001930C9122003B005946FFF725F9040048
:104330005CE6631C984622003B0059462520A847AE
:10434000444653E60C9B04330D93631C9946920735
:1043500000D422E10C9B2200187859463B00A84764
:1043600043464444012B00D885E23300B8462E0072
:104370005F4625004C4699462200434601343900E9
:104380002020B047AC42F7D12C00BB463500474651
:104390004E460D9B0C9329E6DB4B30789846002364
:1043A0009946002800D012E60024AEE66F2800D11E
:1043B00088E000D80BE31023782800D1CFE09A439F
:1043C0000A239C4600230F930A330D9380E0564640
:1043D000B1008919490001330E181878303E0100E8
:1043E00030390929F4D9B2461E000133994628E62E
:1043F0000C9B023602CB8A46C9435046C917084077
:1044000082460C933078731C99461AE610231000EC
:10441000984311331843814680201300C0000340A5
:10442000024200D1A9E64B46069308230593534662
:10443000049310230393002302930F9B2200019304
:104440001CAB009359463B002800FEF79FFF4346F4
:1044500004000C93CAE501235B42C3E60F9B53455E
:1044600001D953460F930223180010400D901342B8
:1044700000D1B7E10D93D1460B1B9A463300A144FE
:104480002E0022004D460C98B9465F469B4608E038
:104490004B463900541CB0475346185D002877D06E
:1044A00022009542F4D15B46BB464F46A9463500F3
:1044B0004C461E00C9E680231B011A43FDE620235B
:1044C0001A4320E708239C4600230F9308330D93DB
:1044D00080231100DB0019401A4200D116E10D23A0
:1044E0009A431000802302009B001A401492184245
:1044F00000D0C2E1802302005B001A4091460C9A72
:1045000004320F92184200D0B7E2430600D59FE173
:10451000030600D419E30C9B1B880993002B00D0E1
:10452000FCE110339843002900D1F7E100239946BC
:1045300043460593534604930D9B06900393002333
:10454000D2E0582808D0622867D102239C46002375
:104550000F9302330D93BBE720231A43103B9C4675
:1045600000230F9310330D93B2E780231B011A43EE
:1045700020231A43A1E6C0239B001A43F31C99464B
:10458000B07882E5C0231A43F31C9946B0787CE5E5
:1045900035005E46BB464F4657E64346012B00D8E2
:1045A00063E1631E43449A463300B9462E005F46DA
:1045B00055469B46A24622004B4601343900202036
:1045C000B047AC42F7D135005E46BB464F46A146E8
:1045D00054460C9B4A46187859463B004444A84729
:1045E000D7E6A1460F9B984500D832E64444E41A2A
:1045F0003300B8462E005F4625004C4699462200FF
:104600004346013439002020B047AC42F7D12C009A
:10461000BB46350047464E461BE680231000DB00B4
:1046200018401A4200D10FE1112118008A430D925F
:104630000D9A802311009B0019408C461A4269D1C3
:10464000802311005B00194089460C9904310F91B9
:104650001A4200D0CAE113005B0600D5F0E0130057
:104660001B0600D459E20C9B00229B5ED9175A18F6
:104670004A4092B2D90F0C91002B00D1F9E1100001
:1046800014AA944642461F23149252466344A846F5
:1046900016944D460400B946B2461F00159201E03B
:1046A000202D0FD020000A21FDF77EFF01357E1955
:1046B0003031317020000A21FDF776FF260004001A
:1046C000092EEDD8149B4F46A94645469846159BA2
:1046D00056469A46169C0D9B0693434605935346B1
:1046E00004930A2303930C9B02934B4601931CAB48
:1046F0002200009359463B002800FEF747FE0F9B1F
:1047000004000C9372E4C046DD3200100C239A437F
:104710001000E7E607220C9B0733934301329446CF
:104720009C4462460C920CCBD90F0F911100194397
:1047300000D191E0D9171391129151401091139922
:104740005940119110981199129A139B801A99410E
:104750001090119114AA002394464246994614924F
:1047600052461F336344A846B24616944E46109CE8
:10477000119DB94615921F0001E0202E10D0200097
:1047800029000A220023FDF74DFF013630322B00AD
:10479000BA550D0022000400002BEED1092AECD8F6
:1047A000149B1094119545469846159B4F46B1466B
:1047B00056469A46169C0D9B0693434605935346D0
:1047C00004930A2303930F9B02934B4601931CAB64
:1047D0002200009359463B002800FEF7D7FD040055
:1047E000FFF704FC0F9B984500D8C1E18023DB0054
:1047F0000D9343460F9A1B199B1A994633002E00BE
:104800004D46B9465F469B460C9122004B4601340B
:1048100039002020B047AC42F7D143460C99013310
:104820000F930B7835000C935E46BB464F46002B2A
:1048300000D10EE50D9B002B00D1F6E4002319E614
:104840000C9B1B781A0015E710239A430D92EFE694
:104850000C9B1B78099361E6002399460028AAD196
:10486000002200231092119374E70C9B2200187809
:1048700059463B00A8474C468BE50C9AFA3BFF3B58
:1048800007329A430133994691444B460C9313687F
:10489000526815921A4306D11032904300220992B1
:1048A000002900D081E06122810600D54122D2B2E8
:1048B0000A9214AA91460A9A00210A3A1492424690
:1048C0001792524618925A460991B3461F311E005C
:1048D0000F9B4944BA4619941A9500246746984696
:1048E0008946159D16901B920AE03032D2B24B4693
:1048F00001341A55A8454AD0202C4AD006000D0094
:104900003A00002330002900FDF78CFED2B2092ABC
:10491000EBD9149B9C466244D2B2E8E7612382063D
:1049200000D54123DBB20A3B0C93434614A91F2256
:104930008C46159353466244A046B2464C461797A0
:10494000A9461700099D0D9E1490169308E0303378
:10495000DBB201343B55B5420ED3202C0CD0050000
:1049600031002800FDF720FECBB20929EFD90C9ABF
:1049700094466344DBB2ECE7159B4D46A1464446A2
:104980009846169B564614989A46179FD0E5B7420C
:10499000B2D9179B57469846189B5E469A461B9B72
:1049A00009949B461698199C1A9D434605935346B5
:1049B00004930D9B0690039300230293099B05E744
:1049C0000F9B984500D914E701330F932DE4102372
:1049D000110099430D91692800D0BAE0802310009E
:1049E000DB0018401A4200D122E61DE60C9B1B6832
:1049F000DA0F1100002B00D18CE0DA179818504024
:104A000014AA914642461F23149252464B44A04694
:104A1000A946169704006546B2461F000C911592F0
:104A200001E0202D0FD020000A21FDF7BDFD01354A
:104A30007E193031317020000A21FDF7B5FD2600C6
:104A40000400092EEDD8149B444698460C9BAC46B6
:104A50001900159B56464D469A46169F0D9B02918E
:104A6000069343460593534604930A2303936346F0
:104A70003CE6002800D02EE602E60C9B1B68994617
:104A8000002B03D110339843002938D161238206CB
:104A900000D54123DBB20A3B0C93434616935346A1
:104AA00014A91F228C4617932B006244A0464D4642
:104AB000B246189799461700149C0D9E159008E071
:104AC0003033DBB201343B55B5420ED3202C0CD031
:104AD000050031002800FDF767FDCBB20929EFD9A9
:104AE0000C9A94466344DBB2ECE7169B149444465C
:104AF0009846179B56464D469A461598189F43462A
:104B00000593534604930D9B069003930023029351
:104B1000149BEBE50028A1D172E70C9B1B68D91709
:104B20005A184A40A6E580231000DB0018409C4636
:104B30000F901A420FD00220030013400F9310422F
:104B400019D00023A1460F934CE50C9B1B680993D9
:104B5000E4E40A0034E40223180010400D901342EC
:104B600000D03EE54346002B00D042E6FFF771FB44
:104B700001330F937FE463460D93F3E710B50C0008
:104B800084B00394012402A9029000930348130007
:104B90006242FFF703FA04B010BDC0466935001049
:104BA00010B5094A0300146884B0002C08D0012213
:104BB00000910648524203A9A047012004B010BD4D
:104BC00000F09AF90020F9E73C1300205935001055
:104BD00000BEFDE710B5FFF7FBFFC04670B5FDF75F
:104BE00097FB074D074EB54209D20024013E761BC4
:104BF000B60808CD984723000134B342F9D170BDFF
:104C00009C8D0010A48D0010030010B50800110049
:104C10001B68984710BDC046F0B5C64600B5437D39
:104C200007000C001600002B46D0002A17DD0B7879
:104C30000A2B24D000239846012E13D001252900E9
:104C4000635C01350A2B26D0B542F8D1464509DC14
:104C5000A419013C23780D3B5A4253413B7580BC5B
:104C6000B846F0BD4346E018A419F11A013C3B6870
:104C7000984723780D3B5A4253413B75EFE7037D3C
:104C8000002BD7D102210F483B689847012EDFD077
:104C900001239846D2E7631E5B5C0D2BD4D0884578
:104CA00004DA4346C91AE0183B68984702210548D0
:104CB0003B68A8469847C7E703681100200098475B
:104CC000CDE7C046E8930010F0B5C6460B68060075
:104CD0000C0000B5802B06D05A1C2260E418267107
:104CE00080BCB846F0BD0F4B1D68002D16D00B1DC3
:104CF00098460D4F02E02D69002D0FD02B68002B38
:104D0000F9D03B68002B01D0AB42F4D128004146DA
:104D10002268FFF781FF2D69002DEFD101220023CA
:104D2000DBE7C0461411002018130020F0B54546FB
:104D3000DE464E465746E0B583B091461C0080469D
:104D40000D00FDF76BF80023304A12184B41002B81
:104D500002DA01222E4B52422E4908008A4603F005
:104D6000EFFF07006B1C03D1404603F081FF0500F5
:104D7000002C27D0284E294B1C68002C18D04B46FD
:104D8000002B21D1264B994602E02469002C0FD03C
:104D90002368002BF9D04B461B68002B01D09C42A6
:104DA000F3D120002A004146B0472469002CEFD1FE
:104DB000002F26D1280003B0F0BCBB46B246A9465E
:104DC000A046F0BD174ED6E7154B99460A239B46E1
:104DD00002E02469002CEBD02368002BF9D04B466D
:104DE0001B68002B01D0A342F3D12A0041462000CA
:104DF000B0476B465A462000DA71D91D0122B047F0
:104E0000E7E7504603F06CFFD4E7C04640420F008E
:104E1000FFFFFF7F88060020194C001014110020AE
:104E200018130020094C00100A4A1368002B05D102
:104E30000CE01A001B691032002B07D08342F8D116
:104E4000002902D118691060196170470029FCD04F
:104E50001060FAE71411002010B500F0ABF9012042
:104E600010BDC046F0B5CE46474680B583B06B4610
:104E70000600DD1D2870FCF7D1FF0023194A121827
:104E80004B41002B02DA0122174B5242174908000E
:104E9000884603F055FF164B81461C68002C14D041
:104EA000144F02E02469002C0FD02368002BF9D0A6
:104EB0003B68002B01D09C42F4D120000122290044
:104EC000FFF7AAFE2469002CEFD14B46002B05D139
:104ED000300003B0C0BCB946B046F0BD404603F058
:104EE000FFFEF5E740420F00FFFFFF7F880600202E
:104EF000141100201813002070B5040003F0B8FE50
:104F000001230100050001222000FFF70FFF084BDD
:104F10001C68002C06D06368002B05D098472469D4
:104F2000002CF8D1280070BD2469002CF3D1F9E7DA
:104F300014110020F0B5CE46474680B5A3B004005A
:104F40000D00FCF76BFF0023274A12184B41002B82
:104F500002DA0122254B5242254E300003F0F0FECA
:104F600000232200019307002B00224801A9FFF72C
:104F700005FE214B804699461C68019B002B1AD0E8
:104F8000002C2FD01D4D02E02469002C0FD0236887
:104F9000002BF9D02B68002B01D0A342F4D12000C4
:104FA000019A02A9FFF738FE2469002CEFD14B4685
:104FB0001C6800230193002C06D06368002B0BD0E3
:104FC00098472469002CF8D1002F07D1404623B020
:104FD000C0BCB946B046F0BD2469ECE7300003F030
:104FE0007FFEF3E70194EFE740420F00FFFFFF7FF2
:104FF00088060020C94C001014110020181300204E
:105000000FB400B583B004A901C90191FFF792FF65
:1050100003B008BC04B01847F0B5002915DD0E4BED
:105020000D271A680D4B0E4CD3185D426B41451885
:1050300020215B001E5F0478A64207D093691942C5
:10504000FCD101301460A842F5D1F0BD936919423A
:10505000FCD11760F2E7C046801300200080FCBF3F
:1050600078130020204B70B504000D1E1E682ADD49
:10507000002010211D4B013C1A689369194214D17C
:10508000013093691942FCD1136823548542F4D14D
:10509000002E08D050239363516B183B0B401449EA
:1050A0008C4662441360280070BD002E08D0502347
:1050B0009363516B183B0B400D498C46624413605F
:1050C0000028F1D10CE0002E0AD05022074B1B68BB
:1050D0009A63596B183A0A4005498C4663441A6032
:1050E00003204042E0E7C046DC100020801300208F
:1050F00034100000064B10B51B68002B06D00021B1
:10510000044A12689163044A1068984710BDC0466B
:10511000DC10002080130020E01000200822034B48
:1051200019688B691A42FCD17047C0468013002071
:10513000F8B51A4F1A4B3A680500D3185842434144
:10514000184E14331C003368002D02D0002B0FD0F2
:10515000F8BD002BFCD0002120009563FBF7EAFF8F
:1051600020001149FCF71CF9104B35601D60EFE77A
:105170000E4B200019600C493560FBF7EDFF012153
:105180002000FBF7D7FF50223B689A63596B183A0F
:105190000A4007498C4663441A60D9E7801300200F
:1051A0000080FCBFDC100020F5500010E010002053
:1051B000341000000D4B10B51B780D4B0D4C1B78B7
:1051C0000D4B02211B780D4B00202360FBF7BCFE2A
:1051D00002210120FBF7B8FEE12120684902FCF71B
:1051E0006BFE01210648FFF71FFE10BDD49400108E
:1051F000D094001080130020CC9400100040034095
:105200005006002070B50C4E0D001C003060002AC6
:1052100003DB02211000FBF797FE002C03DB0221C9
:105220002000FBF791FE29003068FCF745FE0121C4
:105230000248FFF7F9FD70BD8013002050060020E2
:10524000F0B54E468146474ADE464A44531E9A41CF
:105250008023574645465B029C46E0B5424B12040C
:10526000624485B01A60414B0C0041491A6010003D
:105270000B689843FBD180460620FCF79BFF4B460A
:105280005A6802231A4001924A4600908020043254
:105290000292384AE70D4A446602136093463B0087
:1052A00032000225400007E00099914206D3023502
:1052B00092197B41854201D0002BF5D043468026D0
:1052C0000393009B2F02AA4698467F1B760003E0BB
:1052D0005346FF1A012E3FD0390040463500013EAB
:1052E000FDF762F98442F3D22B0055469A465046A8
:1052F0003302984668434B4642461D611B68802630
:105300005340FF227601120213404E443360802343
:105310009B019C46029A019B6244136002215C46F9
:105320004B465B6821604C46276807246740C834B9
:105330003C40346003240B4013600F4B4B441C6013
:10534000116001000098FDF72FF905B0F0BCBB46D5
:10535000B246A946A046F0BD5546039B2800984694
:10536000C9E7C0460040FCBF00E0004000F000403C
:1053700008C000400430000024200000F0B598234D
:105380005746DE464E464546C94AE0B5D758973B94
:105390001C008DB03C403B4200D1B3E0136D9B0537
:1053A0009B0F00D0E1E0802209A852000121028079
:1053B000838003F0CDFCC022BE4B92001A654922C7
:1053C0009246403A91464832934608320192403A1A
:1053D0000092083A9046B84A41230792B74AB84E1D
:1053E0000692B84AB84D0592B84A0492B84A039258
:1053F000B84A02927A0500D4A5E08022AD4BB648A7
:1054000092051A65437F09AC9B468378B0469A465D
:10541000C38A994600F03AFF082200212000FDF7D8
:1054200051FF5A460223A2705246637063714B4685
:105430002271200001210B9303F08AFC069A2C00B4
:105440009246059A079B9146049A9346039A0192C5
:10545000029A0092FA0600D478E0954B9D6D0123E4
:105460002B4200D0EDE001239A46924B9B4E994689
:105470005B460324C3460293B84637002E0003E080
:1054800002342037212C19D0002E00D1D4E055460B
:10549000631E9D40354200D0A8E05546A5403542E8
:1054A000EED04B4638009D6500F0FAFF002800D092
:1054B0007FE0AE4302342037212CE5D1029B4746E2
:1054C000D8469B46002E00D0EEE00825019A5B46A8
:1054D0009246009A444691463D423AD17A0604D516
:1054E00080211C00734A09051165BB0600D5D4E074
:1054F000BC4200D0CCE00DB0F0BCBB46B246A946E1
:10550000A046F0BD48229246403A91464832934622
:1055100008320192403A0092083A90468822822648
:105520008025D200079208320692403A059248320E
:10553000049208320392403A40230292F600ED00B2
:105540007A0500D559E7FA0600D586E708253D42D9
:10555000C4D080220226574BD2021A65544BDB6C12
:105560001E420BD153464C46B8E700236A46012140
:105570009384138509A803F0EBFB1CE7564809AC9C
:10558000437FC5829B468378984600F07FFE0822C1
:1055900000212000FDF796FE5B46A370434666702F
:1055A0002371200001210B954C4603F0D1FB53469B
:1055B00094E77B7FBA78F98A3800039304920591C7
:1055C00000F064FE0822002109A8FDF77BFE0223FB
:1055D00008A843710599039B049A837102720B9189
:1055E00009A8012103F0B4FBAE4363E74B46380042
:1055F0009D6500F055FF002801D1AE434DE77B7F4C
:10560000BA78F98A380003930492059100F03EFEBF
:105610000822002109A8FDF755FE022308A84371BE
:105620000599039B049A837102720B9109A80121C9
:1056300003F08EFBAE4330E7029B4746D8469B46BD
:1056400043E7254C6268200012681A4A936500F00F
:1056500027FF002802D101239D4304E7637FE68AE8
:105660009946A378200009AC9A4600F00FFE082264
:1056700000212000FDF726FE022363704B46A37035
:1056800053460121237120000B9603F061FBE2E7F2
:10569000210013487940FBF791FC8022054B12064C
:1056A00010481A65FBF78AFC31000F48FBF786FCAF
:1056B0000000115000301150410400004904000066
:1056C000110400000904000001040000510400005E
:1056D000590400001904000018110020381100209E
:1056E0001891001004910010EC90001070B500F0BB
:1056F000ADFD0C230D4C0E4DA36729000520FBF7D3
:105700004FFE2900FF220520FBF750FD80220021DB
:1057100092000848FDF7D6FD03232364064B074A91
:10572000E36490230120E25070BDC0460000115098
:105730007D53001018110020008600207B0400001B
:105740007047C0467047C046044B186DC0239B008D
:105750001840431E9841C0B27047C0460000115027
:10576000064B10B5186D8005800F012802D0022865
:1057700001D1002010BD0248FBF720FC00001150B1
:105780002C91001070B50D1E50D03D23DB4CE35C16
:105790008B4200D10EE25D23E35CAB4200D1EDE130
:1057A0007D23E35CAB4200D1CCE19D23E35CAB42C3
:1057B00000D1A9E1BD23E35CAB4200D17FE1DD2351
:1057C000E35CAB4200D15CE1FD23E35CAB4200D182
:1057D00039E11E23FF33E35CAB4200D112E13E23EB
:1057E000FF33E35CAB4200D1EAE05E23FF33E35CCE
:1057F000AB4200D1C2E07E23FF33E35CAB4200D179
:105800009AE09E23FF33E35CAB4200D172E0BE23FB
:10581000FF33E35CAB424CD0DE23FF33E35CAB42AF
:1058200026D0FE23FF33E35CAB4200D070BDF023F3
:105830005B00E25C002AF9D0FF2201215200A25C49
:10584000501C8140AE4892004165AE4920008C4614
:10585000002162445160E1540433E358E13019609F
:10586000F4235B00E358FF30196000F00FFDDDE723
:10587000E0235B00E25C002AD3D0EF22012152003A
:10588000A25C501C81409E48920041659D492000C9
:105890008C46002162445160E1540433E358C13026
:1058A0001960E4235B00E358FF30196000F0EEFC60
:1058B000B7E7D0235B00E25C002AADD0DF220121F4
:1058C0005200A25C501C81408D48920041658D4978
:1058D00020008C46002162445160E1540433E358B7
:1058E000A1301960D4235B00E358FF30196000F049
:1058F000CDFC91E7C0235B00E25C002A00D186E783
:10590000CF2201215200A25C501C81407C489200B1
:1059100041657C4920008C46002162445160E1547D
:105920000433E35881301960C4235B00E358FF302F
:10593000196000F0ABFC6AE7B0235B00E25C002A70
:1059400000D15EE7BF2201215200A25C501C8140C1
:105950006B48920041656B4920008C4600216244EF
:105960005160E1540433E35861301960B4235B00A3
:10597000E358FF30196000F089FC42E7A0235B0088
:10598000E25C002A00D136E7AF2201215200A25C7E
:10599000501C81405A48920041655A4920008C466B
:1059A000002162445160E1540433E35841301960EE
:1059B000A4235B00E358FF30196000F067FC1AE78E
:1059C00090235B00E25C002A00D10EE79F220121B8
:1059D0005200A25C501C81404948920041654949EF
:1059E00020008C46002162445160E1540433E358A6
:1059F0002130196094235B00E358FF30196000F0F8
:105A000045FCF2E680235B00E25C002A00D1E6E67A
:105A10008F2201215200A25C501C81403848920024
:105A200041653849601C8C46002162445160E15454
:105A30000433E358FF30196084235B00E358196096
:105A400000F024FCCBE6E023E25C002A00D1C0E6B3
:105A5000FE220121A25C501C814029489200416530
:105A6000284920008C46002162445160E1540433EF
:105A7000E358E0301960E823E358196000F006FCB1
:105A8000A7E6C023E25C002A00D19DE6DE220121C8
:105A9000A25C501C81401A489200416519492000BF
:105AA0008C46002162445160E1540433E358C03015
:105AB0001960C823E358196000F0E8FB84E6A023CE
:105AC000E25C002A00D17AE6BE220121A25C501CD1
:105AD00081400B48920041650A4920008C46002114
:105AE00062445160E1540433E358A0301960A823A4
:105AF000E358196000F0CAFB61E6C04618110020A7
:105B000000301150000011508023E25C002A00D1C7
:105B100050E69E220121A25C501C81403348920035
:105B20004165334920008C46002162445160E154B4
:105B30000433E358803019608823E358196000F07B
:105B4000A5FB37E66023E25C002A00D12DE67E2229
:105B50000121A25C501C81402448920041652449E7
:105B600020008C46002162445160E154636E603035
:105B70001960A36E196000F089FB16E64023E25C11
:105B8000002A00D10CE65E220121A25C501C81405B
:105B9000164892004165164920008C460021624457
:105BA0005160E154636C40301960A36C196000F0DF
:105BB0006DFBF5E52023E25C002A00D1EBE53E22F7
:105BC0000121A25C501C81400848920041650849AF
:105BD00020008C46002162445160E154636A203009
:105BE0001960A36A196000F051FBD4E50030115030
:105BF0000000115010B501210520FBF79BFA10BDE4
:105C0000F0B557464546DE464E46E0B5D378080027
:105C10009B07990F88460F0083B0002B69D0202185
:105C2000794B595C002900D1C6E04021595C00291C
:105C300000D1C8E06021595C002900D1C5E0802175
:105C4000595C002900D1C2E0A021595C002900D193
:105C5000BFE0C021595C002900D1BCE0E021595CC3
:105C6000002900D1B9E080214900595C002900D108
:105C7000B5E090214900595C002900D1B1E0A02194
:105C80004900595C002900D1ADE0B0214900595CC0
:105C9000002900D1A9E0C0214900595C002900D1A8
:105CA000A5E0D0214900595C002900D1A1E0E02104
:105CB0004900595C002900D19DE0F0246400195D81
:105CC000002900D199E0FF214900595C4F4DCE00D9
:105CD0001C197519A5604E4D8901AC464D4D6644A1
:105CE000AC464D4D61444D40AC46B3466660E16004
:105CF0000BE0454B49494A4E99604A49B346D96041
:105D0000C02149008C461C005E6015799178A94637
:105D1000557992794E4692467F222D020A403543AC
:105D2000A170CE0951425141E1704146E176614690
:105D30006D05BF066D0D0F43A0212583554609064D
:105D4000B146607766703943002D31D15D462960D8
:105D5000012121709C4223D04B4615040543002BA2
:105D600002D180239B041D432F4B1E6DB605B60F39
:105D7000012E02D0022E43D1002600F0E5FDB042F4
:105D800002D08023DB041D432749A37F8C469A0061
:105D900062445560012201339A401300234A53653F
:105DA000012003B0F0BCBB46B246A946A046F0BDF8
:105DB000013D2D042943C9E70124611E6401C9B2D4
:105DC0001D19A97782E70224F7E70324F5E70424E5
:105DD000F3E70524F1E70624EFE70724EDE70824BD
:105DE000EBE70924E9E70A24E7E70B24E5E70C24BD
:105DF000E3E70D24E1E70E24DFE7D23CFF3CDCE7DC
:105E00000B48FBF7DBF8C046181100208800105043
:105E10000800105000021050000010508000105078
:105E2000000110508001105000001150002011504E
:105E30002C910010F0B54F46D6464646C0B582B00C
:105E400098466B461B8D0D009A467F231F00D10993
:105E50008946C24C1740134200D19DE05F3BE35C92
:105E6000002B04D03D23E35CAB4200D107E140238B
:105E7000E35C002B04D05D23E35CAB4200D10AE17C
:105E80006023E35C002B04D07D23E35CAB4200D1B4
:105E900008E18023E35C002B04D09D23E35CAB424C
:105EA00000D106E1A023E35C002B04D0BD23E35C1A
:105EB000AB4200D104E1C023E35C002B04D0DD231E
:105EC000E35CAB4200D102E1E023E35C002B04D0B1
:105ED000FD23E35CAB4200D100E180235B00E35C87
:105EE000002B05D01E23FF33E35CAB4200D1FCE066
:105EF00090235B00E35C002B05D03E23FF33E35C83
:105F0000AB4200D1F9E0A0235B00E35C002B05D09D
:105F10005E23FF33E35CAB4200D1F6E0B0235B00CD
:105F2000E35C002B05D07E23FF33E35CAB4200D162
:105F3000F3E0C0235B00E35C002B05D09E23FF331E
:105F4000E35CAB4200D1F0E0D0235B00E35C002BCC
:105F500005D0BE23FF33E35CAB4200D1EDE0E0238C
:105F60005B00E35C002B05D0DE23FF33E35CAB4238
:105F700000D1EAE0F0235B00E05C002806D0FE23BD
:105F8000FF33E35C0020AB4200D1F1E002B0E0BCA3
:105F9000BA46B146A846F0BDA3782600934242D047
:105FA0004B46F17E73707B427B41B270F370F268B6
:105FB0006B4B89065340A0220B43120613437268B1
:105FC0007577136001233370A6422CD04B463F04F3
:105FD0002F43002B02D180239B041F43614B1C6D78
:105FE000A405A40F012C03D0022C00D0C8E000248B
:105FF000280000F0A9FCA04202D08023DB041F434C
:106000005849B37F8C469A0062445760012201339D
:106010009A401300544A536530005246414600F0FE
:1060200035FA0120B2E752462000414600F02EFA30
:106030004E464E4A032494464A4B3F042F431F606A
:106040001B6D013EA6431B0A66441C40012C03D075
:10605000022C00D094E00024280000F075FC031B03
:106060005A1E93419B0133430122190091433D4A3B
:10607000D1640C210339FDD20120D36486E72223A9
:10608000E35C934200D0F2E601267601A619B378CC
:106090009342C1D084E74223E35C934200D0EFE611
:1060A0000226F2E76223E35C934200D0F1E6032686
:1060B000EBE78223E35C934200D0F3E60426E4E7B7
:1060C000A223E35C934200D0F5E60526DDE7C22378
:1060D000E35C934200D0F7E60626D6E7E223E35CD2
:1060E000934200D0F9E60726CFE781235B00E35C0B
:1060F000934200D0FCE60826C7E791235B00E35CEF
:10610000934200D0FFE60926BFE7A1235B00E35CD2
:10611000934200D002E70A26B7E7B1235B00E35CB5
:10612000934200D005E70B26AFE7C1235B00E35C99
:10613000934200D008E70C26A7E7D1235B00E35C7D
:10614000934200D00BE70D269FE7E1235B00E35C61
:10615000934200D00EE70E2697E7C04618110020A4
:10616000000010500000115000201150098600203E
:10617000F1235B00E35C0F26934200D006E784E73F
:106180000148FAF71BFFC0462C9100100020704711
:1061900010B5224B080011788024197051786400E2
:1061A000597091789970D178D970117919715179A4
:1061B000597191799971D2791949DA71194B1A4A41
:1061C000D96000219A605970184AD97618495C80C4
:1061D0005A6058771160012208211A7099829A76C4
:1061E000144B18601C6DA405A40F012C02D0022CC6
:1061F00011D1002400F0A8FBA04209D00E4A0F499B
:106200000C4BDA640C22033AFDD20120D96410BD94
:106210000B4A0C49F4E70C48FAF7D0FE0000105086
:106220008001105018110020800010500001105003
:10623000800100A00000115042860020438600200B
:1062400002860020038600202C91001080220A4B39
:10625000520410B51A60094B09491A6010000B6806
:106260009843FBD18022002152010648FDF72AF80D
:106270000922054B5A6710BD00E0004000F00040C5
:1062800008C0004000001050000011500023837629
:10629000436103617047C046F8B5CE46474680B5B6
:1062A0004368028B1D68838A161C9A4200D91E1C03
:1062B000C278802117007C1EA741B6B2C9003143C5
:1062C0007F030F4301214A409B1BC27042789BB25F
:1062D0008382002A32D1741EA046C1680269002E52
:1062E00027D0062C00D8B4E00B0013439B0700D046
:1062F000AFE0531CCB1A022B00D8AAE0B3089B00D6
:106300009C460023D458CC5004336345FAD144460C
:10631000C918E41AD218B34209D013780B70002CB4
:1063200005D053784B70012C01D093788B700269A3
:10633000838A92190261802212021743002B02D134
:106340008022D201174380224B4952010C6C3A4300
:106350008178A4071DD549061DD0484B1D408023D8
:106360009B051D4343681D6083681968490500D576
:106370007DE04349114019603F49096C890703D406
:106380000C23033BFDD283681A60C0BCB946B046FB
:10639000F8BDC909E1D0002BDFD0018B0C1C99425C
:1063A00000D91C1C8026A1B2C478F6000E435B1AEB
:1063B0008C4621004F1EB9414903314301267440E8
:1063C000C47044789BB28382002C35D101277F4270
:1063D0006744B9466746C66804694036002F26D030
:1063E0004B46062B3CD9631CF31A022B38D92300E9
:1063F00033439B0734D1BB089B0098460023E758E2
:10640000F75004339845FAD14B4647464644DB1BC8
:106410004444E04509D027783770002B05D06778D1
:106420007770012B01D0A378B3700469838A644428
:106430000461802424022143002B02D18023DB014C
:106440001943104B09042B40A025ED050A431D43B9
:1064500088E70023D45CCC5401339E42FAD166E72E
:106460000023E75CF75401339C45FAD1DDE78178DE
:106470000548FAF7A3FDC04600001150FFFFFFAF2B
:10648000FFFBFFFFFFFFFFDF3C910010002310B573
:10649000C3820133828283760161FFF7FDFE10BD66
:1064A000F8B5CE46474680B50200807E002800D170
:1064B000AAE0936819681968537889058F0D002B35
:1064C0003FD07B1E9C461469D568002F22D0062B36
:1064D00056D923002B439B0752D16B1CE31A022B86
:1064E0004ED90023090E8900EE58E65004338B4242
:1064F000FAD16146E418C91AED189F4209D02B78E9
:106500002370002905D06B786370012901D0AB7826
:10651000A3701469D38A118BFB18E4199BB2146120
:10652000D38254688F4214D32468640001D58F420B
:1065300016D0938A002B0FD01000FFF7ADFE00207D
:106540000AE0D38A118BFB189BB25468D3828F4226
:10655000EAD2002393822368C0BCB946B046F8BD96
:10656000946856782468240CA405A146A50D002E35
:106570000DD15B19D3828D42DBD200239382EBE7EE
:106580000023E95CE15401339F42FAD1C1E7D768A7
:106590006C1EB846A44616694037002D28D0062C3C
:1065A0002BD943464133F31A022B26D93B00334300
:1065B0009B0722D14B46190E00238900FC58F4504A
:1065C00004338B42FAD19D420FD06146FC5CC91A5C
:1065D000F61888463470F9189C4506D04B787370CD
:1065E0004346012B01D08B78B370D38A1669118B87
:1065F000EB187619D3821661BDE700217B5C7354DA
:1066000001318D42FAD1F0E791780148FAF7D6FCD2
:106610005C910010C27843691A707047F8B547461C
:10662000CE4680462F4D304C2B7880B5A1462F4862
:106630002F4F984502D12B79DB0703D4C0BCB94654
:10664000B046F8BD002902D06B788B42F6D1002A03
:1066500002D0AB789342F1D1002802D0012000E0B3
:1066600000BF4B461A78002A14D03B68002B36D165
:10667000012A0FD001241C261C2301E03B689B1932
:106680009B69012098474B4601341B78E4B21C36C5
:10669000A342F3D801214046FFF774F856220021A7
:1066A0002800FCF70FFE28000822FF210D30FCF720
:1066B00009FE28002022FF211530FCF703FE0D4CB7
:1066C000237B012BBAD101210B4D4942286802F0EE
:1066D0001FFB00232868637302F002FBAEE700246F
:1066E0000026CDE7280A00208413002000000000C7
:1066F000100A0020140A0020880C0020F0B545463E
:10670000DE4657464E46E0B504000D008DB0012828
:106710005FD17A4B1F78002D30D1794D6B7BD9B288
:10672000022B00D186E0032956D001291FD1754ED6
:10673000F388002B00D0CAE00121734B92B249428A
:1067400018689846EA8102F0E3FA03236B73434624
:10675000186802F0C5FA012332782100D2095A40A4
:106760000023D2013800D2B20093FFF763FB0DB0D3
:10677000F0BCBB46B246A946A046F0BD04AF3A0005
:10678000604B03CB03C202AB9C4611201600604451
:1067900002220021FCF796FD01213470584CF5705F
:1067A000E389594D736023684942F3606368286840
:1067B0003361A368B760736102F0AAFA0023286806
:1067C000637302F08DFA3369002BD0D03000984704
:1067D000CDE74E4B1F789EE74A4E7378092B2BD09E
:1067E000494B9A4604AF3B0006CE06C31E0002ABDF
:1067F0009C461120022260440021FCF763FD3470A6
:106800000024F470EB89012173602B684942F36026
:106810006B68B7603361AB6873615346186802F008
:1068200077FA534618686C7302F05AFA3369002BF2
:10683000CCD19CE7334E7FE73378002BD0D1012CAD
:10684000CED1334B0394994601239846393B4B44B0
:106850009B462D4B47469A462B00B0464D469946DF
:106860003C00183464005C446379FEB2DB070ED54B
:106870005B46320001211878FFF788FC012263791A
:10688000681E934363715346196800F0ADFE7C00A7
:106890005C4431346379DB0711D580235B421E43AE
:1068A0005B4601211878F2B2FFF770FC0122637990
:1068B0002800934363715346196800F095FE013731
:1068C0000235102FCCD146464D46039C8AE70E4B2D
:1068D00002391868984602F01BFA02236B7343468C
:1068E000186802F0FDF9802132782B680A40F1889F
:1068F000380000912100FFF79DFA38E7280A0020B0
:10690000140A0020800A0020880C0020240A00209D
:10691000600A00207047C046002310B513800B802A
:1069200001280CD1074C23799B07D80F002B05DADF
:10693000E388002B03D00B802389138010BD002037
:10694000FCE7C046280A0020012802D1034BD87872
:106950007047034BD8780007000FF9E7280A00209A
:10696000240A0020F0B54646D6464F46C0B5384BFF
:10697000040098461B780E00984211D0FF2B11D0CE
:106980004346310020001C70FEF7B0FE002804D101
:10699000E0BCBA46B146A846F0BD2000FFF72AF990
:1069A0000120F5E72B4D2800143DFAF77BFE280067
:1069B00000F05EFF284B1D60284D2800FAF764FEAA
:1069C000274B1D60274B002B3CD0274B18009946C6
:1069D000F9F786FE254B18600022254B00211A602E
:1069E00024481032FCF76EFC234D5622002128006B
:1069F000FCF768FC28000822FF210D30FCF762FC40
:106A000028002022FF211530FCF75CFC4B461A7849
:106A1000002AB5D0154B9A461B68002B15D1012AC8
:106A2000AED01C231C27012502E053461B68DB194E
:106A30005B6898474B4601351B78EDB21C37AB427B
:106A4000F3D89DE7084B9946C6E700270025EFE7F6
:106A5000840600207C060020940C00208C0C002072
:106A6000880C0020E106001084130020100A00208A
:106A7000240A0020140A0020280A0020F0B5CE467F
:106A8000474680B54378040083B0002B0DD183685E
:106A9000002B0AD00578002D0ED13D4BDB78DB06AC
:106AA00003D53C4E737B002B10D00025280003B08B
:106AB000C0BCB946B046F0BD012DF6D1364B1B79AE
:106AC000DB07F2D5334E737B002BEED10121334F20
:106AD0004942386802F01CF9737B3F68DAB2002B38
:106AE00003D0380002F0FCF8DFE70123357373733D
:106AF000E368F28133602369082273606369A168E7
:106B0000B360274B18009846FCF7E2FB380002F010
:106B1000E7F8012D2FD1204B18782369002B05D0E1
:106B200029004246FFF734FB0500BFE76B46DF1D37
:106B300004233B701B4B29004246B7607360FFF78C
:106B400027FB051EB1D0184B9846184B99463B7849
:106B5000042B13D143461B78FF2BF8D04B46186803
:106B600000F0DEFD0028F2D143461B78FF2BEED06B
:106B700000F064F8EBE7064B1878CEE76369002B6A
:106B800001D03A781A703B78E370F38963608DE73F
:106B9000240A0020140A0020280A0020880C002063
:106BA000800A00201566001084060020940C002046
:106BB00010B51C4C88B02078FEF7D2FD0F220300E0
:106BC000E0781340904318430022E0700A20164BEF
:106BD00000211A7068440532FCF774FB6A46134BB7
:106BE0000021138108232078938102AAFFF708F877
:106BF000002801D108B010BD0D4B0822009380235E
:106C000000211B0302A80193FCF75CFB6B46049375
:106C1000084B02A80593084B069307230793FFF739
:106C20002DFFE7E7240A0020891300200705000054
:106C300080060001880A0020956E0010F0B55746C6
:106C40004E464546DE46864BE0B59A46854B814624
:106C50000027984685B0844E01AD34686269EFF331
:106C6000108172B61368002BFCD0BFF35F8FA16157
:106C70002000290000F05CFD6269A369BFF35F8F0B
:106C8000176083F31088002860D06B78022B15D032
:106C90000CD8002B20D06A7929792878FFF7BEFC20
:106CA00034686269EFF3108172B6DBE7032BD4D14D
:106CB0006B68002BD1D0A8689847CEE77F2329794D
:106CC000AA780B40002A48D1002B3FD10020AA68A7
:106CD0006979FFF713FDC0E74346DB78DB0666D52D
:106CE000434628781B7898420BD141462A79497847
:106CF000914206D144466979A4788B468C4200D1F2
:106D00007FE0306800F00CFD346883466269EFF381
:106D1000108172B61368002BFCD0BFF35F8FA161A6
:106D20002000290000F052FD6269A369BFF35F8F64
:106D3000176083F31088002804D04A4669782878C1
:106D4000FFF7E8FD5B46002B00D186E705B0F0BCFD
:106D5000BB46B246A946A046F0BD012AF6D1504630
:106D60000079C007F2D5580050448346CC09A344AB
:106D70005C463034607990436071042062798243CC
:106D80006271002B63D05B46587D384B1B78834281
:106D9000DCD9374AC3001B1A10689B00C0180028B2
:106DA000D4D04469AB686A790120A04755E74346CF
:106DB0001022DB78414613434246D37028782B7962
:106DC0006A7908704B708A70002B00D045E7FEF797
:106DD000B7FC322000F0DCFB43461878FEF7B2FC2B
:106DE000E120400000F0D4FB43461878FEF7ACFCED
:106DF000002832D143461022DB7893434246D370B9
:106E00002BE71C4C217B002918D1617B002915D070
:106E1000002200211800FFF7B9F90121164B494261
:106E200018689B4601F074FF002363735B46186883
:106E300001F056FF6B7928789B462A7943465946DC
:106E400018705A709970002A00D006E7BFE7AA6848
:106E500069790338FFF752FCFFE6FFF7A9FEFCE66D
:106E6000280A0020240A0020940C0020841300200B
:106E7000100A0020140A0020880C002010B5044BD2
:106E800008001B78FF2B01D0FFF7D8FE10BDC046CD
:106E900084060020F0B54E46DE4657464546E0B52E
:106EA000C67804008DB0002E0AD1BC4B05781E7048
:106EB0004369033B092B20D8B94A9B00D3589F460E
:106EC000B84DEB78DB060DD5B44A1378022B09D800
:106ED00064200133137000F05BFB2000FFF7CEFD50
:106EE000002803D11022EB789343EB700DB0F0BC77
:106EF000BB46B246A946A046F0BD1021A94AD378A8
:106F00008B43D370F2E7012DF0D10422A64F3B79D9
:106F100013433B71A54B1A0059891D7A0832891811
:106F2000AD18A34BA94200D8E1E19A46A14B8B468C
:106F30009946B84603962A78002A00D1D2E16B78A8
:106F400001260B2B02D1EE78AD186B78042BCDD136
:106F50005B465A1B3100280092B200F0B9FB0700D3
:106F60000828C3D953461A7800240293002A1FD058
:106F70004B462F0081461D000196E30029681B1B2C
:106F80009B00CB18002B0BD04246DE6810784B4696
:106F90003A000121B047002800D080E153461A781A
:106FA0000134E3B29342E8D32B003D004F469946AB
:106FB000ED19AB45BFD84746039E029B787B1A78F4
:106FC0007C4B1968904206D2C3001B1A9B00CB1859
:106FD000002B00D081E1B87B904206D2C3001B1A7F
:106FE0009B00CB18002B00D076E1F87B904206D2B4
:106FF000C3001B1A9B00CB18002B00D079E1387C12
:10700000904206D2C3001B1A9B00CB18002B00D065
:1070100073E1787C824206D9C3001B1A9B00CB180F
:10702000002B00D06BE1B87C824206D9C3001B1A4A
:107030009B00CB18002B00D063E1F87C824206D97C
:10704000C3001B1A9B00CB18002B00D053E1387DE6
:10705000904207D2C3001B1A9B00CB180726002BB7
:1070600000D03AE110214F4AD3788B43D370524B72
:10707000002B00D13AE7012000E000BF36E7802274
:107080004A4E92007389934200D92FE74B4A04AFCE
:107090000492002206ACBA80FB8000212000083256
:1070A000FCF710F9464B25700A930B230836200095
:1070B000089709960B93FFF7E1FC17E7414B06ACE5
:1070C000049300231022002120000593FCF7FAF816
:1070D00004AB257008933A4B20000A930C230B93C2
:1070E000FFF7CCFC02E704AB9C460A2005220021F6
:1070F0006044FCF7E7F8344B06AC23800823A380F8
:10710000284B220000211878FEF77AFD002800D1D4
:10711000ECE62E4B08220493802300211B03200061
:107120000593FCF7CFF804AB0893294B2000099393
:10713000234B0A9307230B93FFF7A0FCD6E61B49CA
:107140000B7B092B00D1D1E6174B1A79D207D00F50
:10715000002A00D0CAE6134A14881C809478D2789A
:107160009C7001241207120FDA701A7922431A71E7
:10717000CA7B06AC5A71174B0590102200212000E3
:107180000493FCF79FF804AB08930D4B20000A937F
:1071900008230B93FFF772FCA8E6C0468913002072
:1071A00008940010240A0020280A0020800A0020E9
:1071B00084130020100A0020000000008006000256
:1071C000956E00100009010007050000800600010F
:1071D000880A002000050100022000F0D9F9A36808
:1071E0009E78012E00D081E60222474D00212B79A6
:1071F00006AC13432B71454B1878FEF7C3FA04AB6A
:107200009C460A200522002160446F79FCF75AF859
:107210003F4B2200012128782380A780FEF7F0FC55
:10722000002800D162E63B4B082204939023002102
:107230005B0320000593FCF745F804AB2670089328
:10724000354B20000993354B0A9309230B93FFF725
:1072500015FC4BE6012D00D048E6314E2A4B328A10
:1072600006ACDA80728A00211A81F28A20005A81E3
:10727000327E08361A732B4B0822049390231B038B
:107280000593FCF71FF804AB25700893234B2000EF
:107290000A930A2309960B93FFF7F0FB26E62B00CF
:1072A000019E3D004F469946E3B2002E0ED0444663
:1072B000AA78B618F6B2A118487BFF2800D015E6C8
:1072C0000132D2B24B73B242F5D1A0463A00290046
:1072D000154800F0E3F96BE6012631001B69012037
:1072E000984703E6114B4746039E029365E60293D7
:1072F00063E60226F1E70626EFE70326EDE704261C
:10730000EBE70526E9E7C046280A0020240A00200A
:107310000705000080060001880A0020956E001015
:10732000800A0020800600023D0A0020841300200D
:1073300010B5012813D10B4A1379DB07D80F002BA6
:1073400000D110BD7F20084B08401C68CB093533A5
:107350004000C0182100801800F01EF9F1E700205D
:10736000EFE7C046280A0020880C002010B501284D
:1073700013D10B4A1379DB07D80F002B00D110BDB6
:107380007F20084B08401C68CB0935334000C018EB
:107390002100801800F028F9F1E70020EFE7C0464F
:1073A000280A0020880C0020F0B5050083B00128D1
:1073B0000AD17F24104E0C406400C80934192418E7
:1073C00030346079C00702D5002003B0F0BD01273A
:1073D0006079384360713078009313000A0001210E
:1073E000FEF728FD0028F0D104226379AB436371D6
:1073F000637993436371E7E7280A002070B50400BE
:107400000D0001280CD10C4E2800F17800F008F98D
:1074100000280ED02A0021003078FEF7F1FB70BD65
:10742000064E2800F1780907090F00F0F9F8002846
:10743000F0D10020F3E7C046280A0020240A0020EB
:1074400001280BD17F22064B0A405200C9099B1824
:107450005B1830335879C007C00F70470020FCE735
:10746000280A00200A00F8B5012800D081E0434C2A
:10747000511CC9B2072900D97DE0414B1D78414B11
:107480001E6863185F7BBD4205D9FB00DB1B9B00B8
:10749000F318002B6AD1911CC9B208295AD063187D
:1074A0005F7BBD4205D9FB00DB1B9B00F318002B63
:1074B0005CD1D11CC9B208294CD063185F7BBD4296
:1074C00005D9FB00DB1B9B00F318002B4ED1111DCF
:1074D000C9B208293ED063185F7BBD4205D9FB00C5
:1074E000DB1B9B00F318002B40D1511DC9B20829AA
:1074F00030D063185F7BBD4205D9FB00DB1B9B00CE
:10750000F318002B32D1911DC9B2082922D063187B
:107510005F7BBD4205D9FB00DB1B9B00F318002BF2
:1075200024D1D11DC9B2082914D063185F7BBD4294
:1075300005D9FB00DB1B9B00F318002B16D1FF2A9B
:1075400008D1227DAA4205D2D3009B1A9B00F318D2
:10755000002B0AD110210C4AD3788B43D3700B4BEC
:10756000002B01D000E000BFF8BD07211B69984740
:10757000FAE700247CE70829F6D1EBE7280A002087
:1075800084130020100A0020240A002000000000BC
:1075900010B5FAF72DFB10BD037870B5DB070400BA
:1075A0000E00DD0F002B17D103785B0701D52800F3
:1075B00070BD01213000494201F0AAFB2378DB07AE
:1075C000DD0F002B0AD123785B0708D4042223782F
:1075D00001251343237002E00025E8E70025300071
:1075E00001F07EFBE3E7C04670B50C000121060008
:1075F0004942200001F08CFB33785B07DD0F002B44
:1076000004DB200001F06CFB280070BD3378DB0741
:1076100004D40422337893433370F2E70025F0E773
:10762000437902791B021343C2785B0592075B0D15
:10763000920F022A1DD0032A0CD00020012A08D163
:1076400002394A425141124A9446614499424041AA
:10765000C0B2704702394A1E91410E4A4942114058
:107660008022D20094460020614499424041C0B239
:10767000EFE7022905D0002040229A424041C0B2E3
:10768000E7E7054A981843425841C0B2E1E7C046CF
:10769000FF03000040FCFFFF00FEFFFF8A1870B5EB
:1076A000914207D27F264C78052C04D00C7809191A
:1076B0008A42F8D870BD34008D782C4064000419DB
:1076C000ED0963550C7809198A42ECD8F2E7C046F7
:1076D00070B54D1E0300EDB200291ED001780020C8
:1076E0000E00301880B25B18904205D30FE00818E6
:1076F00080B25B1882420AD91978002907D05C78D9
:107700000B2C0BD0042CF2D1DC78002CEFD1013DF6
:10771000EDB2FF2D02D01978E3E7002070BDC0461E
:1077200003894089181A43425841C0B27047C04685
:1077300070B5040000690E00002803D00121494201
:1077400001F0E6FA25896089A288A9B283B2854250
:1077500032D3CD1AADB2002D28D0AA4208D2914220
:107760002FD3891A8BB263819A4203D89B1A9BB29A
:107770009A42FBD9E28821685204520C53433000EC
:10778000C918FBF7A5FD63890125591C89B2A28898
:107790008B420DD900215200891A89B2206961817A
:1077A000002801D001F09CFA280070BD618989B2DF
:1077B00052009142F2DBEFE75500ED1A4D19ADB2E0
:1077C000C9E789188BB26381CEE7C046F8B50400DB
:1077D000C0680E00002803D00121494201F098FA48
:1077E000258920896189A288ADB283B28FB288428F
:1077F00029D3DB1B9BB29A4209D8E779FF0906D14E
:10780000E068002801D001F06BFA3800F8BD2B00C9
:1078100095421DD39B1A9BB29342FBD2E28820680B
:107820005204520C53433100C018FBF751FD6B1C3E
:107830009BB2A2889D4217D9002352009B1A9BB28B
:1078400001272381DCE75100C91B5B189BB2D2E7FB
:10785000E28820685204520C53433100C018FBF7F1
:1078600037FD0135A288ABB252009342E8DBE5E771
:1078700010B50400C068002803D00121494201F07E
:1078800047FA2069002803D00121494201F040FA5B
:107890000023E06863812381002801D001F020FAF1
:1078A0002069002801D001F01BFA012010BDC0465C
:1078B00010B51920F9F762FBD0238022E1211B06C5
:1078C00092045A620448054B0022186049020123C1
:1078D000FDF798FC10BDC046004003407C1300201B
:1078E00010B5024800F004F810BDC046681300202F
:1078F00010B588B004000D2200216846FBF7E2FCB9
:107900000D22002104A8FBF7DDFC4B236A466846E4
:10791000137004A90D2201F0DBF9152108222000C3
:107920006944FBF7D5FC08B010BDC0460120704784
:10793000A12210B5002103489200FBF7C3FC0120EF
:1079400010BDC046580D0020F0B545464E46DE46F7
:107950005746E0B598460E00150085B001295ED85F
:107960001379012B5BD992795D2A53D0472A5ED0D7
:107970006979582953D1422A51D104203C4A711EB9
:1079800092468A00029252185201521894000092B4
:107990005246125D9346032A41D8920001925A44FE
:1079A00052011219AC7852441475107100220391DF
:1079B0003100160042462C00A846002715008946D3
:1079C00004E02278BF18A4189E423FDAAF423DDAA5
:1079D0006278052AF5D121004846FFF70FFD0028FF
:1079E0001DD0637921791B020B43A2785B055B0DE7
:1079F000D10921D101990098594449018000091801
:107A000051448A754B8323780136FF18E4184346A6
:107A10001B79D9E7EA79812A27D0012A23D00020CF
:107A200005B0F0BCBB46B246A946A046F0BDEA7917
:107A3000D02AF4D10120A1E70199009859444901C5
:107A40008000091851444A750B83DCE70399029BB7
:107A500052465B185B015B1851469B00D25C0120CB
:107A60000132CA54DCE7032088E7022086E7C046DB
:107A7000580D0020F8B5CE464746060080B50128CF
:107A800021D8431E9D00ED186D01134AED18AB007F
:107A900099469046D35CC144002B0ED000240F4F72
:107AA000002F14D021003000F8F78CFE4246AB00C6
:107AB0000134D35CE4B2A342F2D8A12200214846AB
:107AC0009200FBF7FFFBC0BCB946B046F8BD0134DD
:107AD000E4B29C42E4D3F0E7580D0020C507001043
:107AE000431EF0B59C00E4188D0064016D18E41885
:107AF0006D01A4002B19C6469846124F00B5B84434
:107B0000434682B0597D0600FFF712FC002804D1DD
:107B1000002002B080BCB846F0BD0020434641467C
:107B20001C352A191B8B497DD21901900090300019
:107B3000FFF73AFC0028ECD143463000597DFFF7AF
:107B400015FCE5E7580D0020F0B54F464646D646F1
:107B500090461E4AC0B591461F00431E9C00E41883
:107B60008D006401E4186D186D01A4002B194B44BD
:107B70009A465B8B060082B0BB4206D2002002B060
:107B8000E0BCBA46B146A846F0BD5346997DFFF722
:107B9000CFFB0028F2D05C352D194D443A00414608
:107BA0002800FBF795FB5346997D00232A0001939B
:107BB000009330003B00FFF7F7FB0028DFD153466E
:107BC0003000997DFFF7D2FBD8E7C046580D002062
:107BD000F0B5C64606230C001700060000B582B0BB
:107BE0006B44190001AA20009846FEF795FE052374
:107BF00039002000384AFFF7A7FFB57C04E00120D8
:107C000000214042FFF73AF929002000FFF718FC55
:107C10000028F4D1132339002000304AFFF794FFE5
:107C2000B57C04E0012000214042FFF727F929003C
:107C30002000FFF705FC0028F4D14346284A1B88A2
:107C4000934206D0274A93421FD002B080BCB84668
:107C5000F0BD6A46B02392881B019A42F5D10623F3
:107C600039002000204AFFF76FFFB57C04E00120B7
:107C700000214042FFF702F929002000FFF7E0FB56
:107C80000028F4D143461B88DCE707233900200095
:107C9000164AFFF759FFB57C04E00120002140425D
:107CA000FFF7ECF829002000FFF7CAFB0028F4D109
:107CB0000623390020000E4AFFF746FFB57C04E09A
:107CC000012000214042FFF7D9F829002000FFF7EA
:107CD000B7FB0028F4D1B8E7909400107C94001012
:107CE0005E0400006F0E0000749400106C9400108D
:107CF00064940010F0B54546DE4657464E46E0B562
:107D00000700C8097D1E8346A8008046401940012F
:107D1000CB4E401980003018447D87B08C4200D192
:107D2000D0E1847D8C4200D1CCE10400B5342478CC
:107D30008C4200D1D8E10400B63424788C4200D1C2
:107D4000D2E104005634FF3424788C4200D1CFE1D4
:107D500004005734FF3424788C4200D1C8E1040079
:107D6000F634FF3424788C4200D1C5E1F730FF307F
:107D70000078884200D1BFE1FF218A460391FF21AC
:107D800089008946AF484146491949014919890086
:107D90000818041D341904944C46544464016418B2
:107DA000341921009C310A704B60002A00D04FE149
:107DB0005946012911D0A44A002A06D05C30321855
:107DC000039938009BB200E000BF012007B0F0BC6F
:107DD000BB46B246A946A046F0BD831D1C303118F3
:107DE00005912179F318032900D140E1022900D13E
:107DF00086E1012900D1B3E2042900D03CE1059AD3
:107E00005278142A00D037E11800083A0021FBF715
:107E100059FA5A46059B5B881A4203D00121E28831
:107E20000A43E2809A070DD541464A460220491985
:107E3000490152444919890052015218B218D18897
:107E40000143D1805A070DD541464A4604204919BD
:107E5000490152444919890052015218B218D18877
:107E60000143D1801A070DD541464A4608204919D9
:107E7000490152444919890052015218B218D18857
:107E80000143D180DA060DD541464A4610204919F2
:107E9000490152444919890052015218B218D18837
:107EA0000143D1809A060DD541464A462020491902
:107EB000490152444919890052015218B218D18817
:107EC0000143D1805A060DD541464A464020491902
:107ED000490152444919890052015218B218D188F7
:107EE0000143D1801B060DD542464B4680215219D5
:107EF00052015344521992005B019B18F318DA881F
:107F00000A43DA80059B1B79202B0ED942464B464B
:107F1000521952015344521992005B019B1880225E
:107F2000F318D98852010A43DA80059B5B79202B2C
:107F30000ED942464B4652195201534452199200EF
:107F40005B019B188022F318D98892010A43DA80DA
:107F5000059B9B79202B0ED942464B465219520164
:107F60005344521992005B019B188022F318D98860
:107F7000D2010A43DA80059BDB79202B0DD94246DA
:107F80004B46521952015344521992005B019B18FF
:107F9000F318D9882D4A0A43DA80059B1B7A202BD7
:107FA0000ED942464B46521952015344521992007F
:107FB0005B019B188022F318D98892000A43DA806B
:107FC000059B5B7A202B0ED942464B465219520133
:107FD0005344521992005B019B188022F318D988F0
:107FE00052000A43DA8042464B4652195201059824
:107FF0005344521992005B01817A9B18F31819724D
:10800000C27A5A7282895A81C2899A81028ADA8135
:10801000428A1A820122DA74A023049A3800039952
:10802000F8F7EAFB43464A465B195B0152445B1989
:1080300052019B00D318F6180023F374C5E6C0461E
:10804000580D0020609F0000000000000080FFFF2E
:108050005A46012A40D0CB4A002A06D05C3032185A
:10806000039938009BB200E000BF0020AEE6059AFD
:108070005278142A00D189E143464C465B195B01D2
:1080800054445B199B006401E4183419E37C9B465B
:10809000002BC1D13800617DFFF74AF9002800D1DB
:1080A00093E65A46238B617D380001920092059A2F
:1080B000FFF77AF9002800D087E63800617DFFF7E6
:1080C00055F982E600218A4603915146890008004D
:1080D00050448946400156E63800A023049A03998B
:1080E000F8F78AFB002071E601218A460391ECE74C
:1080F00002218A460391E8E703218A460391E4E7D7
:10810000059948780978090700D51EE10124044241
:10811000B2D0059A5279132AAED100211800073A3D
:10812000FBF7D0F8059AD3880621515E1C420CD08B
:1081300040464A46401940015244401980005201CD
:108140001218B218D0882043D0809A070DD5404627
:108150004A4602244019400152444019800052010D
:108160001218B218D0882043D0805A070DD5404647
:108170004A460424401940015244401980005201EB
:108180001218B218D0882043D0801A070DD5404667
:108190004A460824401940015244401980005201C7
:1081A0001218B218D0882043D080DA060DD5404688
:1081B0004A4610244019400152444019800052019F
:1081C0001218B218D0882043D0809A060DD54046A8
:1081D0004A4620244019400152444019800052016F
:1081E0001218B218D0882043D0805A060DD54046C8
:1081F0004A4640244019400152444019800052012F
:108200001218B218D0882043D0801A060DD54046E7
:108210004A468024401940015244401980005201CE
:108220001218B218D0882043D080802464002342E2
:108230000CD040464A464019400152444019800043
:1082400052011218B218D0880443D4808024A400AC
:1082500023420CD040464A4640194001524440193E
:10826000800052011218B218D0880443D4808024B0
:10827000E40023420CD040464A4640194001524493
:108280004019800052011218B218D0880443D480DB
:108290008024640123420CD040464A4640194001E4
:1082A00052444019800052011218B218D088044379
:1082B000D4808024A40123420CD040464A46401971
:1082C000400152444019800052011218B218D0885F
:1082D0000443D4808020C00103420CD042464B4668
:1082E000521952015344521992005B019B18F31822
:1082F000DA881043D88000290DDA42464B465219DD
:1083000052015344521992005B019B18F318D9880B
:108310001D4A0A43DA8042464B46521952010598DB
:108320005344521992005B01017A9B18F318197299
:10833000427A5A7242895A8182899A81C289DA8143
:10834000028A1A820122DA7466E6A17C002800D033
:108350002CE1012900D08FE6A274059A5078D5E669
:10836000059A1278202A00D144E1072A00D125E19C
:10837000022A00D080E63900039A0498FFF728FC0F
:108380007AE6C046000000000080FFFF00211800D0
:10839000083AFAF797FF059A53880221515E5A4628
:1083A0001A4203D00120E2880243E2809A070DD5E9
:1083B00040464A4602244019400152444019800078
:1083C00052011218B218D0882043D0805A070DD518
:1083D00040464A4604244019400152444019800056
:1083E00052011218B218D0882043D0801A070DD538
:1083F00040464A4608244019400152444019800032
:1084000052011218B218D0882043D080DA060DD558
:1084100040464A4610244019400152444019800009
:1084200052011218B218D0882043D0809A060DD578
:1084300040464A46202440194001524440198000D9
:1084400052011218B218D0882043D0805A060DD598
:1084500040464A4640244019400152444019800099
:1084600052011218B218D0882043D0801A060DD5B8
:1084700040464A4680244019400152444019800039
:1084800052011218B218D0882043D0808024640092
:1084900023420CD040464A464019400152444019FC
:1084A000800052011218B218D0880443D48080246E
:1084B000A40023420CD040464A4640194001524491
:1084C0004019800052011218B218D0880443D48099
:1084D0008024E40023420CD040464A464019400123
:1084E00052444019800052011218B218D088044337
:1084F000D4808024640123420CD040464A4640196F
:10850000400152444019800052011218B218D0881C
:108510000443D4808024A40123420CD040464A4620
:108520004019400152444019800052011218B218FB
:10853000D0880443D4808020C00103420CD042463E
:108540004B46521952015344521992005B019B1839
:10855000F318DA881043D88000290DDA42464B46DA
:10856000521952015344521992005B019B18F3189F
:10857000D988BC4A0A43DA8042464B465219520116
:1085800005985344521992005B0101799B18F31826
:10859000197242795A72C2885A8102899A81428933
:1085A000DA8182891A820122DA7435E5002900D045
:1085B000ACE55A460599A2744878A7E5059B1B7956
:1085C000012B00D141E1002B00D055E5E1884B059E
:1085D00000D451E542464B465219520153445219B8
:1085E00092005B019B180122F318DA749E4A114035
:1085F000D98011E58022E188D200114018000C22B8
:108600008B460021FAF75EFE059A93880421515E9D
:10861000DA0503D50120E2880243E2809A050DD5F0
:1086200040464A4602244019400152444019800005
:1086300052011218B218D0882043D0805A050DD5A7
:1086400040464A46042440194001524440198000E3
:1086500052011218B218D0882043D0801A050DD5C7
:1086600040464A46082440194001524440198000BF
:1086700052011218B218D0882043D0805A070DD565
:1086800040464A4610244019400152444019800097
:1086900052011218B218D0882043D0801A070DD585
:1086A00040464A4620244019400152444019800067
:1086B00052011218B218D0882043D0805A040DD528
:1086C00040464A4640244019400152444019800027
:1086D00052011218B218D0882043D08000290DDA38
:1086E00041464A46802049194901524449198900A6
:1086F00052015218B218D1880143D180DA040ED544
:1087000041464A46491949015244491989005201D2
:1087100052188021B218D08849000143D1809A04B0
:108720000ED541464A464919490152444919890022
:10873000520152188021B218D08889000143D1809B
:10874000DA060ED541464A464919490152444919AB
:108750008900520152188021B218D0884901014382
:10876000D1809A060ED541464A46491949015244DC
:1087700049198900520152188021B218D088890104
:108780000143D1805A060ED541464A46491949014E
:10879000524449198900520152188021B218D088D8
:1087A000C9010143D1801B060DD542464B465219E3
:1087B00052015344521992005B019B18F318D98857
:1087C000284A0A43DA80059B9B7D002B0ED0424647
:1087D0004B46521952015344521992005B019B18A7
:1087E0008022F318D98812010A43DA805B46002BF5
:1087F0000ED042464B465219520153445219920030
:108800005B019B188022F318D988D2000A43DA80D2
:1088100042464B465219520105995344521992004F
:108820005B019B18CA88F31892101A720A89921079
:108830005A724A895A818A899A81CA89DA810A8A4E
:108840001A820122DA74FFF7E7FB8023E288DB005B
:108850001A4201D0FFF710FC59461343E174E3803C
:10886000FFF7DAFB0080FFFFFFFBFFFFF0B54E468E
:108870004546DE465746E0B5451EAC0063195B0130
:10888000564E5B199B00F3181A7D814683B08A42CD
:1088900057D063195B015B199B00F3181A00B432BF
:1088A00012788A425BD063195B015B199B00F31855
:1088B0001A005532FF3212788A4259D063195B018F
:1088C0005B199B00F3181A00F532FF3212788A42C6
:1088D00058D0FF239A469B46FF239B009846404969
:1088E000474663195B015B1957449B007F011A1DC2
:1088F000FF180123F7195218BB743B79B218019283
:10890000022B49D0012B63D0364B002B04D05946A3
:108910004846019AF7F7EAFE434664196401534456
:108920006419A4005B011B19F6184846317DFEF757
:1089300099FD012003B0F0BCBB46B246A946A04653
:10894000F0BD5A69284B1A42A3D000239B469A4691
:1089500053469B001900514498464901C0E7A03393
:108960005A69214B1A429ED001239B469A46EFE753
:108970004133FF335A691C4B1A429FD002239B4656
:108980009A46E5E7E133FF335A69174B1A42A0D004
:1089900003239B469A46DBE700234846BB745946AF
:1089A0000433124AFFF7D0F82300BF7D4C469946A6
:1089B00004E0012000214042FEF760FA3900200067
:1089C000FEF73EFD0028F4D14B46A1461C009BE774
:1089D000100049465A46FFF7FBF895E7580D00206E
:1089E000609F0000ED06001000FFFF006094001083
:1089F000F0B54E4645465746DE4698463F4BE0B5F5
:108A00009946471E0600B800C4198D0064016B1812
:108A1000E4195B01A4001B194B441B798DB0022B98
:108A20002ED0032B01D0012023E004AB9A46344B17
:108A30001C889C4653461C80634654469B78A37012
:108A4000002A2DD153469A7003239B460393C419E1
:108A50006401E4196D186D01A4002F194F447B8B3C
:108A60005B4505D33000B97DFEF762FC00281AD1C2
:108A700000200DB0F0BCBB46B246A946A046F0BDF2
:108A8000204B04934023002A03D0531D402213435C
:108A9000DBB204AAD370042392469B460393D6E725
:108AA0000532D2B2CEE75C352D194D445146039ABA
:108AB0002800FAF70DFC0023B97D2A0001930093EA
:108AC00030005B46FEF770FC002811D04346002BB7
:108AD000A9D0BC7D04E0012000214042FEF7CEF980
:108AE00021003000FEF7ACFC0028F4D10120C0E7E3
:108AF0003000B97DFEF73AFCBAE7C046580D0020B9
:108B00008891001000000840F0B557464E46DE46FA
:108B10004546E0B58FB09B4618AB1B78471E0593C2
:108B2000504B92469946BA000392D2198C005201DA
:108B30006318D2195B0192009B184B441B790E00FD
:108B40000490032B53D015D8012B3FD0022B35D1E5
:108B500006AB9846444B0322002107A80693FAF778
:108B6000B1FB434652465A715A469A7107239B46B7
:108B70009A4610E0042B21D106AB9846C023DB00B7
:108B80000693524643469A70DA705A461A715A71E1
:108B900006239B469A46039BA419DE197601F61913
:108BA0006401B600A7194F447B8B534506D3049D3F
:108BB000B97D2800FEF7BCFB002829D101200FB0A9
:108BC000F0BCBB46B246A946A046F0BD06AB9846EF
:108BD0004246264B23CB23C21B7813704346524692
:108BE0001A725A465A720D239B469A46D3E706AB31
:108BF000984680231B010693424600235360434658
:108C00005246DA705A461A7108239B469A46C2E7C2
:108C10005C34A4194C445A4641462000FAF758FBEC
:108C20000023B97D22000193009328005346FEF7EC
:108C3000BBFB002811D0059B002BBFD0BC7D049D41
:108C400004E0012000214042FEF718F9210028002D
:108C5000FEF7F6FB0028F4D1B0E7B97D0498FEF7E3
:108C600085FBABE7580D002000010FC09894001061
:108C700010B583070AD00300032102E001330B4241
:108C800005D01A78002AF9D1181A10BD0300196806
:108C90000C4A0D4C8A188A4322420FD15968094A5E
:108CA00004338A188A43224208D15968054A04339A
:108CB0008A188A432242F1D000E001331A78002A50
:108CC000FBD1E1E7FFFEFEFE80808080F8B5C04664
:108CD00001B40248844601BC604700BF350400204F
:108CE00001B40248844601BC604700BFE501002092
:108CF00001B40248844601BC604700BF71050020F2
:108D000001B40248844601BC604700BF71050020E1
:108D100001B40248844601BC604700BF59010020ED
:108D200001B40248844601BC604700BFBD02002078
:108D300001B40248844601BC604700BF0D02002018
:108D400001B40248844601BC604700BFC100002056
:108D500001B40248844601BC604700BF09030020FB
:108D6000392300106523001049250010B53200108A
:108D7000ED2B00102532001071240010812300100B
:108D8000A1230010B523001039160010BD230010D8
:108D9000F11900100123001011110010E1780010EA
:048DA000B10200100C
:108DA800556E6B6E6F776E000A3D3D3D3D3D3D3D16
:108DB8003D3D3D3D3D3D3D3D3D3D3D3D3D3D3D3DDB
:108DC8003D3D3D3D3D3D3D3D3D3D3D3D3D3D3D3DCB
:108DD8003D000000202058494E50555420434F4E26
:108DE80054524F4C4C455220434F4E4E45435445E8
:108DF8004421000020206465765F616464723D252B
:108E0800642C20696E7374616E63653D25640A0085
:108E18002020547970653A2025730A003D3D3D3D78
:108E28003D3D3D3D3D3D3D3D3D3D3D3D3D3D3D3D6A
:108E38003D3D3D3D3D3D3D3D3D3D3D3D3D3D3D3D5A
:108E48003D3D3D3D0A00000058494E5055542055BF
:108E58004E4D4F554E5445440000000042544E3A82
:108E68002530345820000000412000004220000036
:108E780058200000592000004C4220005242200097
:108E880053542000424B2000474420004455200002
:108E980044442000444C2000445220004C3320001D
:108EA800523320004C543A2533642052543A253327
:108EB80064204C583A253664204C593A25366420AB
:108EC80052583A2536642052593A2536640A000029
:108ED8005250323034302058626F782057697265AA
:108EE8006C657373205472616E736D697474657206
:108EF800207374617274696E672E2E2E0000000054
:108F080057616974696E6720666F722058626F785E
:108F180020636F6E74726F6C6C6572206F6E205573
:108F2800534220686F737420706F72742E2E2E0057
:108F380054696E7955534220486F737420696E697D
:108F48007469616C697A65642E20506C7567206954
:108F58006E20636F6E74726F6C6C65722E00000009
:108F6800526164696F3A204E524632344C30312B8C
:108F78002072656164792E2054583D45372C205263
:108F8800582872756D626C65293D443200000000F6
:108F98005B52554D424C452052585D206269673DF1
:108FA800256420736D616C6C3D25640A0000000027
:108FB800E7E7E7E7E70000004B4B4B4B4B000000AF
:108FC80058626F78204F6E650000000058626F7815
:108FD8002033363020576972656C65737300000062
:108FE80058626F7820333630205769726564000004
:108FF80058626F78204F47000A2A2A2A2050414E8B
:109008004943202A2A2A0A000A0000004E6F2073CA
:1090180070696E6C6F636B73206172652061766135
:10902800696C61626C6500004861726477617265A1
:1090380020616C61726D20256420616C72656164C9
:109048007920636C61696D65640000004861726431
:10905800206173736572740052656C656173650095
:10906800626F6F74325F77323571303830000000CC
:10907800322E322E300000007069636F000000004D
:109088007069636F5F67616D657061645F686F7356
:1090980074000000417072203134203230323600C2
:1090A800666E692B00000000666E69006E616E00D6
:1090B800666E692D00000000554152542073746497
:1090C800696E000055415254207374646F757400C2
:1090D8005541525420737464696E202F2073746450
:1090E8006F757400556E68616E646C656420627596
:1090F800666665722025640A000000004461746198
:1091080020536571204572726F72200A00000000BA
:10911800556E68616E646C656420495251203078E0
:1091280025780A00496E76616C69642073706565FC
:10913800640A00006570202530325820776173205A
:10914800616C726561647920617661696C61626CD9
:109158006500000043616E277420636F6E74696E4A
:1091680075652078666572206F6E20696E6163741C
:109178006976652065702025303258004C454400DA
:1091880001030000C88F0010D48F0010E88F001072
:10919800F88F00100A200003000114000600525046
:1091A800D3F075426090001006005250E182887F2B
:1091B8006890001006005250ABB3605378900010CE
:1091C80006005250BBFF3CB680900010060052507B
:1091D800861C030288900010060052505422A29D5B
:1091E8009C90001005005250DE65F468A89A0010A3
:1091F8007440001024400010244000106C400010FF
:109208002440001024400010244000102440001086
:109218002440001024400010244000106440001036
:10922800244000105C40001024400010244000102E
:1092380054400010944200108A40001084420010EC
:109248008A4000106E4200108A4000108A400010C8
:109258008A4000108A4000108A4000108A4000109E
:109268008A4000107C4000108A4000108A4000109C
:109278008A4000108A4000108A4000107C4000108C
:1092880032430010DE3F0010DE3F0010DE3F0010CA
:10929800DE3F0010DE3F0010DE3F0010DE3F001012
:1092A800DE3F0010DE3F0010DE3F0010DE3F001002
:1092B800DE3F0010DE3F0010DE3F0010DE3F0010F2
:1092C800DE3F0010DE3F0010DE3F0010DE3F0010E2
:1092D800DE3F0010DE3F0010DE3F0010DE3F0010D2
:1092E800DE3F0010DE3F0010DE3F0010DE3F0010C2
:1092F800DE3F0010DE3F0010DE3F0010DE3F0010B2
:10930800A842001000430010A8420010DE3F0010E1
:10931800DE3F0010DE3F0010DE3F0010DE3F001091
:10932800DE3F0010DE3F0010DE3F0010DE3F001081
:10933800DE3F0010DE3F0010DE3F0010DE3F001071
:10934800DE3F0010DE3F0010DE3F001042450010F7
:10935800DE3F0010DE3F0010DE3F0010DE3F001051
:10936800DE3F0010DE3F0010DE3F0010DE3F001041
:10937800DE3F0010424500104443001042450010F3
:10938800A842001000430010A8420010000000008E
:10939800000000000000F03F000000000000244032
:1093A80000000000000059400000000000408F400D
:1093B800000000000088C34000000000006AF84078
:1093C8000000000080842E4100000000D01263419C
:1093D8000000000084D797410000000065CDCD4112
:1093E8000D0A00000600525053B4F4A1D8900010A2
:1093F800080052501200000008005250921000005D
:10940800E6700010FA6E0010FA6E0010FA6E001086
:109418003E710010D8710010547200107E70001058
:10942800BC700010066F00100900525000000002C6
:109438008491001008005250121002000000000031
:10944800317900102D790010497900106D880010CD
:10945800F57C0010757A001008000FC00620000285
:10946800010000000A200003000114004D10000252
:10947800070000000520000F06000000000000554E
:10948800530000000000000005200001000000005B
:1094980009000009000F00000000FF00FF000000A5
:1094A800A4910010B0910010BC910010C891001058
:1094B800D4910010E0910010EC9100103C94001041
:1094C8003094001000940010F8930010EC930010F2
:1094D800F0B5C646150000B504001E000268EFF39B
:1094E800108172B61368002BFCD0BFF35F8F042382
:1094F800E3562268002B2BDBBFF35F8F0020106040
:1095080081F31088D02212061278002752B29046B2
:109518009A420ED1002080BCB846F0BDBFF35F8FE1
:10952800176081F310882800310000F02DFA002818
:10953800F0D12268EFF3108172B61368002BFCD0CB
:10954800BFF35F8F237922687F2BE7D9434602E078
:10955800D0231B061B682371BFF35F8F00231360A2
:1095680081F310880120D6E7F0B5C64600B50D0096
:10957800040000F021FAFA2206000F000023280058
:109588000021920000F008FA36184F41002F02DA45
:109598000126174F7642D0231B061B6800259846E4
:1095A8000AE0BFF35F8F156081F31088300039003F
:1095B80000F0EAF9002818D12268EFF3108172B69A
:1095C8001368002BFCD0BFF35F8F237922687F2BB1
:1095D800E7D943462371BFF35F8F0023136081F3FC
:1095E8001088012080BCB846F0BD0020FAE7C046CC
:1095F800FFFFFF7F0268EFF3108172B61368002B3C
:10960800FCD0BFF35F8FFF2303710368BFF35F8F45
:1096180000221A6081F3108840BF7047F0B5CE462B
:10962800474605001E0018001C00042380B5894623
:1096380002279C46002831D0002E33D0EB681F4209
:109648001AD033000833A3420FD8002C2DD102239F
:10965800E9680B4236D1002E20D0EB6800241F4267
:10966800FBD033000833A342EFD94B461B78013EA9
:10967800AB6001239846C144002CECD06146EB68EE
:10968800194215D1002ED9D10421EB681942FCD01A
:10969800AB68013C13700132002CF5D1C0BCB9464F
:1096A800B046F0BD002CF9D0EEE7EB685B07C5D5F6
:1096B800AB68013C13702300511C88463343EDD03E
:1096C8004246B9E731000831CFD1C1E730B50400CF
:1096D800101E0AD00A000D180221E3681942FCD0B6
:1096E80013780132A360AA42F7D1E3685B0704D577
:1096F8000421A368E3681942FBD11021E3681942E9
:10970800FCD1E3685B0704D50421A368E368194228
:10971800FBD10123236230BD70B5437804000E00ED
:10972800012B1FD0184B1D686A69EFF3108172B6C0
:109738001368002BFCD0BFF35F8FA96128002100BC
:1097480000F032F96A69AB69BFF35F8F00211160DD
:1097580083F31088002804D032006178207800F064
:1097680033F970BD094B01781A789142DAD1017941
:109778005A789142D6D141799A789142D2D1102122
:10978800DA788A43DA70CDE7940C0020240A0020A6
:1097980010B5084C2378002B0AD1802306480749C6
:1097A8005B051A68C25004338B42FAD10123237037
:1097B80010BDC04685130020DC0F0010000100100A
:1097C80010B5014B984710BDDD0F0020064B5A68B5
:1097D80002609A684260DA6882601A69C2605A69EF
:1097E80002619B6943617047000002400268064BB2
:1097F8005A6042689A608268DA60C2681A610269CF
:109808005A6142699A61704700000240034B1A6826
:10981800C0239B009343024A136070470C800140A9
:109828000C900140054B1A6880239B005340C022CE
:1098380092001340024A13607047C0460C800140F2
:109848000C9001400023F0B5DE4657464E4645468B
:109858009A46E0B589B001900E00988A45491B8B5D
:1098680014009847534681464349988A1B8B98476A
:10987800534642490500988A1B8B98478046FFF754
:1098880087FF02A8FFF7A2FFC847A847FFF7CAFF4C
:10989800251E22D00823C0219C4602204905624685
:1098A8008B6A1A4018423FD0631B002D2FD1002A23
:1098B80011D1002C11D0C0235B059B4602239A4688
:1098C800063399465B464A4657469B6A1A401F42EA
:1098D80042D0002AF6D0002C30D1FFF797FFC047BE
:1098E800FFF76EFF02A8FFF781FF09B0F0BCBB4687
:1098F800B246A946A046F0BD002C2FD1C022520581
:10990800926A914608224F463A40BF072DD50D2B43
:109918001BD9002AF0D1C0225205926A914608222A
:109928004F463A40BF07F2D4002A04D12B00234304
:10993800002BB4D1D1E72B00002CF9D00B6E013CE1
:109948003370230001362B43F2E7019F013D3B783A
:1099580001370B660197E7E70025E5E7C0235B05BC
:109968001B6E013C3370013699E72B00002ADFD1CA
:10997800DCE7C04649460000455800004643000061
:109988007047C0460000000001B40248844601BC8C
:10999800604700BFED1C001001B40248844601BCBA
:1099A800604700BFF131001001B40248844601BC91
:1099B800604700BFCD77001001B40248844601BC5F
:1099C800604700BF1D1E001001B40248844601BC58
:1099D800604700BF1569001010000000000000007B
:1099E800000001000000000000000000000002006C
:1099F800000000000000000000000300000000005C
:109A0800000000000000FF000000000001B54868E9
:109A180001318E460047704609380149884701BD23
:109A28007515001000000000000000000000000094
:109A38000000000000000000900600200000000068
:109A4800503300004C330000543300005233000000
:109A58004D5300004D4300005334000043340000D0
:109A6800195000101D5100106550001031510010A0
:109A78000000000000010000980C002010000C00FD
:109A880000000000000000000000000000000000CE
:109A980000000000FF0000000000000000000000BF
:04000005100001E9FD
:00000001FF
