
G:/PowerA Controller Project/PowerA_Xbox_One_Modd_New/PowerA_Xbox_One_Mod/build/pico_gamepad_host.elf:     file format elf32-littlearm

Sections:
Idx Name          Size      VMA       LMA       File off  Algn
  0 .boot2        00000100  10000000  10000000  00001000  2**0
                  CONTENTS, ALLOC, LOAD, READONLY, CODE
  1 .text         0000893c  10000100  10000100  00001100  2**3
                  CONTENTS, ALLOC, LOAD, READONLY, CODE
  2 .rodata       000006a8  10008a40  10008a40  00009a40  2**3
                  CONTENTS, ALLOC, LOAD, READONLY, DATA
  3 .binary_info  00000030  100090e8  100090e8  0000a0e8  2**2
                  CONTENTS, ALLOC, LOAD, READONLY, DATA
  4 .ram_vector_table 000000c0  20000000  20000000  0000c000  2**2
                  ALLOC
  5 .uninitialized_data 00000000  200000c0  200000c0  0000b690  2**0
                  CONTENTS
  6 .data         000005d0  200000c0  10009118  0000b0c0  2**4
                  CONTENTS, ALLOC, LOAD, READONLY, CODE
  7 .tdata        00000000  20000690  20000690  0000b690  2**0
                  CONTENTS, ALLOC, LOAD, DATA, THREAD_LOCAL
  8 .tbss         00000000  20000690  20000690  00000000  2**0
                  ALLOC, THREAD_LOCAL
  9 .bss          00000cf4  20000690  100096e8  0000b690  2**3
                  ALLOC
 10 .heap         00000800  20001384  100096e8  0000c384  2**2
                  ALLOC, READONLY
 11 .scratch_x    00000000  20040000  20040000  0000b690  2**0
                  CONTENTS
 12 .scratch_y    00000000  20041000  20041000  0000b690  2**0
                  CONTENTS
 13 .stack_dummy  00000800  20041000  20041000  0000c000  2**5
                  ALLOC, READONLY
 14 .ARM.attributes 00000028  00000000  00000000  0000b690  2**0
                  CONTENTS, READONLY
 15 .comment      00000045  00000000  00000000  0000b6b8  2**0
                  CONTENTS, READONLY
 16 .debug_info   00038986  00000000  00000000  0000b6fd  2**0
                  CONTENTS, READONLY, DEBUGGING, OCTETS
 17 .debug_abbrev 00008634  00000000  00000000  00044083  2**0
                  CONTENTS, READONLY, DEBUGGING, OCTETS
 18 .debug_loclists 00024909  00000000  00000000  0004c6b7  2**0
                  CONTENTS, READONLY, DEBUGGING, OCTETS
 19 .debug_aranges 000015a0  00000000  00000000  00070fc0  2**3
                  CONTENTS, READONLY, DEBUGGING, OCTETS
 20 .debug_rnglists 00005891  00000000  00000000  00072560  2**0
                  CONTENTS, READONLY, DEBUGGING, OCTETS
 21 .debug_line   00029a82  00000000  00000000  00077df1  2**0
                  CONTENTS, READONLY, DEBUGGING, OCTETS
 22 .debug_str    000080a3  00000000  00000000  000a1873  2**0
                  CONTENTS, READONLY, DEBUGGING, OCTETS
 23 .debug_frame  00003060  00000000  00000000  000a9918  2**2
                  CONTENTS, READONLY, DEBUGGING, OCTETS
 24 .debug_line_str 00000396  00000000  00000000  000ac978  2**0
                  CONTENTS, READONLY, DEBUGGING, OCTETS

G:/PowerA Controller Project/PowerA_Xbox_One_Modd_New/PowerA_Xbox_One_Mod/build/pico_gamepad_host.elf:     file format elf32-littlearm


Disassembly of section .boot2:

10000000 <__boot2_start__>:
10000000:	4b32b500 	.word	0x4b32b500
10000004:	60582021 	.word	0x60582021
10000008:	21026898 	.word	0x21026898
1000000c:	60984388 	.word	0x60984388
10000010:	611860d8 	.word	0x611860d8
10000014:	4b2e6158 	.word	0x4b2e6158
10000018:	60992100 	.word	0x60992100
1000001c:	61592102 	.word	0x61592102
10000020:	22f02101 	.word	0x22f02101
10000024:	492b5099 	.word	0x492b5099
10000028:	21016019 	.word	0x21016019
1000002c:	20356099 	.word	0x20356099
10000030:	f844f000 	.word	0xf844f000
10000034:	42902202 	.word	0x42902202
10000038:	2106d014 	.word	0x2106d014
1000003c:	f0006619 	.word	0xf0006619
10000040:	6e19f834 	.word	0x6e19f834
10000044:	66192101 	.word	0x66192101
10000048:	66182000 	.word	0x66182000
1000004c:	f000661a 	.word	0xf000661a
10000050:	6e19f82c 	.word	0x6e19f82c
10000054:	6e196e19 	.word	0x6e196e19
10000058:	f0002005 	.word	0xf0002005
1000005c:	2101f82f 	.word	0x2101f82f
10000060:	d1f94208 	.word	0xd1f94208
10000064:	60992100 	.word	0x60992100
10000068:	6019491b 	.word	0x6019491b
1000006c:	60592100 	.word	0x60592100
10000070:	481b491a 	.word	0x481b491a
10000074:	21016001 	.word	0x21016001
10000078:	21eb6099 	.word	0x21eb6099
1000007c:	21a06619 	.word	0x21a06619
10000080:	f0006619 	.word	0xf0006619
10000084:	2100f812 	.word	0x2100f812
10000088:	49166099 	.word	0x49166099
1000008c:	60014814 	.word	0x60014814
10000090:	60992101 	.word	0x60992101
10000094:	2800bc01 	.word	0x2800bc01
10000098:	4700d000 	.word	0x4700d000
1000009c:	49134812 	.word	0x49134812
100000a0:	c8036008 	.word	0xc8036008
100000a4:	8808f380 	.word	0x8808f380
100000a8:	b5034708 	.word	0xb5034708
100000ac:	20046a99 	.word	0x20046a99
100000b0:	d0fb4201 	.word	0xd0fb4201
100000b4:	42012001 	.word	0x42012001
100000b8:	bd03d1f8 	.word	0xbd03d1f8
100000bc:	6618b502 	.word	0x6618b502
100000c0:	f7ff6618 	.word	0xf7ff6618
100000c4:	6e18fff2 	.word	0x6e18fff2
100000c8:	bd026e18 	.word	0xbd026e18
100000cc:	40020000 	.word	0x40020000
100000d0:	18000000 	.word	0x18000000
100000d4:	00070000 	.word	0x00070000
100000d8:	005f0300 	.word	0x005f0300
100000dc:	00002221 	.word	0x00002221
100000e0:	180000f4 	.word	0x180000f4
100000e4:	a0002022 	.word	0xa0002022
100000e8:	10000100 	.word	0x10000100
100000ec:	e000ed08 	.word	0xe000ed08
	...
100000fc:	7a4eb274 	.word	0x7a4eb274

Disassembly of section .text:

10000100 <__VECTOR_TABLE>:
10000100:	20042000 	.word	0x20042000
10000104:	100001f7 	.word	0x100001f7
10000108:	100001cb 	.word	0x100001cb
1000010c:	100001cd 	.word	0x100001cd
10000110:	100001c9 	.word	0x100001c9
10000114:	100001c9 	.word	0x100001c9
10000118:	100001c9 	.word	0x100001c9
1000011c:	100001c9 	.word	0x100001c9
10000120:	100001c9 	.word	0x100001c9
10000124:	100001c9 	.word	0x100001c9
10000128:	100001c9 	.word	0x100001c9
1000012c:	100001cf 	.word	0x100001cf
10000130:	100001c9 	.word	0x100001c9
10000134:	100001c9 	.word	0x100001c9
10000138:	100001d1 	.word	0x100001d1
1000013c:	100001d3 	.word	0x100001d3
10000140:	100001c1 	.word	0x100001c1
10000144:	100001c1 	.word	0x100001c1
10000148:	100001c1 	.word	0x100001c1
1000014c:	100001c1 	.word	0x100001c1
10000150:	100001c1 	.word	0x100001c1
10000154:	100001c1 	.word	0x100001c1
10000158:	100001c1 	.word	0x100001c1
1000015c:	100001c1 	.word	0x100001c1
10000160:	100001c1 	.word	0x100001c1
10000164:	100001c1 	.word	0x100001c1
10000168:	100001c1 	.word	0x100001c1
1000016c:	100001c1 	.word	0x100001c1
10000170:	100001c1 	.word	0x100001c1
10000174:	100001c1 	.word	0x100001c1
10000178:	100001c1 	.word	0x100001c1
1000017c:	100001c1 	.word	0x100001c1
10000180:	100001c1 	.word	0x100001c1
10000184:	100001c1 	.word	0x100001c1
10000188:	100001c1 	.word	0x100001c1
1000018c:	100001c1 	.word	0x100001c1
10000190:	100001c1 	.word	0x100001c1
10000194:	100001c1 	.word	0x100001c1
10000198:	100001c1 	.word	0x100001c1
1000019c:	100001c1 	.word	0x100001c1
100001a0:	100001c1 	.word	0x100001c1
100001a4:	100001c1 	.word	0x100001c1
100001a8:	100001c1 	.word	0x100001c1
100001ac:	100001c1 	.word	0x100001c1
100001b0:	100001c1 	.word	0x100001c1
100001b4:	100001c1 	.word	0x100001c1
100001b8:	100001c1 	.word	0x100001c1
100001bc:	100001c1 	.word	0x100001c1

100001c0 <__unhandled_user_irq>:
100001c0:	f3ef 8005 	mrs	r0, IPSR
100001c4:	3810      	subs	r0, #16

100001c6 <unhandled_user_irq_num_in_r0>:
100001c6:	be00      	bkpt	0x0000

100001c8 <isr_invalid>:
100001c8:	be00      	bkpt	0x0000

100001ca <isr_nmi>:
100001ca:	be00      	bkpt	0x0000

100001cc <isr_hardfault>:
100001cc:	be00      	bkpt	0x0000

100001ce <isr_svcall>:
100001ce:	be00      	bkpt	0x0000

100001d0 <isr_pendsv>:
100001d0:	be00      	bkpt	0x0000

100001d2 <isr_systick>:
100001d2:	be00      	bkpt	0x0000

100001d4 <__default_isrs_end>:
100001d4:	7188ebf2 	.word	0x7188ebf2
100001d8:	100090e8 	.word	0x100090e8
100001dc:	10009118 	.word	0x10009118
100001e0:	10000238 	.word	0x10000238
100001e4:	e71aa390 	.word	0xe71aa390

100001e8 <_entry_point>:
100001e8:	481e      	ldr	r0, [pc, #120]	@ (10000264 <data_cpy_table+0x2c>)

100001ea <_enter_vtable_in_r0>:
100001ea:	491f      	ldr	r1, [pc, #124]	@ (10000268 <data_cpy_table+0x30>)
100001ec:	6008      	str	r0, [r1, #0]
100001ee:	c806      	ldmia	r0!, {r1, r2}
100001f0:	f381 8808 	msr	MSP, r1
100001f4:	4710      	bx	r2

100001f6 <_reset_handler>:
100001f6:	481d      	ldr	r0, [pc, #116]	@ (1000026c <data_cpy_table+0x34>)
100001f8:	6800      	ldr	r0, [r0, #0]
100001fa:	2800      	cmp	r0, #0
100001fc:	d001      	beq.n	10000202 <hold_non_core0_in_bootrom+0x4>

100001fe <hold_non_core0_in_bootrom>:
100001fe:	4819      	ldr	r0, [pc, #100]	@ (10000264 <data_cpy_table+0x2c>)
10000200:	e7f3      	b.n	100001ea <_enter_vtable_in_r0>
10000202:	a40d      	add	r4, pc, #52	@ (adr r4, 10000238 <data_cpy_table>)
10000204:	cc0e      	ldmia	r4!, {r1, r2, r3}
10000206:	2900      	cmp	r1, #0
10000208:	d002      	beq.n	10000210 <hold_non_core0_in_bootrom+0x12>
1000020a:	f000 f812 	bl	10000232 <data_cpy>
1000020e:	e7f9      	b.n	10000204 <hold_non_core0_in_bootrom+0x6>
10000210:	4917      	ldr	r1, [pc, #92]	@ (10000270 <data_cpy_table+0x38>)
10000212:	4a18      	ldr	r2, [pc, #96]	@ (10000274 <data_cpy_table+0x3c>)
10000214:	2000      	movs	r0, #0
10000216:	e000      	b.n	1000021a <bss_fill_test>

10000218 <bss_fill_loop>:
10000218:	c101      	stmia	r1!, {r0}

1000021a <bss_fill_test>:
1000021a:	4291      	cmp	r1, r2
1000021c:	d1fc      	bne.n	10000218 <bss_fill_loop>

1000021e <platform_entry>:
1000021e:	4916      	ldr	r1, [pc, #88]	@ (10000278 <data_cpy_table+0x40>)
10000220:	4788      	blx	r1
10000222:	4916      	ldr	r1, [pc, #88]	@ (1000027c <data_cpy_table+0x44>)
10000224:	4788      	blx	r1
10000226:	4916      	ldr	r1, [pc, #88]	@ (10000280 <data_cpy_table+0x48>)
10000228:	4788      	blx	r1
1000022a:	be00      	bkpt	0x0000
1000022c:	e7fd      	b.n	1000022a <platform_entry+0xc>

1000022e <data_cpy_loop>:
1000022e:	c901      	ldmia	r1!, {r0}
10000230:	c201      	stmia	r2!, {r0}

10000232 <data_cpy>:
10000232:	429a      	cmp	r2, r3
10000234:	d3fb      	bcc.n	1000022e <data_cpy_loop>
10000236:	4770      	bx	lr

10000238 <data_cpy_table>:
10000238:	10009118 	.word	0x10009118
1000023c:	200000c0 	.word	0x200000c0
10000240:	20000690 	.word	0x20000690
10000244:	100096e8 	.word	0x100096e8
10000248:	20040000 	.word	0x20040000
1000024c:	20040000 	.word	0x20040000
10000250:	100096e8 	.word	0x100096e8
10000254:	20041000 	.word	0x20041000
10000258:	20041000 	.word	0x20041000
1000025c:	00000000 	.word	0x00000000
10000260:	4770      	bx	lr
10000262:	0000      	.short	0x0000
10000264:	00000000 	.word	0x00000000
10000268:	e000ed08 	.word	0xe000ed08
1000026c:	d0000000 	.word	0xd0000000
10000270:	20000690 	.word	0x20000690
10000274:	20001384 	.word	0x20001384
10000278:	10004871 	.word	0x10004871
1000027c:	100009d5 	.word	0x100009d5
10000280:	10004869 	.word	0x10004869

10000284 <_init>:
10000284:	b5f8      	push	{r3, r4, r5, r6, r7, lr}
10000286:	46c0      	nop			@ (mov r8, r8)

10000288 <register_tm_clones>:
10000288:	4806      	ldr	r0, [pc, #24]	@ (100002a4 <register_tm_clones+0x1c>)
1000028a:	4907      	ldr	r1, [pc, #28]	@ (100002a8 <register_tm_clones+0x20>)
1000028c:	1a09      	subs	r1, r1, r0
1000028e:	108b      	asrs	r3, r1, #2
10000290:	0fc9      	lsrs	r1, r1, #31
10000292:	18c9      	adds	r1, r1, r3
10000294:	b510      	push	{r4, lr}
10000296:	1049      	asrs	r1, r1, #1
10000298:	d003      	beq.n	100002a2 <register_tm_clones+0x1a>
1000029a:	4b04      	ldr	r3, [pc, #16]	@ (100002ac <register_tm_clones+0x24>)
1000029c:	2b00      	cmp	r3, #0
1000029e:	d000      	beq.n	100002a2 <register_tm_clones+0x1a>
100002a0:	4798      	blx	r3
100002a2:	bd10      	pop	{r4, pc}
100002a4:	20000690 	.word	0x20000690
100002a8:	20000690 	.word	0x20000690
100002ac:	00000000 	.word	0x00000000

100002b0 <frame_dummy>:
100002b0:	4b05      	ldr	r3, [pc, #20]	@ (100002c8 <frame_dummy+0x18>)
100002b2:	b510      	push	{r4, lr}
100002b4:	2b00      	cmp	r3, #0
100002b6:	d003      	beq.n	100002c0 <frame_dummy+0x10>
100002b8:	4904      	ldr	r1, [pc, #16]	@ (100002cc <frame_dummy+0x1c>)
100002ba:	4805      	ldr	r0, [pc, #20]	@ (100002d0 <frame_dummy+0x20>)
100002bc:	e000      	b.n	100002c0 <frame_dummy+0x10>
100002be:	bf00      	nop
100002c0:	f7ff ffe2 	bl	10000288 <register_tm_clones>
100002c4:	bd10      	pop	{r4, pc}
100002c6:	46c0      	nop			@ (mov r8, r8)
100002c8:	00000000 	.word	0x00000000
100002cc:	20001338 	.word	0x20001338
100002d0:	10008a3c 	.word	0x10008a3c

100002d4 <nrf_write_register>:
100002d4:	b5f0      	push	{r4, r5, r6, r7, lr}
100002d6:	b083      	sub	sp, #12
100002d8:	466b      	mov	r3, sp
100002da:	26d0      	movs	r6, #208	@ 0xd0
100002dc:	1d9c      	adds	r4, r3, #6
100002de:	2780      	movs	r7, #128	@ 0x80
100002e0:	2320      	movs	r3, #32
100002e2:	466a      	mov	r2, sp
100002e4:	0636      	lsls	r6, r6, #24
100002e6:	02bf      	lsls	r7, r7, #10
100002e8:	4318      	orrs	r0, r3
100002ea:	000d      	movs	r5, r1
100002ec:	61b7      	str	r7, [r6, #24]
100002ee:	0021      	movs	r1, r4
100002f0:	7020      	strb	r0, [r4, #0]
100002f2:	2301      	movs	r3, #1
100002f4:	3207      	adds	r2, #7
100002f6:	4807      	ldr	r0, [pc, #28]	@ (10000314 <nrf_write_register+0x40>)
100002f8:	f008 fb66 	bl	100089c8 <__spi_write_read_blocking_veneer>
100002fc:	466a      	mov	r2, sp
100002fe:	2301      	movs	r3, #1
10000300:	0021      	movs	r1, r4
10000302:	7025      	strb	r5, [r4, #0]
10000304:	3207      	adds	r2, #7
10000306:	4803      	ldr	r0, [pc, #12]	@ (10000314 <nrf_write_register+0x40>)
10000308:	f008 fb5e 	bl	100089c8 <__spi_write_read_blocking_veneer>
1000030c:	6177      	str	r7, [r6, #20]
1000030e:	b003      	add	sp, #12
10000310:	bdf0      	pop	{r4, r5, r6, r7, pc}
10000312:	46c0      	nop			@ (mov r8, r8)
10000314:	4003c000 	.word	0x4003c000

10000318 <build_and_send_payload.constprop.0>:
10000318:	b5f0      	push	{r4, r5, r6, r7, lr}
1000031a:	46de      	mov	lr, fp
1000031c:	464e      	mov	r6, r9
1000031e:	4657      	mov	r7, sl
10000320:	4645      	mov	r5, r8
10000322:	4abd      	ldr	r2, [pc, #756]	@ (10000618 <build_and_send_payload.constprop.0+0x300>)
10000324:	b5e0      	push	{r5, r6, r7, lr}
10000326:	8811      	ldrh	r1, [r2, #0]
10000328:	b091      	sub	sp, #68	@ 0x44
1000032a:	0a0b      	lsrs	r3, r1, #8
1000032c:	4699      	mov	r9, r3
1000032e:	2304      	movs	r3, #4
10000330:	5ed5      	ldrsh	r5, [r2, r3]
10000332:	122b      	asrs	r3, r5, #8
10000334:	469b      	mov	fp, r3
10000336:	2006      	movs	r0, #6
10000338:	5e13      	ldrsh	r3, [r2, r0]
1000033a:	121c      	asrs	r4, r3, #8
1000033c:	9402      	str	r4, [sp, #8]
1000033e:	2408      	movs	r4, #8
10000340:	5f10      	ldrsh	r0, [r2, r4]
10000342:	260a      	movs	r6, #10
10000344:	5f94      	ldrsh	r4, [r2, r6]
10000346:	1207      	asrs	r7, r0, #8
10000348:	46a2      	mov	sl, r4
1000034a:	1224      	asrs	r4, r4, #8
1000034c:	9403      	str	r4, [sp, #12]
1000034e:	7894      	ldrb	r4, [r2, #2]
10000350:	9404      	str	r4, [sp, #16]
10000352:	78d2      	ldrb	r2, [r2, #3]
10000354:	9205      	str	r2, [sp, #20]
10000356:	b2ca      	uxtb	r2, r1
10000358:	0912      	lsrs	r2, r2, #4
1000035a:	0109      	lsls	r1, r1, #4
1000035c:	4311      	orrs	r1, r2
1000035e:	b249      	sxtb	r1, r1
10000360:	008a      	lsls	r2, r1, #2
10000362:	4694      	mov	ip, r2
10000364:	2233      	movs	r2, #51	@ 0x33
10000366:	4664      	mov	r4, ip
10000368:	0889      	lsrs	r1, r1, #2
1000036a:	4394      	bics	r4, r2
1000036c:	4011      	ands	r1, r2
1000036e:	4321      	orrs	r1, r4
10000370:	b24c      	sxtb	r4, r1
10000372:	9406      	str	r4, [sp, #24]
10000374:	464c      	mov	r4, r9
10000376:	0124      	lsls	r4, r4, #4
10000378:	46a4      	mov	ip, r4
1000037a:	464c      	mov	r4, r9
1000037c:	0924      	lsrs	r4, r4, #4
1000037e:	46a1      	mov	r9, r4
10000380:	4664      	mov	r4, ip
10000382:	464e      	mov	r6, r9
10000384:	4334      	orrs	r4, r6
10000386:	b266      	sxtb	r6, r4
10000388:	46b4      	mov	ip, r6
1000038a:	08a6      	lsrs	r6, r4, #2
1000038c:	0034      	movs	r4, r6
1000038e:	4666      	mov	r6, ip
10000390:	4014      	ands	r4, r2
10000392:	00b6      	lsls	r6, r6, #2
10000394:	46a1      	mov	r9, r4
10000396:	0034      	movs	r4, r6
10000398:	4394      	bics	r4, r2
1000039a:	46a4      	mov	ip, r4
1000039c:	464c      	mov	r4, r9
1000039e:	4666      	mov	r6, ip
100003a0:	4334      	orrs	r4, r6
100003a2:	b266      	sxtb	r6, r4
100003a4:	9607      	str	r6, [sp, #28]
100003a6:	b2ee      	uxtb	r6, r5
100003a8:	0936      	lsrs	r6, r6, #4
100003aa:	012d      	lsls	r5, r5, #4
100003ac:	4335      	orrs	r5, r6
100003ae:	b26e      	sxtb	r6, r5
100003b0:	00b6      	lsls	r6, r6, #2
100003b2:	46a1      	mov	r9, r4
100003b4:	0034      	movs	r4, r6
100003b6:	08ad      	lsrs	r5, r5, #2
100003b8:	4394      	bics	r4, r2
100003ba:	4015      	ands	r5, r2
100003bc:	4325      	orrs	r5, r4
100003be:	b26e      	sxtb	r6, r5
100003c0:	9608      	str	r6, [sp, #32]
100003c2:	465e      	mov	r6, fp
100003c4:	b2f6      	uxtb	r6, r6
100003c6:	0936      	lsrs	r6, r6, #4
100003c8:	46b0      	mov	r8, r6
100003ca:	465e      	mov	r6, fp
100003cc:	4644      	mov	r4, r8
100003ce:	0136      	lsls	r6, r6, #4
100003d0:	4326      	orrs	r6, r4
100003d2:	b274      	sxtb	r4, r6
100003d4:	00a4      	lsls	r4, r4, #2
100003d6:	08b6      	lsrs	r6, r6, #2
100003d8:	4016      	ands	r6, r2
100003da:	4394      	bics	r4, r2
100003dc:	4334      	orrs	r4, r6
100003de:	b2de      	uxtb	r6, r3
100003e0:	0936      	lsrs	r6, r6, #4
100003e2:	011b      	lsls	r3, r3, #4
100003e4:	4333      	orrs	r3, r6
100003e6:	b25e      	sxtb	r6, r3
100003e8:	00b6      	lsls	r6, r6, #2
100003ea:	089b      	lsrs	r3, r3, #2
100003ec:	4396      	bics	r6, r2
100003ee:	4013      	ands	r3, r2
100003f0:	4333      	orrs	r3, r6
100003f2:	9301      	str	r3, [sp, #4]
100003f4:	2604      	movs	r6, #4
100003f6:	466b      	mov	r3, sp
100003f8:	46a4      	mov	ip, r4
100003fa:	579e      	ldrsb	r6, [r3, r6]
100003fc:	9c02      	ldr	r4, [sp, #8]
100003fe:	9609      	str	r6, [sp, #36]	@ 0x24
10000400:	b2e6      	uxtb	r6, r4
10000402:	0936      	lsrs	r6, r6, #4
10000404:	0124      	lsls	r4, r4, #4
10000406:	4334      	orrs	r4, r6
10000408:	b266      	sxtb	r6, r4
1000040a:	00b6      	lsls	r6, r6, #2
1000040c:	08a4      	lsrs	r4, r4, #2
1000040e:	4396      	bics	r6, r2
10000410:	4014      	ands	r4, r2
10000412:	4334      	orrs	r4, r6
10000414:	b2c6      	uxtb	r6, r0
10000416:	0936      	lsrs	r6, r6, #4
10000418:	0100      	lsls	r0, r0, #4
1000041a:	4330      	orrs	r0, r6
1000041c:	b246      	sxtb	r6, r0
1000041e:	00b6      	lsls	r6, r6, #2
10000420:	0880      	lsrs	r0, r0, #2
10000422:	4396      	bics	r6, r2
10000424:	4010      	ands	r0, r2
10000426:	4330      	orrs	r0, r6
10000428:	b246      	sxtb	r6, r0
1000042a:	46b0      	mov	r8, r6
1000042c:	b2fe      	uxtb	r6, r7
1000042e:	0936      	lsrs	r6, r6, #4
10000430:	013f      	lsls	r7, r7, #4
10000432:	4337      	orrs	r7, r6
10000434:	b27e      	sxtb	r6, r7
10000436:	b263      	sxtb	r3, r4
10000438:	08bf      	lsrs	r7, r7, #2
1000043a:	00b6      	lsls	r6, r6, #2
1000043c:	9302      	str	r3, [sp, #8]
1000043e:	4396      	bics	r6, r2
10000440:	464b      	mov	r3, r9
10000442:	4017      	ands	r7, r2
10000444:	4337      	orrs	r7, r6
10000446:	2655      	movs	r6, #85	@ 0x55
10000448:	085b      	lsrs	r3, r3, #1
1000044a:	4033      	ands	r3, r6
1000044c:	0849      	lsrs	r1, r1, #1
1000044e:	021b      	lsls	r3, r3, #8
10000450:	4031      	ands	r1, r6
10000452:	4319      	orrs	r1, r3
10000454:	086d      	lsrs	r5, r5, #1
10000456:	4b71      	ldr	r3, [pc, #452]	@ (1000061c <build_and_send_payload.constprop.0+0x304>)
10000458:	4035      	ands	r5, r6
1000045a:	042d      	lsls	r5, r5, #16
1000045c:	4019      	ands	r1, r3
1000045e:	4329      	orrs	r1, r5
10000460:	4665      	mov	r5, ip
10000462:	086d      	lsrs	r5, r5, #1
10000464:	469b      	mov	fp, r3
10000466:	4035      	ands	r5, r6
10000468:	9b06      	ldr	r3, [sp, #24]
1000046a:	0209      	lsls	r1, r1, #8
1000046c:	062d      	lsls	r5, r5, #24
1000046e:	0a09      	lsrs	r1, r1, #8
10000470:	4329      	orrs	r1, r5
10000472:	005d      	lsls	r5, r3, #1
10000474:	b2ed      	uxtb	r5, r5
10000476:	46a9      	mov	r9, r5
10000478:	9b07      	ldr	r3, [sp, #28]
1000047a:	0864      	lsrs	r4, r4, #1
1000047c:	005d      	lsls	r5, r3, #1
1000047e:	464b      	mov	r3, r9
10000480:	b2ed      	uxtb	r5, r5
10000482:	022d      	lsls	r5, r5, #8
10000484:	432b      	orrs	r3, r5
10000486:	4699      	mov	r9, r3
10000488:	9b08      	ldr	r3, [sp, #32]
1000048a:	4034      	ands	r4, r6
1000048c:	005d      	lsls	r5, r3, #1
1000048e:	464b      	mov	r3, r9
10000490:	b2ed      	uxtb	r5, r5
10000492:	042d      	lsls	r5, r5, #16
10000494:	431d      	orrs	r5, r3
10000496:	4663      	mov	r3, ip
10000498:	022d      	lsls	r5, r5, #8
1000049a:	065b      	lsls	r3, r3, #25
1000049c:	0a2d      	lsrs	r5, r5, #8
1000049e:	431d      	orrs	r5, r3
100004a0:	4b5f      	ldr	r3, [pc, #380]	@ (10000620 <build_and_send_payload.constprop.0+0x308>)
100004a2:	0224      	lsls	r4, r4, #8
100004a4:	401d      	ands	r5, r3
100004a6:	4329      	orrs	r1, r5
100004a8:	465d      	mov	r5, fp
100004aa:	4699      	mov	r9, r3
100004ac:	9b01      	ldr	r3, [sp, #4]
100004ae:	0840      	lsrs	r0, r0, #1
100004b0:	085b      	lsrs	r3, r3, #1
100004b2:	4033      	ands	r3, r6
100004b4:	4323      	orrs	r3, r4
100004b6:	4030      	ands	r0, r6
100004b8:	0400      	lsls	r0, r0, #16
100004ba:	402b      	ands	r3, r5
100004bc:	910c      	str	r1, [sp, #48]	@ 0x30
100004be:	4303      	orrs	r3, r0
100004c0:	0879      	lsrs	r1, r7, #1
100004c2:	9809      	ldr	r0, [sp, #36]	@ 0x24
100004c4:	4031      	ands	r1, r6
100004c6:	021b      	lsls	r3, r3, #8
100004c8:	0609      	lsls	r1, r1, #24
100004ca:	0a1b      	lsrs	r3, r3, #8
100004cc:	430b      	orrs	r3, r1
100004ce:	0041      	lsls	r1, r0, #1
100004d0:	9802      	ldr	r0, [sp, #8]
100004d2:	b2c9      	uxtb	r1, r1
100004d4:	0040      	lsls	r0, r0, #1
100004d6:	b2c0      	uxtb	r0, r0
100004d8:	0200      	lsls	r0, r0, #8
100004da:	4301      	orrs	r1, r0
100004dc:	4640      	mov	r0, r8
100004de:	0040      	lsls	r0, r0, #1
100004e0:	b2c0      	uxtb	r0, r0
100004e2:	0400      	lsls	r0, r0, #16
100004e4:	4301      	orrs	r1, r0
100004e6:	0678      	lsls	r0, r7, #25
100004e8:	020f      	lsls	r7, r1, #8
100004ea:	0a3f      	lsrs	r7, r7, #8
100004ec:	4307      	orrs	r7, r0
100004ee:	4648      	mov	r0, r9
100004f0:	4007      	ands	r7, r0
100004f2:	433b      	orrs	r3, r7
100004f4:	930d      	str	r3, [sp, #52]	@ 0x34
100004f6:	4653      	mov	r3, sl
100004f8:	4650      	mov	r0, sl
100004fa:	b2db      	uxtb	r3, r3
100004fc:	0101      	lsls	r1, r0, #4
100004fe:	091b      	lsrs	r3, r3, #4
10000500:	430b      	orrs	r3, r1
10000502:	b259      	sxtb	r1, r3
10000504:	0089      	lsls	r1, r1, #2
10000506:	089b      	lsrs	r3, r3, #2
10000508:	4391      	bics	r1, r2
1000050a:	4013      	ands	r3, r2
1000050c:	430b      	orrs	r3, r1
1000050e:	b259      	sxtb	r1, r3
10000510:	0049      	lsls	r1, r1, #1
10000512:	085b      	lsrs	r3, r3, #1
10000514:	9803      	ldr	r0, [sp, #12]
10000516:	43b1      	bics	r1, r6
10000518:	4033      	ands	r3, r6
1000051a:	ac0c      	add	r4, sp, #48	@ 0x30
1000051c:	430b      	orrs	r3, r1
1000051e:	7223      	strb	r3, [r4, #8]
10000520:	b2c3      	uxtb	r3, r0
10000522:	0101      	lsls	r1, r0, #4
10000524:	091b      	lsrs	r3, r3, #4
10000526:	430b      	orrs	r3, r1
10000528:	b259      	sxtb	r1, r3
1000052a:	0089      	lsls	r1, r1, #2
1000052c:	089b      	lsrs	r3, r3, #2
1000052e:	4391      	bics	r1, r2
10000530:	4013      	ands	r3, r2
10000532:	430b      	orrs	r3, r1
10000534:	b259      	sxtb	r1, r3
10000536:	0049      	lsls	r1, r1, #1
10000538:	085b      	lsrs	r3, r3, #1
1000053a:	43b1      	bics	r1, r6
1000053c:	4033      	ands	r3, r6
1000053e:	430b      	orrs	r3, r1
10000540:	9904      	ldr	r1, [sp, #16]
10000542:	7263      	strb	r3, [r4, #9]
10000544:	090b      	lsrs	r3, r1, #4
10000546:	0109      	lsls	r1, r1, #4
10000548:	430b      	orrs	r3, r1
1000054a:	b259      	sxtb	r1, r3
1000054c:	0089      	lsls	r1, r1, #2
1000054e:	089b      	lsrs	r3, r3, #2
10000550:	4391      	bics	r1, r2
10000552:	4013      	ands	r3, r2
10000554:	430b      	orrs	r3, r1
10000556:	b259      	sxtb	r1, r3
10000558:	0049      	lsls	r1, r1, #1
1000055a:	085b      	lsrs	r3, r3, #1
1000055c:	43b1      	bics	r1, r6
1000055e:	4033      	ands	r3, r6
10000560:	430b      	orrs	r3, r1
10000562:	9905      	ldr	r1, [sp, #20]
10000564:	72a3      	strb	r3, [r4, #10]
10000566:	090b      	lsrs	r3, r1, #4
10000568:	0109      	lsls	r1, r1, #4
1000056a:	430b      	orrs	r3, r1
1000056c:	b259      	sxtb	r1, r3
1000056e:	0089      	lsls	r1, r1, #2
10000570:	089b      	lsrs	r3, r3, #2
10000572:	4391      	bics	r1, r2
10000574:	4013      	ands	r3, r2
10000576:	430b      	orrs	r3, r1
10000578:	b25a      	sxtb	r2, r3
1000057a:	0052      	lsls	r2, r2, #1
1000057c:	085b      	lsrs	r3, r3, #1
1000057e:	43b2      	bics	r2, r6
10000580:	4033      	ands	r3, r6
10000582:	4313      	orrs	r3, r2
10000584:	72e3      	strb	r3, [r4, #11]
10000586:	25d0      	movs	r5, #208	@ 0xd0
10000588:	2300      	movs	r3, #0
1000058a:	2680      	movs	r6, #128	@ 0x80
1000058c:	062d      	lsls	r5, r5, #24
1000058e:	02b6      	lsls	r6, r6, #10
10000590:	81a3      	strh	r3, [r4, #12]
10000592:	aa0a      	add	r2, sp, #40	@ 0x28
10000594:	33e1      	adds	r3, #225	@ 0xe1
10000596:	a90a      	add	r1, sp, #40	@ 0x28
10000598:	61ae      	str	r6, [r5, #24]
1000059a:	3106      	adds	r1, #6
1000059c:	7193      	strb	r3, [r2, #6]
1000059e:	4821      	ldr	r0, [pc, #132]	@ (10000624 <build_and_send_payload.constprop.0+0x30c>)
100005a0:	3be0      	subs	r3, #224	@ 0xe0
100005a2:	3207      	adds	r2, #7
100005a4:	f008 fa10 	bl	100089c8 <__spi_write_read_blocking_veneer>
100005a8:	2327      	movs	r3, #39	@ 0x27
100005aa:	aa0a      	add	r2, sp, #40	@ 0x28
100005ac:	a90a      	add	r1, sp, #40	@ 0x28
100005ae:	616e      	str	r6, [r5, #20]
100005b0:	3106      	adds	r1, #6
100005b2:	61ae      	str	r6, [r5, #24]
100005b4:	481b      	ldr	r0, [pc, #108]	@ (10000624 <build_and_send_payload.constprop.0+0x30c>)
100005b6:	7193      	strb	r3, [r2, #6]
100005b8:	3b26      	subs	r3, #38	@ 0x26
100005ba:	3207      	adds	r2, #7
100005bc:	f008 fa04 	bl	100089c8 <__spi_write_read_blocking_veneer>
100005c0:	2370      	movs	r3, #112	@ 0x70
100005c2:	aa0a      	add	r2, sp, #40	@ 0x28
100005c4:	a90a      	add	r1, sp, #40	@ 0x28
100005c6:	7193      	strb	r3, [r2, #6]
100005c8:	3106      	adds	r1, #6
100005ca:	3b6f      	subs	r3, #111	@ 0x6f
100005cc:	3207      	adds	r2, #7
100005ce:	4815      	ldr	r0, [pc, #84]	@ (10000624 <build_and_send_payload.constprop.0+0x30c>)
100005d0:	f008 f9fa 	bl	100089c8 <__spi_write_read_blocking_veneer>
100005d4:	23a0      	movs	r3, #160	@ 0xa0
100005d6:	aa0a      	add	r2, sp, #40	@ 0x28
100005d8:	a90a      	add	r1, sp, #40	@ 0x28
100005da:	616e      	str	r6, [r5, #20]
100005dc:	3106      	adds	r1, #6
100005de:	61ae      	str	r6, [r5, #24]
100005e0:	4810      	ldr	r0, [pc, #64]	@ (10000624 <build_and_send_payload.constprop.0+0x30c>)
100005e2:	7193      	strb	r3, [r2, #6]
100005e4:	3b9f      	subs	r3, #159	@ 0x9f
100005e6:	3207      	adds	r2, #7
100005e8:	f008 f9ee 	bl	100089c8 <__spi_write_read_blocking_veneer>
100005ec:	0021      	movs	r1, r4
100005ee:	2480      	movs	r4, #128	@ 0x80
100005f0:	220e      	movs	r2, #14
100005f2:	0264      	lsls	r4, r4, #9
100005f4:	480b      	ldr	r0, [pc, #44]	@ (10000624 <build_and_send_payload.constprop.0+0x30c>)
100005f6:	f008 f9df 	bl	100089b8 <__spi_write_blocking_veneer>
100005fa:	616e      	str	r6, [r5, #20]
100005fc:	200f      	movs	r0, #15
100005fe:	2100      	movs	r1, #0
10000600:	616c      	str	r4, [r5, #20]
10000602:	f001 fa5f 	bl	10001ac4 <busy_wait_us>
10000606:	61ac      	str	r4, [r5, #24]
10000608:	b011      	add	sp, #68	@ 0x44
1000060a:	bcf0      	pop	{r4, r5, r6, r7}
1000060c:	46bb      	mov	fp, r7
1000060e:	46b2      	mov	sl, r6
10000610:	46a9      	mov	r9, r5
10000612:	46a0      	mov	r8, r4
10000614:	bdf0      	pop	{r4, r5, r6, r7, pc}
10000616:	46c0      	nop			@ (mov r8, r8)
10000618:	20001320 	.word	0x20001320
1000061c:	ff00ffff 	.word	0xff00ffff
10000620:	aaaaaaaa 	.word	0xaaaaaaaa
10000624:	4003c000 	.word	0x4003c000

10000628 <usbh_app_driver_get_cb>:
10000628:	2301      	movs	r3, #1
1000062a:	7003      	strb	r3, [r0, #0]
1000062c:	4800      	ldr	r0, [pc, #0]	@ (10000630 <usbh_app_driver_get_cb+0x8>)
1000062e:	4770      	bx	lr
10000630:	10009084 	.word	0x10009084

10000634 <tuh_xinput_mount_cb>:
10000634:	b570      	push	{r4, r5, r6, lr}
10000636:	000d      	movs	r5, r1
10000638:	0004      	movs	r4, r0
1000063a:	0016      	movs	r6, r2
1000063c:	b082      	sub	sp, #8
1000063e:	4826      	ldr	r0, [pc, #152]	@ (100006d8 <tuh_xinput_mount_cb+0xa4>)
10000640:	f004 faa4 	bl	10004b8c <__wrap_puts>
10000644:	4825      	ldr	r0, [pc, #148]	@ (100006dc <tuh_xinput_mount_cb+0xa8>)
10000646:	f004 faa1 	bl	10004b8c <__wrap_puts>
1000064a:	002a      	movs	r2, r5
1000064c:	0021      	movs	r1, r4
1000064e:	4824      	ldr	r0, [pc, #144]	@ (100006e0 <tuh_xinput_mount_cb+0xac>)
10000650:	f004 fb20 	bl	10004c94 <__wrap_printf>
10000654:	7833      	ldrb	r3, [r6, #0]
10000656:	3b01      	subs	r3, #1
10000658:	b2db      	uxtb	r3, r3
1000065a:	2b03      	cmp	r3, #3
1000065c:	d82f      	bhi.n	100006be <tuh_xinput_mount_cb+0x8a>
1000065e:	4a21      	ldr	r2, [pc, #132]	@ (100006e4 <tuh_xinput_mount_cb+0xb0>)
10000660:	009b      	lsls	r3, r3, #2
10000662:	5899      	ldr	r1, [r3, r2]
10000664:	4820      	ldr	r0, [pc, #128]	@ (100006e8 <tuh_xinput_mount_cb+0xb4>)
10000666:	f004 fb15 	bl	10004c94 <__wrap_printf>
1000066a:	4820      	ldr	r0, [pc, #128]	@ (100006ec <tuh_xinput_mount_cb+0xb8>)
1000066c:	f004 fa8e 	bl	10004b8c <__wrap_puts>
10000670:	2201      	movs	r2, #1
10000672:	4b1f      	ldr	r3, [pc, #124]	@ (100006f0 <tuh_xinput_mount_cb+0xbc>)
10000674:	701a      	strb	r2, [r3, #0]
10000676:	23d0      	movs	r3, #208	@ 0xd0
10000678:	2280      	movs	r2, #128	@ 0x80
1000067a:	061b      	lsls	r3, r3, #24
1000067c:	0492      	lsls	r2, r2, #18
1000067e:	615a      	str	r2, [r3, #20]
10000680:	7833      	ldrb	r3, [r6, #0]
10000682:	2b02      	cmp	r3, #2
10000684:	d024      	beq.n	100006d0 <tuh_xinput_mount_cb+0x9c>
10000686:	2b01      	cmp	r3, #1
10000688:	d01b      	beq.n	100006c2 <tuh_xinput_mount_cb+0x8e>
1000068a:	2301      	movs	r3, #1
1000068c:	2200      	movs	r2, #0
1000068e:	0029      	movs	r1, r5
10000690:	0020      	movs	r0, r4
10000692:	f007 fff7 	bl	10008684 <tuh_xinput_set_led>
10000696:	2301      	movs	r3, #1
10000698:	2201      	movs	r2, #1
1000069a:	0029      	movs	r1, r5
1000069c:	0020      	movs	r0, r4
1000069e:	f007 fff1 	bl	10008684 <tuh_xinput_set_led>
100006a2:	2301      	movs	r3, #1
100006a4:	2200      	movs	r2, #0
100006a6:	9300      	str	r3, [sp, #0]
100006a8:	0029      	movs	r1, r5
100006aa:	2300      	movs	r3, #0
100006ac:	0020      	movs	r0, r4
100006ae:	f008 f875 	bl	1000879c <tuh_xinput_set_rumble>
100006b2:	0029      	movs	r1, r5
100006b4:	0020      	movs	r0, r4
100006b6:	f007 f85d 	bl	10007774 <tuh_xinput_receive_report>
100006ba:	b002      	add	sp, #8
100006bc:	bd70      	pop	{r4, r5, r6, pc}
100006be:	490d      	ldr	r1, [pc, #52]	@ (100006f4 <tuh_xinput_mount_cb+0xc0>)
100006c0:	e7d0      	b.n	10000664 <tuh_xinput_mount_cb+0x30>
100006c2:	0029      	movs	r1, r5
100006c4:	0020      	movs	r0, r4
100006c6:	4a0c      	ldr	r2, [pc, #48]	@ (100006f8 <tuh_xinput_mount_cb+0xc4>)
100006c8:	3306      	adds	r3, #6
100006ca:	f007 f887 	bl	100077dc <tuh_xinput_send_report>
100006ce:	e7e8      	b.n	100006a2 <tuh_xinput_mount_cb+0x6e>
100006d0:	7bb3      	ldrb	r3, [r6, #14]
100006d2:	2b00      	cmp	r3, #0
100006d4:	d1d9      	bne.n	1000068a <tuh_xinput_mount_cb+0x56>
100006d6:	e7ec      	b.n	100006b2 <tuh_xinput_mount_cb+0x7e>
100006d8:	10008a48 	.word	0x10008a48
100006dc:	10008a74 	.word	0x10008a74
100006e0:	10008a94 	.word	0x10008a94
100006e4:	10008dcc 	.word	0x10008dcc
100006e8:	10008ab0 	.word	0x10008ab0
100006ec:	10008abc 	.word	0x10008abc
100006f0:	2000137e 	.word	0x2000137e
100006f4:	10008a40 	.word	0x10008a40
100006f8:	10008ddc 	.word	0x10008ddc

100006fc <tuh_xinput_umount_cb>:
100006fc:	b510      	push	{r4, lr}
100006fe:	4806      	ldr	r0, [pc, #24]	@ (10000718 <tuh_xinput_umount_cb+0x1c>)
10000700:	f004 fa44 	bl	10004b8c <__wrap_puts>
10000704:	2200      	movs	r2, #0
10000706:	4b05      	ldr	r3, [pc, #20]	@ (1000071c <tuh_xinput_umount_cb+0x20>)
10000708:	701a      	strb	r2, [r3, #0]
1000070a:	23d0      	movs	r3, #208	@ 0xd0
1000070c:	2280      	movs	r2, #128	@ 0x80
1000070e:	061b      	lsls	r3, r3, #24
10000710:	0492      	lsls	r2, r2, #18
10000712:	615a      	str	r2, [r3, #20]
10000714:	bd10      	pop	{r4, pc}
10000716:	46c0      	nop			@ (mov r8, r8)
10000718:	10008ae8 	.word	0x10008ae8
1000071c:	2000137e 	.word	0x2000137e

10000720 <tuh_xinput_report_received_cb>:
10000720:	b5f0      	push	{r4, r5, r6, r7, lr}
10000722:	46ce      	mov	lr, r9
10000724:	4647      	mov	r7, r8
10000726:	2398      	movs	r3, #152	@ 0x98
10000728:	b580      	push	{r7, lr}
1000072a:	5cd3      	ldrb	r3, [r2, r3]
1000072c:	0005      	movs	r5, r0
1000072e:	000e      	movs	r6, r1
10000730:	0014      	movs	r4, r2
10000732:	b085      	sub	sp, #20
10000734:	2b00      	cmp	r3, #0
10000736:	d106      	bne.n	10000746 <tuh_xinput_report_received_cb+0x26>
10000738:	7813      	ldrb	r3, [r2, #0]
1000073a:	2b02      	cmp	r3, #2
1000073c:	d100      	bne.n	10000740 <tuh_xinput_report_received_cb+0x20>
1000073e:	e075      	b.n	1000082c <tuh_xinput_report_received_cb+0x10c>
10000740:	7be3      	ldrb	r3, [r4, #15]
10000742:	2b00      	cmp	r3, #0
10000744:	d108      	bne.n	10000758 <tuh_xinput_report_received_cb+0x38>
10000746:	0031      	movs	r1, r6
10000748:	0028      	movs	r0, r5
1000074a:	f007 f813 	bl	10007774 <tuh_xinput_receive_report>
1000074e:	b005      	add	sp, #20
10000750:	bcc0      	pop	{r6, r7}
10000752:	46b9      	mov	r9, r7
10000754:	46b0      	mov	r8, r6
10000756:	bdf0      	pop	{r4, r5, r6, r7, pc}
10000758:	f001 f9aa 	bl	10001ab0 <time_us_64>
1000075c:	2900      	cmp	r1, #0
1000075e:	d06a      	beq.n	10000836 <tuh_xinput_report_received_cb+0x116>
10000760:	22fa      	movs	r2, #250	@ 0xfa
10000762:	2300      	movs	r3, #0
10000764:	0092      	lsls	r2, r2, #2
10000766:	f001 fda7 	bl	100022b8 <__wrap___aeabi_uldivmod>
1000076a:	0007      	movs	r7, r0
1000076c:	4885      	ldr	r0, [pc, #532]	@ (10000984 <tuh_xinput_report_received_cb+0x264>)
1000076e:	8863      	ldrh	r3, [r4, #2]
10000770:	8802      	ldrh	r2, [r0, #0]
10000772:	429a      	cmp	r2, r3
10000774:	d069      	beq.n	1000084a <tuh_xinput_report_received_cb+0x12a>
10000776:	1ca3      	adds	r3, r4, #2
10000778:	4698      	mov	r8, r3
1000077a:	4b83      	ldr	r3, [pc, #524]	@ (10000988 <tuh_xinput_report_received_cb+0x268>)
1000077c:	4699      	mov	r9, r3
1000077e:	220c      	movs	r2, #12
10000780:	4641      	mov	r1, r8
10000782:	f002 fbef 	bl	10002f64 <__wrap___aeabi_memcpy>
10000786:	f7ff fdc7 	bl	10000318 <build_and_send_payload.constprop.0>
1000078a:	464b      	mov	r3, r9
1000078c:	4a7f      	ldr	r2, [pc, #508]	@ (1000098c <tuh_xinput_report_received_cb+0x26c>)
1000078e:	601f      	str	r7, [r3, #0]
10000790:	6813      	ldr	r3, [r2, #0]
10000792:	1afb      	subs	r3, r7, r3
10000794:	2bc8      	cmp	r3, #200	@ 0xc8
10000796:	d9d6      	bls.n	10000746 <tuh_xinput_report_received_cb+0x26>
10000798:	8861      	ldrh	r1, [r4, #2]
1000079a:	487d      	ldr	r0, [pc, #500]	@ (10000990 <tuh_xinput_report_received_cb+0x270>)
1000079c:	6017      	str	r7, [r2, #0]
1000079e:	f004 fa79 	bl	10004c94 <__wrap_printf>
100007a2:	8863      	ldrh	r3, [r4, #2]
100007a4:	04da      	lsls	r2, r3, #19
100007a6:	d500      	bpl.n	100007aa <tuh_xinput_report_received_cb+0x8a>
100007a8:	e0a1      	b.n	100008ee <tuh_xinput_report_received_cb+0x1ce>
100007aa:	049a      	lsls	r2, r3, #18
100007ac:	d500      	bpl.n	100007b0 <tuh_xinput_report_received_cb+0x90>
100007ae:	e0de      	b.n	1000096e <tuh_xinput_report_received_cb+0x24e>
100007b0:	045a      	lsls	r2, r3, #17
100007b2:	d500      	bpl.n	100007b6 <tuh_xinput_report_received_cb+0x96>
100007b4:	e0d6      	b.n	10000964 <tuh_xinput_report_received_cb+0x244>
100007b6:	b21a      	sxth	r2, r3
100007b8:	2a00      	cmp	r2, #0
100007ba:	da00      	bge.n	100007be <tuh_xinput_report_received_cb+0x9e>
100007bc:	e0dc      	b.n	10000978 <tuh_xinput_report_received_cb+0x258>
100007be:	05da      	lsls	r2, r3, #23
100007c0:	d500      	bpl.n	100007c4 <tuh_xinput_report_received_cb+0xa4>
100007c2:	e0ca      	b.n	1000095a <tuh_xinput_report_received_cb+0x23a>
100007c4:	059a      	lsls	r2, r3, #22
100007c6:	d500      	bpl.n	100007ca <tuh_xinput_report_received_cb+0xaa>
100007c8:	e0c2      	b.n	10000950 <tuh_xinput_report_received_cb+0x230>
100007ca:	06da      	lsls	r2, r3, #27
100007cc:	d500      	bpl.n	100007d0 <tuh_xinput_report_received_cb+0xb0>
100007ce:	e0ba      	b.n	10000946 <tuh_xinput_report_received_cb+0x226>
100007d0:	069a      	lsls	r2, r3, #26
100007d2:	d500      	bpl.n	100007d6 <tuh_xinput_report_received_cb+0xb6>
100007d4:	e0b2      	b.n	1000093c <tuh_xinput_report_received_cb+0x21c>
100007d6:	055a      	lsls	r2, r3, #21
100007d8:	d500      	bpl.n	100007dc <tuh_xinput_report_received_cb+0xbc>
100007da:	e0aa      	b.n	10000932 <tuh_xinput_report_received_cb+0x212>
100007dc:	07da      	lsls	r2, r3, #31
100007de:	d500      	bpl.n	100007e2 <tuh_xinput_report_received_cb+0xc2>
100007e0:	e0a2      	b.n	10000928 <tuh_xinput_report_received_cb+0x208>
100007e2:	079a      	lsls	r2, r3, #30
100007e4:	d500      	bpl.n	100007e8 <tuh_xinput_report_received_cb+0xc8>
100007e6:	e09a      	b.n	1000091e <tuh_xinput_report_received_cb+0x1fe>
100007e8:	075a      	lsls	r2, r3, #29
100007ea:	d500      	bpl.n	100007ee <tuh_xinput_report_received_cb+0xce>
100007ec:	e092      	b.n	10000914 <tuh_xinput_report_received_cb+0x1f4>
100007ee:	071a      	lsls	r2, r3, #28
100007f0:	d500      	bpl.n	100007f4 <tuh_xinput_report_received_cb+0xd4>
100007f2:	e08a      	b.n	1000090a <tuh_xinput_report_received_cb+0x1ea>
100007f4:	065a      	lsls	r2, r3, #25
100007f6:	d500      	bpl.n	100007fa <tuh_xinput_report_received_cb+0xda>
100007f8:	e082      	b.n	10000900 <tuh_xinput_report_received_cb+0x1e0>
100007fa:	061b      	lsls	r3, r3, #24
100007fc:	d47c      	bmi.n	100008f8 <tuh_xinput_report_received_cb+0x1d8>
100007fe:	4643      	mov	r3, r8
10000800:	4644      	mov	r4, r8
10000802:	2204      	movs	r2, #4
10000804:	5e9b      	ldrsh	r3, [r3, r2]
10000806:	4641      	mov	r1, r8
10000808:	4642      	mov	r2, r8
1000080a:	270a      	movs	r7, #10
1000080c:	5fe4      	ldrsh	r4, [r4, r7]
1000080e:	78d2      	ldrb	r2, [r2, #3]
10000810:	7889      	ldrb	r1, [r1, #2]
10000812:	9402      	str	r4, [sp, #8]
10000814:	4644      	mov	r4, r8
10000816:	2708      	movs	r7, #8
10000818:	5fe4      	ldrsh	r4, [r4, r7]
1000081a:	485e      	ldr	r0, [pc, #376]	@ (10000994 <tuh_xinput_report_received_cb+0x274>)
1000081c:	9401      	str	r4, [sp, #4]
1000081e:	4644      	mov	r4, r8
10000820:	2706      	movs	r7, #6
10000822:	5fe4      	ldrsh	r4, [r4, r7]
10000824:	9400      	str	r4, [sp, #0]
10000826:	f004 fa35 	bl	10004c94 <__wrap_printf>
1000082a:	e78c      	b.n	10000746 <tuh_xinput_report_received_cb+0x26>
1000082c:	7b93      	ldrb	r3, [r2, #14]
1000082e:	2b00      	cmp	r3, #0
10000830:	d000      	beq.n	10000834 <tuh_xinput_report_received_cb+0x114>
10000832:	e785      	b.n	10000740 <tuh_xinput_report_received_cb+0x20>
10000834:	e787      	b.n	10000746 <tuh_xinput_report_received_cb+0x26>
10000836:	21fa      	movs	r1, #250	@ 0xfa
10000838:	0089      	lsls	r1, r1, #2
1000083a:	f001 fcff 	bl	1000223c <__wrap___aeabi_uidiv>
1000083e:	0007      	movs	r7, r0
10000840:	4850      	ldr	r0, [pc, #320]	@ (10000984 <tuh_xinput_report_received_cb+0x264>)
10000842:	8863      	ldrh	r3, [r4, #2]
10000844:	8802      	ldrh	r2, [r0, #0]
10000846:	429a      	cmp	r2, r3
10000848:	d195      	bne.n	10000776 <tuh_xinput_report_received_cb+0x56>
1000084a:	2204      	movs	r2, #4
1000084c:	5e83      	ldrsh	r3, [r0, r2]
1000084e:	1ca2      	adds	r2, r4, #2
10000850:	4690      	mov	r8, r2
10000852:	2106      	movs	r1, #6
10000854:	5e62      	ldrsh	r2, [r4, r1]
10000856:	1a9b      	subs	r3, r3, r2
10000858:	17da      	asrs	r2, r3, #31
1000085a:	189b      	adds	r3, r3, r2
1000085c:	4053      	eors	r3, r2
1000085e:	2280      	movs	r2, #128	@ 0x80
10000860:	0052      	lsls	r2, r2, #1
10000862:	4293      	cmp	r3, r2
10000864:	dc40      	bgt.n	100008e8 <tuh_xinput_report_received_cb+0x1c8>
10000866:	2106      	movs	r1, #6
10000868:	5e43      	ldrsh	r3, [r0, r1]
1000086a:	4641      	mov	r1, r8
1000086c:	469c      	mov	ip, r3
1000086e:	2306      	movs	r3, #6
10000870:	5ec9      	ldrsh	r1, [r1, r3]
10000872:	4663      	mov	r3, ip
10000874:	1a5b      	subs	r3, r3, r1
10000876:	17d9      	asrs	r1, r3, #31
10000878:	185b      	adds	r3, r3, r1
1000087a:	404b      	eors	r3, r1
1000087c:	4293      	cmp	r3, r2
1000087e:	dc33      	bgt.n	100008e8 <tuh_xinput_report_received_cb+0x1c8>
10000880:	2108      	movs	r1, #8
10000882:	5e43      	ldrsh	r3, [r0, r1]
10000884:	4641      	mov	r1, r8
10000886:	469c      	mov	ip, r3
10000888:	2308      	movs	r3, #8
1000088a:	5ec9      	ldrsh	r1, [r1, r3]
1000088c:	4663      	mov	r3, ip
1000088e:	1a5b      	subs	r3, r3, r1
10000890:	17d9      	asrs	r1, r3, #31
10000892:	185b      	adds	r3, r3, r1
10000894:	404b      	eors	r3, r1
10000896:	4293      	cmp	r3, r2
10000898:	dc26      	bgt.n	100008e8 <tuh_xinput_report_received_cb+0x1c8>
1000089a:	210a      	movs	r1, #10
1000089c:	5e43      	ldrsh	r3, [r0, r1]
1000089e:	4641      	mov	r1, r8
100008a0:	469c      	mov	ip, r3
100008a2:	230a      	movs	r3, #10
100008a4:	5ec9      	ldrsh	r1, [r1, r3]
100008a6:	4663      	mov	r3, ip
100008a8:	1a5b      	subs	r3, r3, r1
100008aa:	17d9      	asrs	r1, r3, #31
100008ac:	185b      	adds	r3, r3, r1
100008ae:	404b      	eors	r3, r1
100008b0:	4293      	cmp	r3, r2
100008b2:	dc19      	bgt.n	100008e8 <tuh_xinput_report_received_cb+0x1c8>
100008b4:	4642      	mov	r2, r8
100008b6:	7883      	ldrb	r3, [r0, #2]
100008b8:	7892      	ldrb	r2, [r2, #2]
100008ba:	1a9b      	subs	r3, r3, r2
100008bc:	17da      	asrs	r2, r3, #31
100008be:	189b      	adds	r3, r3, r2
100008c0:	4053      	eors	r3, r2
100008c2:	2b08      	cmp	r3, #8
100008c4:	dc10      	bgt.n	100008e8 <tuh_xinput_report_received_cb+0x1c8>
100008c6:	4642      	mov	r2, r8
100008c8:	78c3      	ldrb	r3, [r0, #3]
100008ca:	78d2      	ldrb	r2, [r2, #3]
100008cc:	1a9b      	subs	r3, r3, r2
100008ce:	17da      	asrs	r2, r3, #31
100008d0:	189b      	adds	r3, r3, r2
100008d2:	4053      	eors	r3, r2
100008d4:	2b08      	cmp	r3, #8
100008d6:	dc07      	bgt.n	100008e8 <tuh_xinput_report_received_cb+0x1c8>
100008d8:	4b2b      	ldr	r3, [pc, #172]	@ (10000988 <tuh_xinput_report_received_cb+0x268>)
100008da:	4699      	mov	r9, r3
100008dc:	681b      	ldr	r3, [r3, #0]
100008de:	1afb      	subs	r3, r7, r3
100008e0:	2b0f      	cmp	r3, #15
100008e2:	d800      	bhi.n	100008e6 <tuh_xinput_report_received_cb+0x1c6>
100008e4:	e72f      	b.n	10000746 <tuh_xinput_report_received_cb+0x26>
100008e6:	e74a      	b.n	1000077e <tuh_xinput_report_received_cb+0x5e>
100008e8:	4b27      	ldr	r3, [pc, #156]	@ (10000988 <tuh_xinput_report_received_cb+0x268>)
100008ea:	4699      	mov	r9, r3
100008ec:	e747      	b.n	1000077e <tuh_xinput_report_received_cb+0x5e>
100008ee:	482a      	ldr	r0, [pc, #168]	@ (10000998 <tuh_xinput_report_received_cb+0x278>)
100008f0:	f004 f9d0 	bl	10004c94 <__wrap_printf>
100008f4:	8863      	ldrh	r3, [r4, #2]
100008f6:	e758      	b.n	100007aa <tuh_xinput_report_received_cb+0x8a>
100008f8:	4828      	ldr	r0, [pc, #160]	@ (1000099c <tuh_xinput_report_received_cb+0x27c>)
100008fa:	f004 f9cb 	bl	10004c94 <__wrap_printf>
100008fe:	e77e      	b.n	100007fe <tuh_xinput_report_received_cb+0xde>
10000900:	4827      	ldr	r0, [pc, #156]	@ (100009a0 <tuh_xinput_report_received_cb+0x280>)
10000902:	f004 f9c7 	bl	10004c94 <__wrap_printf>
10000906:	8863      	ldrh	r3, [r4, #2]
10000908:	e777      	b.n	100007fa <tuh_xinput_report_received_cb+0xda>
1000090a:	4826      	ldr	r0, [pc, #152]	@ (100009a4 <tuh_xinput_report_received_cb+0x284>)
1000090c:	f004 f9c2 	bl	10004c94 <__wrap_printf>
10000910:	8863      	ldrh	r3, [r4, #2]
10000912:	e76f      	b.n	100007f4 <tuh_xinput_report_received_cb+0xd4>
10000914:	4824      	ldr	r0, [pc, #144]	@ (100009a8 <tuh_xinput_report_received_cb+0x288>)
10000916:	f004 f9bd 	bl	10004c94 <__wrap_printf>
1000091a:	8863      	ldrh	r3, [r4, #2]
1000091c:	e767      	b.n	100007ee <tuh_xinput_report_received_cb+0xce>
1000091e:	4823      	ldr	r0, [pc, #140]	@ (100009ac <tuh_xinput_report_received_cb+0x28c>)
10000920:	f004 f9b8 	bl	10004c94 <__wrap_printf>
10000924:	8863      	ldrh	r3, [r4, #2]
10000926:	e75f      	b.n	100007e8 <tuh_xinput_report_received_cb+0xc8>
10000928:	4821      	ldr	r0, [pc, #132]	@ (100009b0 <tuh_xinput_report_received_cb+0x290>)
1000092a:	f004 f9b3 	bl	10004c94 <__wrap_printf>
1000092e:	8863      	ldrh	r3, [r4, #2]
10000930:	e757      	b.n	100007e2 <tuh_xinput_report_received_cb+0xc2>
10000932:	4820      	ldr	r0, [pc, #128]	@ (100009b4 <tuh_xinput_report_received_cb+0x294>)
10000934:	f004 f9ae 	bl	10004c94 <__wrap_printf>
10000938:	8863      	ldrh	r3, [r4, #2]
1000093a:	e74f      	b.n	100007dc <tuh_xinput_report_received_cb+0xbc>
1000093c:	481e      	ldr	r0, [pc, #120]	@ (100009b8 <tuh_xinput_report_received_cb+0x298>)
1000093e:	f004 f9a9 	bl	10004c94 <__wrap_printf>
10000942:	8863      	ldrh	r3, [r4, #2]
10000944:	e747      	b.n	100007d6 <tuh_xinput_report_received_cb+0xb6>
10000946:	481d      	ldr	r0, [pc, #116]	@ (100009bc <tuh_xinput_report_received_cb+0x29c>)
10000948:	f004 f9a4 	bl	10004c94 <__wrap_printf>
1000094c:	8863      	ldrh	r3, [r4, #2]
1000094e:	e73f      	b.n	100007d0 <tuh_xinput_report_received_cb+0xb0>
10000950:	481b      	ldr	r0, [pc, #108]	@ (100009c0 <tuh_xinput_report_received_cb+0x2a0>)
10000952:	f004 f99f 	bl	10004c94 <__wrap_printf>
10000956:	8863      	ldrh	r3, [r4, #2]
10000958:	e737      	b.n	100007ca <tuh_xinput_report_received_cb+0xaa>
1000095a:	481a      	ldr	r0, [pc, #104]	@ (100009c4 <tuh_xinput_report_received_cb+0x2a4>)
1000095c:	f004 f99a 	bl	10004c94 <__wrap_printf>
10000960:	8863      	ldrh	r3, [r4, #2]
10000962:	e72f      	b.n	100007c4 <tuh_xinput_report_received_cb+0xa4>
10000964:	4818      	ldr	r0, [pc, #96]	@ (100009c8 <tuh_xinput_report_received_cb+0x2a8>)
10000966:	f004 f995 	bl	10004c94 <__wrap_printf>
1000096a:	8863      	ldrh	r3, [r4, #2]
1000096c:	e723      	b.n	100007b6 <tuh_xinput_report_received_cb+0x96>
1000096e:	4817      	ldr	r0, [pc, #92]	@ (100009cc <tuh_xinput_report_received_cb+0x2ac>)
10000970:	f004 f990 	bl	10004c94 <__wrap_printf>
10000974:	8863      	ldrh	r3, [r4, #2]
10000976:	e71b      	b.n	100007b0 <tuh_xinput_report_received_cb+0x90>
10000978:	4815      	ldr	r0, [pc, #84]	@ (100009d0 <tuh_xinput_report_received_cb+0x2b0>)
1000097a:	f004 f98b 	bl	10004c94 <__wrap_printf>
1000097e:	8863      	ldrh	r3, [r4, #2]
10000980:	e71d      	b.n	100007be <tuh_xinput_report_received_cb+0x9e>
10000982:	46c0      	nop			@ (mov r8, r8)
10000984:	20001320 	.word	0x20001320
10000988:	20001330 	.word	0x20001330
1000098c:	2000132c 	.word	0x2000132c
10000990:	10008afc 	.word	0x10008afc
10000994:	10008b44 	.word	0x10008b44
10000998:	10008b08 	.word	0x10008b08
1000099c:	10008b40 	.word	0x10008b40
100009a0:	10008b3c 	.word	0x10008b3c
100009a4:	10008b38 	.word	0x10008b38
100009a8:	10008b34 	.word	0x10008b34
100009ac:	10008b30 	.word	0x10008b30
100009b0:	10008b2c 	.word	0x10008b2c
100009b4:	10008b28 	.word	0x10008b28
100009b8:	10008b24 	.word	0x10008b24
100009bc:	10008b20 	.word	0x10008b20
100009c0:	10008b1c 	.word	0x10008b1c
100009c4:	10008b18 	.word	0x10008b18
100009c8:	10008b10 	.word	0x10008b10
100009cc:	10008b0c 	.word	0x10008b0c
100009d0:	10008b14 	.word	0x10008b14

100009d4 <main>:
100009d4:	b5f0      	push	{r4, r5, r6, r7, lr}
100009d6:	46c6      	mov	lr, r8
100009d8:	24d0      	movs	r4, #208	@ 0xd0
100009da:	2680      	movs	r6, #128	@ 0x80
100009dc:	2503      	movs	r5, #3
100009de:	b500      	push	{lr}
100009e0:	b084      	sub	sp, #16
100009e2:	0624      	lsls	r4, r4, #24
100009e4:	04b6      	lsls	r6, r6, #18
100009e6:	f006 fdad 	bl	10007544 <board_init>
100009ea:	f004 f87f 	bl	10004aec <stdio_init_all>
100009ee:	2019      	movs	r0, #25
100009f0:	f000 f90e 	bl	10000c10 <gpio_init>
100009f4:	6266      	str	r6, [r4, #36]	@ 0x24
100009f6:	6166      	str	r6, [r4, #20]
100009f8:	2064      	movs	r0, #100	@ 0x64
100009fa:	61a6      	str	r6, [r4, #24]
100009fc:	f000 ff42 	bl	10001884 <sleep_ms>
10000a00:	3d01      	subs	r5, #1
10000a02:	2064      	movs	r0, #100	@ 0x64
10000a04:	6166      	str	r6, [r4, #20]
10000a06:	f000 ff3d 	bl	10001884 <sleep_ms>
10000a0a:	2d00      	cmp	r5, #0
10000a0c:	d1f4      	bne.n	100009f8 <main+0x24>
10000a0e:	4869      	ldr	r0, [pc, #420]	@ (10000bb4 <main+0x1e0>)
10000a10:	f004 f8bc 	bl	10004b8c <__wrap_puts>
10000a14:	4868      	ldr	r0, [pc, #416]	@ (10000bb8 <main+0x1e4>)
10000a16:	f004 f8b9 	bl	10004b8c <__wrap_puts>
10000a1a:	2302      	movs	r3, #2
10000a1c:	ae02      	add	r6, sp, #8
10000a1e:	8033      	strh	r3, [r6, #0]
10000a20:	0031      	movs	r1, r6
10000a22:	2000      	movs	r0, #0
10000a24:	f005 fde8 	bl	100065f8 <tuh_rhport_init>
10000a28:	4864      	ldr	r0, [pc, #400]	@ (10000bbc <main+0x1e8>)
10000a2a:	f004 f8af 	bl	10004b8c <__wrap_puts>
10000a2e:	4964      	ldr	r1, [pc, #400]	@ (10000bc0 <main+0x1ec>)
10000a30:	4864      	ldr	r0, [pc, #400]	@ (10000bc4 <main+0x1f0>)
10000a32:	f004 fa4f 	bl	10004ed4 <spi_init>
10000a36:	2101      	movs	r1, #1
10000a38:	2002      	movs	r0, #2
10000a3a:	f000 f8cf 	bl	10000bdc <gpio_set_function>
10000a3e:	2101      	movs	r1, #1
10000a40:	2003      	movs	r0, #3
10000a42:	f000 f8cb 	bl	10000bdc <gpio_set_function>
10000a46:	2101      	movs	r1, #1
10000a48:	2004      	movs	r0, #4
10000a4a:	f000 f8c7 	bl	10000bdc <gpio_set_function>
10000a4e:	2010      	movs	r0, #16
10000a50:	f000 f8de 	bl	10000c10 <gpio_init>
10000a54:	2380      	movs	r3, #128	@ 0x80
10000a56:	2580      	movs	r5, #128	@ 0x80
10000a58:	025b      	lsls	r3, r3, #9
10000a5a:	02ad      	lsls	r5, r5, #10
10000a5c:	6263      	str	r3, [r4, #36]	@ 0x24
10000a5e:	2011      	movs	r0, #17
10000a60:	61a3      	str	r3, [r4, #24]
10000a62:	f000 f8d5 	bl	10000c10 <gpio_init>
10000a66:	6265      	str	r5, [r4, #36]	@ 0x24
10000a68:	200f      	movs	r0, #15
10000a6a:	6165      	str	r5, [r4, #20]
10000a6c:	f000 ff0a 	bl	10001884 <sleep_ms>
10000a70:	2100      	movs	r1, #0
10000a72:	2001      	movs	r0, #1
10000a74:	f7ff fc2e 	bl	100002d4 <nrf_write_register>
10000a78:	2103      	movs	r1, #3
10000a7a:	2003      	movs	r0, #3
10000a7c:	f7ff fc2a 	bl	100002d4 <nrf_write_register>
10000a80:	2100      	movs	r1, #0
10000a82:	2004      	movs	r0, #4
10000a84:	f7ff fc26 	bl	100002d4 <nrf_write_register>
10000a88:	2102      	movs	r1, #2
10000a8a:	2005      	movs	r0, #5
10000a8c:	f7ff fc22 	bl	100002d4 <nrf_write_register>
10000a90:	210e      	movs	r1, #14
10000a92:	2006      	movs	r0, #6
10000a94:	f7ff fc1e 	bl	100002d4 <nrf_write_register>
10000a98:	4b4b      	ldr	r3, [pc, #300]	@ (10000bc8 <main+0x1f4>)
10000a9a:	4669      	mov	r1, sp
10000a9c:	681a      	ldr	r2, [r3, #0]
10000a9e:	3106      	adds	r1, #6
10000aa0:	9202      	str	r2, [sp, #8]
10000aa2:	791b      	ldrb	r3, [r3, #4]
10000aa4:	466a      	mov	r2, sp
10000aa6:	7133      	strb	r3, [r6, #4]
10000aa8:	2330      	movs	r3, #48	@ 0x30
10000aaa:	61a5      	str	r5, [r4, #24]
10000aac:	4845      	ldr	r0, [pc, #276]	@ (10000bc4 <main+0x1f0>)
10000aae:	7193      	strb	r3, [r2, #6]
10000ab0:	3b2f      	subs	r3, #47	@ 0x2f
10000ab2:	3207      	adds	r2, #7
10000ab4:	f007 ff88 	bl	100089c8 <__spi_write_read_blocking_veneer>
10000ab8:	0031      	movs	r1, r6
10000aba:	2205      	movs	r2, #5
10000abc:	4841      	ldr	r0, [pc, #260]	@ (10000bc4 <main+0x1f0>)
10000abe:	f007 ff7b 	bl	100089b8 <__spi_write_blocking_veneer>
10000ac2:	232a      	movs	r3, #42	@ 0x2a
10000ac4:	466a      	mov	r2, sp
10000ac6:	4669      	mov	r1, sp
10000ac8:	6165      	str	r5, [r4, #20]
10000aca:	3106      	adds	r1, #6
10000acc:	61a5      	str	r5, [r4, #24]
10000ace:	483d      	ldr	r0, [pc, #244]	@ (10000bc4 <main+0x1f0>)
10000ad0:	7193      	strb	r3, [r2, #6]
10000ad2:	3b29      	subs	r3, #41	@ 0x29
10000ad4:	3207      	adds	r2, #7
10000ad6:	f007 ff77 	bl	100089c8 <__spi_write_read_blocking_veneer>
10000ada:	2205      	movs	r2, #5
10000adc:	0031      	movs	r1, r6
10000ade:	4839      	ldr	r0, [pc, #228]	@ (10000bc4 <main+0x1f0>)
10000ae0:	f007 ff6a 	bl	100089b8 <__spi_write_blocking_veneer>
10000ae4:	210e      	movs	r1, #14
10000ae6:	2011      	movs	r0, #17
10000ae8:	6165      	str	r5, [r4, #20]
10000aea:	f7ff fbf3 	bl	100002d4 <nrf_write_register>
10000aee:	217e      	movs	r1, #126	@ 0x7e
10000af0:	2000      	movs	r0, #0
10000af2:	f7ff fbef 	bl	100002d4 <nrf_write_register>
10000af6:	2002      	movs	r0, #2
10000af8:	f000 fec4 	bl	10001884 <sleep_ms>
10000afc:	23e1      	movs	r3, #225	@ 0xe1
10000afe:	466a      	mov	r2, sp
10000b00:	4669      	mov	r1, sp
10000b02:	61a5      	str	r5, [r4, #24]
10000b04:	3106      	adds	r1, #6
10000b06:	7193      	strb	r3, [r2, #6]
10000b08:	482e      	ldr	r0, [pc, #184]	@ (10000bc4 <main+0x1f0>)
10000b0a:	3be0      	subs	r3, #224	@ 0xe0
10000b0c:	3207      	adds	r2, #7
10000b0e:	f007 ff5b 	bl	100089c8 <__spi_write_read_blocking_veneer>
10000b12:	23e2      	movs	r3, #226	@ 0xe2
10000b14:	466a      	mov	r2, sp
10000b16:	4669      	mov	r1, sp
10000b18:	6165      	str	r5, [r4, #20]
10000b1a:	3106      	adds	r1, #6
10000b1c:	61a5      	str	r5, [r4, #24]
10000b1e:	4829      	ldr	r0, [pc, #164]	@ (10000bc4 <main+0x1f0>)
10000b20:	7193      	strb	r3, [r2, #6]
10000b22:	3be1      	subs	r3, #225	@ 0xe1
10000b24:	3207      	adds	r2, #7
10000b26:	f007 ff4f 	bl	100089c8 <__spi_write_read_blocking_veneer>
10000b2a:	6165      	str	r5, [r4, #20]
10000b2c:	2170      	movs	r1, #112	@ 0x70
10000b2e:	2007      	movs	r0, #7
10000b30:	f7ff fbd0 	bl	100002d4 <nrf_write_register>
10000b34:	4b25      	ldr	r3, [pc, #148]	@ (10000bcc <main+0x1f8>)
10000b36:	4e26      	ldr	r6, [pc, #152]	@ (10000bd0 <main+0x1fc>)
10000b38:	4698      	mov	r8, r3
10000b3a:	4f26      	ldr	r7, [pc, #152]	@ (10000bd4 <main+0x200>)
10000b3c:	4d26      	ldr	r5, [pc, #152]	@ (10000bd8 <main+0x204>)
10000b3e:	2001      	movs	r0, #1
10000b40:	2100      	movs	r1, #0
10000b42:	4240      	negs	r0, r0
10000b44:	f005 ffe4 	bl	10006b10 <tuh_task_ext>
10000b48:	f000 ffb2 	bl	10001ab0 <time_us_64>
10000b4c:	2900      	cmp	r1, #0
10000b4e:	d024      	beq.n	10000b9a <main+0x1c6>
10000b50:	22fa      	movs	r2, #250	@ 0xfa
10000b52:	2300      	movs	r3, #0
10000b54:	0092      	lsls	r2, r2, #2
10000b56:	f001 fbaf 	bl	100022b8 <__wrap___aeabi_uldivmod>
10000b5a:	0004      	movs	r4, r0
10000b5c:	7833      	ldrb	r3, [r6, #0]
10000b5e:	2b00      	cmp	r3, #0
10000b60:	d113      	bne.n	10000b8a <main+0x1b6>
10000b62:	22fa      	movs	r2, #250	@ 0xfa
10000b64:	683b      	ldr	r3, [r7, #0]
10000b66:	0052      	lsls	r2, r2, #1
10000b68:	1ae3      	subs	r3, r4, r3
10000b6a:	4293      	cmp	r3, r2
10000b6c:	d30d      	bcc.n	10000b8a <main+0x1b6>
10000b6e:	4643      	mov	r3, r8
10000b70:	3af4      	subs	r2, #244	@ 0xf4
10000b72:	781b      	ldrb	r3, [r3, #0]
10000b74:	3aff      	subs	r2, #255	@ 0xff
10000b76:	4053      	eors	r3, r2
10000b78:	4642      	mov	r2, r8
10000b7a:	7013      	strb	r3, [r2, #0]
10000b7c:	d013      	beq.n	10000ba6 <main+0x1d2>
10000b7e:	23d0      	movs	r3, #208	@ 0xd0
10000b80:	2280      	movs	r2, #128	@ 0x80
10000b82:	061b      	lsls	r3, r3, #24
10000b84:	0492      	lsls	r2, r2, #18
10000b86:	615a      	str	r2, [r3, #20]
10000b88:	603c      	str	r4, [r7, #0]
10000b8a:	682b      	ldr	r3, [r5, #0]
10000b8c:	1ae3      	subs	r3, r4, r3
10000b8e:	2b0f      	cmp	r3, #15
10000b90:	d9d5      	bls.n	10000b3e <main+0x16a>
10000b92:	f7ff fbc1 	bl	10000318 <build_and_send_payload.constprop.0>
10000b96:	602c      	str	r4, [r5, #0]
10000b98:	e7d1      	b.n	10000b3e <main+0x16a>
10000b9a:	21fa      	movs	r1, #250	@ 0xfa
10000b9c:	0089      	lsls	r1, r1, #2
10000b9e:	f001 fb4d 	bl	1000223c <__wrap___aeabi_uidiv>
10000ba2:	0004      	movs	r4, r0
10000ba4:	e7da      	b.n	10000b5c <main+0x188>
10000ba6:	23d0      	movs	r3, #208	@ 0xd0
10000ba8:	2280      	movs	r2, #128	@ 0x80
10000baa:	061b      	lsls	r3, r3, #24
10000bac:	0492      	lsls	r2, r2, #18
10000bae:	619a      	str	r2, [r3, #24]
10000bb0:	e7ea      	b.n	10000b88 <main+0x1b4>
10000bb2:	46c0      	nop			@ (mov r8, r8)
10000bb4:	10008b70 	.word	0x10008b70
10000bb8:	10008ba0 	.word	0x10008ba0
10000bbc:	10008bd0 	.word	0x10008bd0
10000bc0:	001e8480 	.word	0x001e8480
10000bc4:	4003c000 	.word	0x4003c000
10000bc8:	10008c00 	.word	0x10008c00
10000bcc:	20001381 	.word	0x20001381
10000bd0:	2000137e 	.word	0x2000137e
10000bd4:	2000131c 	.word	0x2000131c
10000bd8:	20001330 	.word	0x20001330

10000bdc <gpio_set_function>:
10000bdc:	4a09      	ldr	r2, [pc, #36]	@ (10000c04 <gpio_set_function+0x28>)
10000bde:	0083      	lsls	r3, r0, #2
10000be0:	189a      	adds	r2, r3, r2
10000be2:	b510      	push	{r4, lr}
10000be4:	6814      	ldr	r4, [r2, #0]
10000be6:	2240      	movs	r2, #64	@ 0x40
10000be8:	4054      	eors	r4, r2
10000bea:	3280      	adds	r2, #128	@ 0x80
10000bec:	4022      	ands	r2, r4
10000bee:	4c06      	ldr	r4, [pc, #24]	@ (10000c08 <gpio_set_function+0x2c>)
10000bf0:	00c0      	lsls	r0, r0, #3
10000bf2:	46a4      	mov	ip, r4
10000bf4:	4463      	add	r3, ip
10000bf6:	601a      	str	r2, [r3, #0]
10000bf8:	4b04      	ldr	r3, [pc, #16]	@ (10000c0c <gpio_set_function+0x30>)
10000bfa:	469c      	mov	ip, r3
10000bfc:	4460      	add	r0, ip
10000bfe:	6041      	str	r1, [r0, #4]
10000c00:	bd10      	pop	{r4, pc}
10000c02:	46c0      	nop			@ (mov r8, r8)
10000c04:	4001c004 	.word	0x4001c004
10000c08:	4001d004 	.word	0x4001d004
10000c0c:	40014000 	.word	0x40014000

10000c10 <gpio_init>:
10000c10:	2301      	movs	r3, #1
10000c12:	22d0      	movs	r2, #208	@ 0xd0
10000c14:	4083      	lsls	r3, r0
10000c16:	0612      	lsls	r2, r2, #24
10000c18:	6293      	str	r3, [r2, #40]	@ 0x28
10000c1a:	6193      	str	r3, [r2, #24]
10000c1c:	4a09      	ldr	r2, [pc, #36]	@ (10000c44 <gpio_init+0x34>)
10000c1e:	0083      	lsls	r3, r0, #2
10000c20:	189a      	adds	r2, r3, r2
10000c22:	6811      	ldr	r1, [r2, #0]
10000c24:	2240      	movs	r2, #64	@ 0x40
10000c26:	4051      	eors	r1, r2
10000c28:	3280      	adds	r2, #128	@ 0x80
10000c2a:	400a      	ands	r2, r1
10000c2c:	4906      	ldr	r1, [pc, #24]	@ (10000c48 <gpio_init+0x38>)
10000c2e:	00c0      	lsls	r0, r0, #3
10000c30:	468c      	mov	ip, r1
10000c32:	4463      	add	r3, ip
10000c34:	601a      	str	r2, [r3, #0]
10000c36:	4b05      	ldr	r3, [pc, #20]	@ (10000c4c <gpio_init+0x3c>)
10000c38:	469c      	mov	ip, r3
10000c3a:	2305      	movs	r3, #5
10000c3c:	4460      	add	r0, ip
10000c3e:	6043      	str	r3, [r0, #4]
10000c40:	4770      	bx	lr
10000c42:	46c0      	nop			@ (mov r8, r8)
10000c44:	4001c004 	.word	0x4001c004
10000c48:	4001d004 	.word	0x4001d004
10000c4c:	40014000 	.word	0x40014000

10000c50 <panic>:
10000c50:	b40f      	push	{r0, r1, r2, r3}
10000c52:	b500      	push	{lr}
10000c54:	4808      	ldr	r0, [pc, #32]	@ (10000c78 <panic+0x28>)
10000c56:	b083      	sub	sp, #12
10000c58:	f003 ff98 	bl	10004b8c <__wrap_puts>
10000c5c:	9b04      	ldr	r3, [sp, #16]
10000c5e:	2b00      	cmp	r3, #0
10000c60:	d007      	beq.n	10000c72 <panic+0x22>
10000c62:	a905      	add	r1, sp, #20
10000c64:	0018      	movs	r0, r3
10000c66:	9101      	str	r1, [sp, #4]
10000c68:	f003 fde4 	bl	10004834 <weak_raw_vprintf>
10000c6c:	4803      	ldr	r0, [pc, #12]	@ (10000c7c <panic+0x2c>)
10000c6e:	f003 ff8d 	bl	10004b8c <__wrap_puts>
10000c72:	2001      	movs	r0, #1
10000c74:	f003 fdf6 	bl	10004864 <_exit>
10000c78:	10008c40 	.word	0x10008c40
10000c7c:	10008c50 	.word	0x10008c50

10000c80 <hw_claim_or_assert>:
10000c80:	b570      	push	{r4, r5, r6, lr}
10000c82:	f3ef 8c10 	mrs	ip, PRIMASK
10000c86:	b672      	cpsid	i
10000c88:	4d0d      	ldr	r5, [pc, #52]	@ (10000cc0 <hw_claim_or_assert+0x40>)
10000c8a:	682b      	ldr	r3, [r5, #0]
10000c8c:	2b00      	cmp	r3, #0
10000c8e:	d0fc      	beq.n	10000c8a <hw_claim_or_assert+0xa>
10000c90:	f3bf 8f5f 	dmb	sy
10000c94:	2407      	movs	r4, #7
10000c96:	08cb      	lsrs	r3, r1, #3
10000c98:	18c6      	adds	r6, r0, r3
10000c9a:	5cc0      	ldrb	r0, [r0, r3]
10000c9c:	2301      	movs	r3, #1
10000c9e:	400c      	ands	r4, r1
10000ca0:	40a3      	lsls	r3, r4
10000ca2:	001c      	movs	r4, r3
10000ca4:	4004      	ands	r4, r0
10000ca6:	4203      	tst	r3, r0
10000ca8:	d107      	bne.n	10000cba <hw_claim_or_assert+0x3a>
10000caa:	4318      	orrs	r0, r3
10000cac:	7030      	strb	r0, [r6, #0]
10000cae:	f3bf 8f5f 	dmb	sy
10000cb2:	602c      	str	r4, [r5, #0]
10000cb4:	f38c 8810 	msr	PRIMASK, ip
10000cb8:	bd70      	pop	{r4, r5, r6, pc}
10000cba:	0010      	movs	r0, r2
10000cbc:	f7ff ffc8 	bl	10000c50 <panic>
10000cc0:	d000012c 	.word	0xd000012c

10000cc4 <hw_claim_unused_from_range>:
10000cc4:	b5f8      	push	{r3, r4, r5, r6, r7, lr}
10000cc6:	4647      	mov	r7, r8
10000cc8:	46ce      	mov	lr, r9
10000cca:	4688      	mov	r8, r1
10000ccc:	b580      	push	{r7, lr}
10000cce:	f3ef 8c10 	mrs	ip, PRIMASK
10000cd2:	b672      	cpsid	i
10000cd4:	4d1c      	ldr	r5, [pc, #112]	@ (10000d48 <hw_claim_unused_from_range+0x84>)
10000cd6:	682c      	ldr	r4, [r5, #0]
10000cd8:	2c00      	cmp	r4, #0
10000cda:	d0fc      	beq.n	10000cd6 <hw_claim_unused_from_range+0x12>
10000cdc:	f3bf 8f5f 	dmb	sy
10000ce0:	429a      	cmp	r2, r3
10000ce2:	d822      	bhi.n	10000d2a <hw_claim_unused_from_range+0x66>
10000ce4:	2107      	movs	r1, #7
10000ce6:	2601      	movs	r6, #1
10000ce8:	4689      	mov	r9, r1
10000cea:	e002      	b.n	10000cf2 <hw_claim_unused_from_range+0x2e>
10000cec:	3201      	adds	r2, #1
10000cee:	4293      	cmp	r3, r2
10000cf0:	d318      	bcc.n	10000d24 <hw_claim_unused_from_range+0x60>
10000cf2:	464d      	mov	r5, r9
10000cf4:	0037      	movs	r7, r6
10000cf6:	4015      	ands	r5, r2
10000cf8:	40af      	lsls	r7, r5
10000cfa:	08d4      	lsrs	r4, r2, #3
10000cfc:	1901      	adds	r1, r0, r4
10000cfe:	5d04      	ldrb	r4, [r0, r4]
10000d00:	4227      	tst	r7, r4
10000d02:	d1f3      	bne.n	10000cec <hw_claim_unused_from_range+0x28>
10000d04:	0010      	movs	r0, r2
10000d06:	433c      	orrs	r4, r7
10000d08:	700c      	strb	r4, [r1, #0]
10000d0a:	f3bf 8f5f 	dmb	sy
10000d0e:	2200      	movs	r2, #0
10000d10:	4b0d      	ldr	r3, [pc, #52]	@ (10000d48 <hw_claim_unused_from_range+0x84>)
10000d12:	601a      	str	r2, [r3, #0]
10000d14:	f38c 8810 	msr	PRIMASK, ip
10000d18:	2800      	cmp	r0, #0
10000d1a:	db0e      	blt.n	10000d3a <hw_claim_unused_from_range+0x76>
10000d1c:	bcc0      	pop	{r6, r7}
10000d1e:	46b9      	mov	r9, r7
10000d20:	46b0      	mov	r8, r6
10000d22:	bdf8      	pop	{r3, r4, r5, r6, r7, pc}
10000d24:	2001      	movs	r0, #1
10000d26:	4240      	negs	r0, r0
10000d28:	e7ef      	b.n	10000d0a <hw_claim_unused_from_range+0x46>
10000d2a:	f3bf 8f5f 	dmb	sy
10000d2e:	2300      	movs	r3, #0
10000d30:	602b      	str	r3, [r5, #0]
10000d32:	f38c 8810 	msr	PRIMASK, ip
10000d36:	2001      	movs	r0, #1
10000d38:	4240      	negs	r0, r0
10000d3a:	4643      	mov	r3, r8
10000d3c:	2b00      	cmp	r3, #0
10000d3e:	d0ed      	beq.n	10000d1c <hw_claim_unused_from_range+0x58>
10000d40:	9808      	ldr	r0, [sp, #32]
10000d42:	f7ff ff85 	bl	10000c50 <panic>
10000d46:	46c0      	nop			@ (mov r8, r8)
10000d48:	d000012c 	.word	0xd000012c

10000d4c <next_striped_spin_lock_num>:
10000d4c:	4a04      	ldr	r2, [pc, #16]	@ (10000d60 <next_striped_spin_lock_num+0x14>)
10000d4e:	7810      	ldrb	r0, [r2, #0]
10000d50:	1c43      	adds	r3, r0, #1
10000d52:	b2db      	uxtb	r3, r3
10000d54:	2b17      	cmp	r3, #23
10000d56:	d900      	bls.n	10000d5a <next_striped_spin_lock_num+0xe>
10000d58:	2310      	movs	r3, #16
10000d5a:	7013      	strb	r3, [r2, #0]
10000d5c:	4770      	bx	lr
10000d5e:	46c0      	nop			@ (mov r8, r8)
10000d60:	200005c8 	.word	0x200005c8

10000d64 <spin_lock_claim_unused>:
10000d64:	b510      	push	{r4, lr}
10000d66:	4b06      	ldr	r3, [pc, #24]	@ (10000d80 <spin_lock_claim_unused+0x1c>)
10000d68:	4c06      	ldr	r4, [pc, #24]	@ (10000d84 <spin_lock_claim_unused+0x20>)
10000d6a:	b082      	sub	sp, #8
10000d6c:	0001      	movs	r1, r0
10000d6e:	9300      	str	r3, [sp, #0]
10000d70:	2218      	movs	r2, #24
10000d72:	231f      	movs	r3, #31
10000d74:	0020      	movs	r0, r4
10000d76:	f7ff ffa5 	bl	10000cc4 <hw_claim_unused_from_range>
10000d7a:	b002      	add	sp, #8
10000d7c:	bd10      	pop	{r4, pc}
10000d7e:	46c0      	nop			@ (mov r8, r8)
10000d80:	10008c54 	.word	0x10008c54
10000d84:	200010e4 	.word	0x200010e4

10000d88 <spin_locks_reset>:
10000d88:	2100      	movs	r1, #0
10000d8a:	4b04      	ldr	r3, [pc, #16]	@ (10000d9c <spin_locks_reset+0x14>)
10000d8c:	4a04      	ldr	r2, [pc, #16]	@ (10000da0 <spin_locks_reset+0x18>)
10000d8e:	f3bf 8f5f 	dmb	sy
10000d92:	c302      	stmia	r3!, {r1}
10000d94:	4293      	cmp	r3, r2
10000d96:	d1fa      	bne.n	10000d8e <spin_locks_reset+0x6>
10000d98:	4770      	bx	lr
10000d9a:	46c0      	nop			@ (mov r8, r8)
10000d9c:	d0000100 	.word	0xd0000100
10000da0:	d0000180 	.word	0xd0000180

10000da4 <runtime_init_per_core_irq_priorities>:
10000da4:	4b05      	ldr	r3, [pc, #20]	@ (10000dbc <runtime_init_per_core_irq_priorities+0x18>)
10000da6:	4a06      	ldr	r2, [pc, #24]	@ (10000dc0 <runtime_init_per_core_irq_priorities+0x1c>)
10000da8:	6013      	str	r3, [r2, #0]
10000daa:	4a06      	ldr	r2, [pc, #24]	@ (10000dc4 <runtime_init_per_core_irq_priorities+0x20>)
10000dac:	6013      	str	r3, [r2, #0]
10000dae:	6053      	str	r3, [r2, #4]
10000db0:	6093      	str	r3, [r2, #8]
10000db2:	60d3      	str	r3, [r2, #12]
10000db4:	6113      	str	r3, [r2, #16]
10000db6:	6153      	str	r3, [r2, #20]
10000db8:	6193      	str	r3, [r2, #24]
10000dba:	4770      	bx	lr
10000dbc:	80808080 	.word	0x80808080
10000dc0:	e000e400 	.word	0xe000e400
10000dc4:	e000e404 	.word	0xe000e404

10000dc8 <irq_set_enabled>:
10000dc8:	231f      	movs	r3, #31
10000dca:	4018      	ands	r0, r3
10000dcc:	3b1e      	subs	r3, #30
10000dce:	4083      	lsls	r3, r0
10000dd0:	2900      	cmp	r1, #0
10000dd2:	d005      	beq.n	10000de0 <irq_set_enabled+0x18>
10000dd4:	21c0      	movs	r1, #192	@ 0xc0
10000dd6:	4a04      	ldr	r2, [pc, #16]	@ (10000de8 <irq_set_enabled+0x20>)
10000dd8:	0049      	lsls	r1, r1, #1
10000dda:	5053      	str	r3, [r2, r1]
10000ddc:	6013      	str	r3, [r2, #0]
10000dde:	4770      	bx	lr
10000de0:	2280      	movs	r2, #128	@ 0x80
10000de2:	4901      	ldr	r1, [pc, #4]	@ (10000de8 <irq_set_enabled+0x20>)
10000de4:	508b      	str	r3, [r1, r2]
10000de6:	e7fa      	b.n	10000dde <irq_set_enabled+0x16>
10000de8:	e000e100 	.word	0xe000e100

10000dec <irq_set_exclusive_handler>:
10000dec:	b570      	push	{r4, r5, r6, lr}
10000dee:	000d      	movs	r5, r1
10000df0:	f3ef 8610 	mrs	r6, PRIMASK
10000df4:	b672      	cpsid	i
10000df6:	4a0f      	ldr	r2, [pc, #60]	@ (10000e34 <irq_set_exclusive_handler+0x48>)
10000df8:	6813      	ldr	r3, [r2, #0]
10000dfa:	2b00      	cmp	r3, #0
10000dfc:	d0fc      	beq.n	10000df8 <irq_set_exclusive_handler+0xc>
10000dfe:	f3bf 8f5f 	dmb	sy
10000e02:	4b0d      	ldr	r3, [pc, #52]	@ (10000e38 <irq_set_exclusive_handler+0x4c>)
10000e04:	3010      	adds	r0, #16
10000e06:	689b      	ldr	r3, [r3, #8]
10000e08:	0084      	lsls	r4, r0, #2
10000e0a:	591b      	ldr	r3, [r3, r4]
10000e0c:	4a0b      	ldr	r2, [pc, #44]	@ (10000e3c <irq_set_exclusive_handler+0x50>)
10000e0e:	4293      	cmp	r3, r2
10000e10:	d003      	beq.n	10000e1a <irq_set_exclusive_handler+0x2e>
10000e12:	429d      	cmp	r5, r3
10000e14:	d001      	beq.n	10000e1a <irq_set_exclusive_handler+0x2e>
10000e16:	f001 f8bf 	bl	10001f98 <hard_assertion_failure>
10000e1a:	4b07      	ldr	r3, [pc, #28]	@ (10000e38 <irq_set_exclusive_handler+0x4c>)
10000e1c:	689b      	ldr	r3, [r3, #8]
10000e1e:	511d      	str	r5, [r3, r4]
10000e20:	f3bf 8f5f 	dmb	sy
10000e24:	f3bf 8f5f 	dmb	sy
10000e28:	2200      	movs	r2, #0
10000e2a:	4b02      	ldr	r3, [pc, #8]	@ (10000e34 <irq_set_exclusive_handler+0x48>)
10000e2c:	601a      	str	r2, [r3, #0]
10000e2e:	f386 8810 	msr	PRIMASK, r6
10000e32:	bd70      	pop	{r4, r5, r6, pc}
10000e34:	d0000124 	.word	0xd0000124
10000e38:	e000ed00 	.word	0xe000ed00
10000e3c:	100001c1 	.word	0x100001c1

10000e40 <irq_add_shared_handler>:
10000e40:	b5f0      	push	{r4, r5, r6, r7, lr}
10000e42:	4657      	mov	r7, sl
10000e44:	464e      	mov	r6, r9
10000e46:	46de      	mov	lr, fp
10000e48:	4645      	mov	r5, r8
10000e4a:	b5e0      	push	{r5, r6, r7, lr}
10000e4c:	b085      	sub	sp, #20
10000e4e:	0006      	movs	r6, r0
10000e50:	9100      	str	r1, [sp, #0]
10000e52:	0017      	movs	r7, r2
10000e54:	f3ef 8b10 	mrs	fp, PRIMASK
10000e58:	b672      	cpsid	i
10000e5a:	4a6a      	ldr	r2, [pc, #424]	@ (10001004 <irq_add_shared_handler+0x1c4>)
10000e5c:	6813      	ldr	r3, [r2, #0]
10000e5e:	2b00      	cmp	r3, #0
10000e60:	d0fc      	beq.n	10000e5c <irq_add_shared_handler+0x1c>
10000e62:	f3bf 8f5f 	dmb	sy
10000e66:	2500      	movs	r5, #0
10000e68:	4b67      	ldr	r3, [pc, #412]	@ (10001008 <irq_add_shared_handler+0x1c8>)
10000e6a:	575d      	ldrsb	r5, [r3, r5]
10000e6c:	469a      	mov	sl, r3
10000e6e:	2d00      	cmp	r5, #0
10000e70:	da00      	bge.n	10000e74 <irq_add_shared_handler+0x34>
10000e72:	e0a9      	b.n	10000fc8 <irq_add_shared_handler+0x188>
10000e74:	006b      	lsls	r3, r5, #1
10000e76:	4c65      	ldr	r4, [pc, #404]	@ (1000100c <irq_add_shared_handler+0x1cc>)
10000e78:	9301      	str	r3, [sp, #4]
10000e7a:	195b      	adds	r3, r3, r5
10000e7c:	009b      	lsls	r3, r3, #2
10000e7e:	4698      	mov	r8, r3
10000e80:	46a1      	mov	r9, r4
10000e82:	44c1      	add	r9, r8
10000e84:	464b      	mov	r3, r9
10000e86:	4652      	mov	r2, sl
10000e88:	799b      	ldrb	r3, [r3, #6]
10000e8a:	3610      	adds	r6, #16
10000e8c:	7013      	strb	r3, [r2, #0]
10000e8e:	4b60      	ldr	r3, [pc, #384]	@ (10001010 <irq_add_shared_handler+0x1d0>)
10000e90:	00b6      	lsls	r6, r6, #2
10000e92:	689b      	ldr	r3, [r3, #8]
10000e94:	5999      	ldr	r1, [r3, r6]
10000e96:	1b0b      	subs	r3, r1, r4
10000e98:	2b2f      	cmp	r3, #47	@ 0x2f
10000e9a:	d933      	bls.n	10000f04 <irq_add_shared_handler+0xc4>
10000e9c:	4b5d      	ldr	r3, [pc, #372]	@ (10001014 <irq_add_shared_handler+0x1d4>)
10000e9e:	4299      	cmp	r1, r3
10000ea0:	d000      	beq.n	10000ea4 <irq_add_shared_handler+0x64>
10000ea2:	e0ac      	b.n	10000ffe <irq_add_shared_handler+0x1be>
10000ea4:	9b01      	ldr	r3, [sp, #4]
10000ea6:	4642      	mov	r2, r8
10000ea8:	469c      	mov	ip, r3
10000eaa:	4b5b      	ldr	r3, [pc, #364]	@ (10001018 <irq_add_shared_handler+0x1d8>)
10000eac:	4465      	add	r5, ip
10000eae:	00ad      	lsls	r5, r5, #2
10000eb0:	5363      	strh	r3, [r4, r5]
10000eb2:	4b5a      	ldr	r3, [pc, #360]	@ (1000101c <irq_add_shared_handler+0x1dc>)
10000eb4:	3202      	adds	r2, #2
10000eb6:	18a2      	adds	r2, r4, r2
10000eb8:	3b04      	subs	r3, #4
10000eba:	1a9b      	subs	r3, r3, r2
10000ebc:	051b      	lsls	r3, r3, #20
10000ebe:	4a58      	ldr	r2, [pc, #352]	@ (10001020 <irq_add_shared_handler+0x1e0>)
10000ec0:	0d5b      	lsrs	r3, r3, #21
10000ec2:	1965      	adds	r5, r4, r5
10000ec4:	4313      	orrs	r3, r2
10000ec6:	806b      	strh	r3, [r5, #2]
10000ec8:	4b56      	ldr	r3, [pc, #344]	@ (10001024 <irq_add_shared_handler+0x1e4>)
10000eca:	2101      	movs	r1, #1
10000ecc:	80ab      	strh	r3, [r5, #4]
10000ece:	23ff      	movs	r3, #255	@ 0xff
10000ed0:	71ab      	strb	r3, [r5, #6]
10000ed2:	9b00      	ldr	r3, [sp, #0]
10000ed4:	71ef      	strb	r7, [r5, #7]
10000ed6:	60ab      	str	r3, [r5, #8]
10000ed8:	464b      	mov	r3, r9
10000eda:	430b      	orrs	r3, r1
10000edc:	0019      	movs	r1, r3
10000ede:	4b4c      	ldr	r3, [pc, #304]	@ (10001010 <irq_add_shared_handler+0x1d0>)
10000ee0:	689b      	ldr	r3, [r3, #8]
10000ee2:	5199      	str	r1, [r3, r6]
10000ee4:	f3bf 8f5f 	dmb	sy
10000ee8:	f3bf 8f5f 	dmb	sy
10000eec:	2200      	movs	r2, #0
10000eee:	4b45      	ldr	r3, [pc, #276]	@ (10001004 <irq_add_shared_handler+0x1c4>)
10000ef0:	601a      	str	r2, [r3, #0]
10000ef2:	f38b 8810 	msr	PRIMASK, fp
10000ef6:	b005      	add	sp, #20
10000ef8:	bcf0      	pop	{r4, r5, r6, r7}
10000efa:	46bb      	mov	fp, r7
10000efc:	46b2      	mov	sl, r6
10000efe:	46a9      	mov	r9, r5
10000f00:	46a0      	mov	r8, r4
10000f02:	bdf0      	pop	{r4, r5, r6, r7, pc}
10000f04:	2001      	movs	r0, #1
10000f06:	000a      	movs	r2, r1
10000f08:	4382      	bics	r2, r0
10000f0a:	79d3      	ldrb	r3, [r2, #7]
10000f0c:	468c      	mov	ip, r1
10000f0e:	42bb      	cmp	r3, r7
10000f10:	d831      	bhi.n	10000f76 <irq_add_shared_handler+0x136>
10000f12:	4645      	mov	r5, r8
10000f14:	0013      	movs	r3, r2
10000f16:	4944      	ldr	r1, [pc, #272]	@ (10001028 <irq_add_shared_handler+0x1e8>)
10000f18:	1b1b      	subs	r3, r3, r4
10000f1a:	415b      	adcs	r3, r3
10000f1c:	4359      	muls	r1, r3
10000f1e:	0d09      	lsrs	r1, r1, #20
10000f20:	4b3d      	ldr	r3, [pc, #244]	@ (10001018 <irq_add_shared_handler+0x1d8>)
10000f22:	5363      	strh	r3, [r4, r5]
10000f24:	4b3d      	ldr	r3, [pc, #244]	@ (1000101c <irq_add_shared_handler+0x1dc>)
10000f26:	3502      	adds	r5, #2
10000f28:	1965      	adds	r5, r4, r5
10000f2a:	3b04      	subs	r3, #4
10000f2c:	1b5b      	subs	r3, r3, r5
10000f2e:	051b      	lsls	r3, r3, #20
10000f30:	4d3b      	ldr	r5, [pc, #236]	@ (10001020 <irq_add_shared_handler+0x1e0>)
10000f32:	0d5b      	lsrs	r3, r3, #21
10000f34:	432b      	orrs	r3, r5
10000f36:	46aa      	mov	sl, r5
10000f38:	464d      	mov	r5, r9
10000f3a:	806b      	strh	r3, [r5, #2]
10000f3c:	2504      	movs	r5, #4
10000f3e:	46ac      	mov	ip, r5
10000f40:	4655      	mov	r5, sl
10000f42:	44e0      	add	r8, ip
10000f44:	1f13      	subs	r3, r2, #4
10000f46:	4444      	add	r4, r8
10000f48:	1b1b      	subs	r3, r3, r4
10000f4a:	051b      	lsls	r3, r3, #20
10000f4c:	0d5b      	lsrs	r3, r3, #21
10000f4e:	431d      	orrs	r5, r3
10000f50:	464b      	mov	r3, r9
10000f52:	7199      	strb	r1, [r3, #6]
10000f54:	9900      	ldr	r1, [sp, #0]
10000f56:	809d      	strh	r5, [r3, #4]
10000f58:	6099      	str	r1, [r3, #8]
10000f5a:	4649      	mov	r1, r9
10000f5c:	71df      	strb	r7, [r3, #7]
10000f5e:	4b33      	ldr	r3, [pc, #204]	@ (1000102c <irq_add_shared_handler+0x1ec>)
10000f60:	4301      	orrs	r1, r0
10000f62:	6013      	str	r3, [r2, #0]
10000f64:	e7bb      	b.n	10000ede <irq_add_shared_handler+0x9e>
10000f66:	0058      	lsls	r0, r3, #1
10000f68:	18c0      	adds	r0, r0, r3
10000f6a:	0080      	lsls	r0, r0, #2
10000f6c:	1820      	adds	r0, r4, r0
10000f6e:	79c1      	ldrb	r1, [r0, #7]
10000f70:	42b9      	cmp	r1, r7
10000f72:	d92f      	bls.n	10000fd4 <irq_add_shared_handler+0x194>
10000f74:	0002      	movs	r2, r0
10000f76:	2306      	movs	r3, #6
10000f78:	56d3      	ldrsb	r3, [r2, r3]
10000f7a:	2b00      	cmp	r3, #0
10000f7c:	daf3      	bge.n	10000f66 <irq_add_shared_handler+0x126>
10000f7e:	9302      	str	r3, [sp, #8]
10000f80:	4b2b      	ldr	r3, [pc, #172]	@ (10001030 <irq_add_shared_handler+0x1f0>)
10000f82:	4661      	mov	r1, ip
10000f84:	9303      	str	r3, [sp, #12]
10000f86:	1d13      	adds	r3, r2, #4
10000f88:	469a      	mov	sl, r3
10000f8a:	2304      	movs	r3, #4
10000f8c:	425b      	negs	r3, r3
10000f8e:	469c      	mov	ip, r3
10000f90:	44e1      	add	r9, ip
10000f92:	4650      	mov	r0, sl
10000f94:	464b      	mov	r3, r9
10000f96:	1a1b      	subs	r3, r3, r0
10000f98:	051b      	lsls	r3, r3, #20
10000f9a:	0d5b      	lsrs	r3, r3, #21
10000f9c:	469c      	mov	ip, r3
10000f9e:	4b20      	ldr	r3, [pc, #128]	@ (10001020 <irq_add_shared_handler+0x1e0>)
10000fa0:	7195      	strb	r5, [r2, #6]
10000fa2:	4698      	mov	r8, r3
10000fa4:	4663      	mov	r3, ip
10000fa6:	4640      	mov	r0, r8
10000fa8:	4303      	orrs	r3, r0
10000faa:	8093      	strh	r3, [r2, #4]
10000fac:	9b01      	ldr	r3, [sp, #4]
10000fae:	195a      	adds	r2, r3, r5
10000fb0:	0092      	lsls	r2, r2, #2
10000fb2:	9b03      	ldr	r3, [sp, #12]
10000fb4:	18a4      	adds	r4, r4, r2
10000fb6:	80a3      	strh	r3, [r4, #4]
10000fb8:	9b02      	ldr	r3, [sp, #8]
10000fba:	4a1c      	ldr	r2, [pc, #112]	@ (1000102c <irq_add_shared_handler+0x1ec>)
10000fbc:	71a3      	strb	r3, [r4, #6]
10000fbe:	9b00      	ldr	r3, [sp, #0]
10000fc0:	6022      	str	r2, [r4, #0]
10000fc2:	71e7      	strb	r7, [r4, #7]
10000fc4:	60a3      	str	r3, [r4, #8]
10000fc6:	e78a      	b.n	10000ede <irq_add_shared_handler+0x9e>
10000fc8:	f000 ffe6 	bl	10001f98 <hard_assertion_failure>
10000fcc:	2500      	movs	r5, #0
10000fce:	4653      	mov	r3, sl
10000fd0:	575d      	ldrsb	r5, [r3, r5]
10000fd2:	e74f      	b.n	10000e74 <irq_add_shared_handler+0x34>
10000fd4:	8890      	ldrh	r0, [r2, #4]
10000fd6:	9302      	str	r3, [sp, #8]
10000fd8:	0540      	lsls	r0, r0, #21
10000fda:	1d13      	adds	r3, r2, #4
10000fdc:	469a      	mov	sl, r3
10000fde:	1503      	asrs	r3, r0, #20
10000fe0:	4661      	mov	r1, ip
10000fe2:	469c      	mov	ip, r3
10000fe4:	4640      	mov	r0, r8
10000fe6:	44d4      	add	ip, sl
10000fe8:	4663      	mov	r3, ip
10000fea:	3004      	adds	r0, #4
10000fec:	1820      	adds	r0, r4, r0
10000fee:	1a18      	subs	r0, r3, r0
10000ff0:	23e0      	movs	r3, #224	@ 0xe0
10000ff2:	0500      	lsls	r0, r0, #20
10000ff4:	0d40      	lsrs	r0, r0, #21
10000ff6:	021b      	lsls	r3, r3, #8
10000ff8:	4318      	orrs	r0, r3
10000ffa:	9003      	str	r0, [sp, #12]
10000ffc:	e7c5      	b.n	10000f8a <irq_add_shared_handler+0x14a>
10000ffe:	f000 ffcb 	bl	10001f98 <hard_assertion_failure>
10001002:	e74f      	b.n	10000ea4 <irq_add_shared_handler+0x64>
10001004:	d0000124 	.word	0xd0000124
10001008:	20001380 	.word	0x20001380
1000100c:	200005cc 	.word	0x200005cc
10001010:	e000ed00 	.word	0xe000ed00
10001014:	100001c1 	.word	0x100001c1
10001018:	ffffa100 	.word	0xffffa100
1000101c:	200005fc 	.word	0x200005fc
10001020:	ffffe000 	.word	0xffffe000
10001024:	ffffbd01 	.word	0xffffbd01
10001028:	0000aaaa 	.word	0x0000aaaa
1000102c:	47804801 	.word	0x47804801
10001030:	0000bd01 	.word	0x0000bd01

10001034 <irq_remove_handler>:
10001034:	b5f0      	push	{r4, r5, r6, r7, lr}
10001036:	46de      	mov	lr, fp
10001038:	4657      	mov	r7, sl
1000103a:	464e      	mov	r6, r9
1000103c:	4645      	mov	r5, r8
1000103e:	b5e0      	push	{r5, r6, r7, lr}
10001040:	000c      	movs	r4, r1
10001042:	b083      	sub	sp, #12
10001044:	f3ef 8810 	mrs	r8, PRIMASK
10001048:	b672      	cpsid	i
1000104a:	4a63      	ldr	r2, [pc, #396]	@ (100011d8 <irq_remove_handler+0x1a4>)
1000104c:	6813      	ldr	r3, [r2, #0]
1000104e:	2b00      	cmp	r3, #0
10001050:	d0fc      	beq.n	1000104c <irq_remove_handler+0x18>
10001052:	f3bf 8f5f 	dmb	sy
10001056:	4b61      	ldr	r3, [pc, #388]	@ (100011dc <irq_remove_handler+0x1a8>)
10001058:	4961      	ldr	r1, [pc, #388]	@ (100011e0 <irq_remove_handler+0x1ac>)
1000105a:	689a      	ldr	r2, [r3, #8]
1000105c:	0003      	movs	r3, r0
1000105e:	3310      	adds	r3, #16
10001060:	009f      	lsls	r7, r3, #2
10001062:	59d5      	ldr	r5, [r2, r7]
10001064:	9301      	str	r3, [sp, #4]
10001066:	428d      	cmp	r5, r1
10001068:	d043      	beq.n	100010f2 <irq_remove_handler+0xbe>
1000106a:	42a5      	cmp	r5, r4
1000106c:	d054      	beq.n	10001118 <irq_remove_handler+0xe4>
1000106e:	4e5d      	ldr	r6, [pc, #372]	@ (100011e4 <irq_remove_handler+0x1b0>)
10001070:	1baa      	subs	r2, r5, r6
10001072:	2a2f      	cmp	r2, #47	@ 0x2f
10001074:	d83d      	bhi.n	100010f2 <irq_remove_handler+0xbe>
10001076:	4b5c      	ldr	r3, [pc, #368]	@ (100011e8 <irq_remove_handler+0x1b4>)
10001078:	469b      	mov	fp, r3
1000107a:	681b      	ldr	r3, [r3, #0]
1000107c:	4699      	mov	r9, r3
1000107e:	2301      	movs	r3, #1
10001080:	001a      	movs	r2, r3
10001082:	469c      	mov	ip, r3
10001084:	4082      	lsls	r2, r0
10001086:	464b      	mov	r3, r9
10001088:	4013      	ands	r3, r2
1000108a:	221f      	movs	r2, #31
1000108c:	4699      	mov	r9, r3
1000108e:	4663      	mov	r3, ip
10001090:	4002      	ands	r2, r0
10001092:	4093      	lsls	r3, r2
10001094:	469a      	mov	sl, r3
10001096:	2280      	movs	r2, #128	@ 0x80
10001098:	465b      	mov	r3, fp
1000109a:	4650      	mov	r0, sl
1000109c:	5098      	str	r0, [r3, r2]
1000109e:	f3bf 8f5f 	dmb	sy
100010a2:	f3ef 8305 	mrs	r3, IPSR
100010a6:	469b      	mov	fp, r3
100010a8:	2b00      	cmp	r3, #0
100010aa:	d037      	beq.n	1000111c <irq_remove_handler+0xe8>
100010ac:	9b01      	ldr	r3, [sp, #4]
100010ae:	455b      	cmp	r3, fp
100010b0:	d001      	beq.n	100010b6 <irq_remove_handler+0x82>
100010b2:	f000 ff71 	bl	10001f98 <hard_assertion_failure>
100010b6:	2301      	movs	r3, #1
100010b8:	002a      	movs	r2, r5
100010ba:	439a      	bics	r2, r3
100010bc:	6890      	ldr	r0, [r2, #8]
100010be:	4284      	cmp	r4, r0
100010c0:	d108      	bne.n	100010d4 <irq_remove_handler+0xa0>
100010c2:	e076      	b.n	100011b2 <irq_remove_handler+0x17e>
100010c4:	004b      	lsls	r3, r1, #1
100010c6:	185b      	adds	r3, r3, r1
100010c8:	009b      	lsls	r3, r3, #2
100010ca:	18f3      	adds	r3, r6, r3
100010cc:	6898      	ldr	r0, [r3, #8]
100010ce:	4284      	cmp	r4, r0
100010d0:	d036      	beq.n	10001140 <irq_remove_handler+0x10c>
100010d2:	001a      	movs	r2, r3
100010d4:	2106      	movs	r1, #6
100010d6:	5651      	ldrsb	r1, [r2, r1]
100010d8:	2900      	cmp	r1, #0
100010da:	daf3      	bge.n	100010c4 <irq_remove_handler+0x90>
100010dc:	4284      	cmp	r4, r0
100010de:	d054      	beq.n	1000118a <irq_remove_handler+0x156>
100010e0:	464b      	mov	r3, r9
100010e2:	2b00      	cmp	r3, #0
100010e4:	d027      	beq.n	10001136 <irq_remove_handler+0x102>
100010e6:	22c0      	movs	r2, #192	@ 0xc0
100010e8:	4651      	mov	r1, sl
100010ea:	4b3f      	ldr	r3, [pc, #252]	@ (100011e8 <irq_remove_handler+0x1b4>)
100010ec:	0052      	lsls	r2, r2, #1
100010ee:	5099      	str	r1, [r3, r2]
100010f0:	6019      	str	r1, [r3, #0]
100010f2:	4b3a      	ldr	r3, [pc, #232]	@ (100011dc <irq_remove_handler+0x1a8>)
100010f4:	689b      	ldr	r3, [r3, #8]
100010f6:	51dd      	str	r5, [r3, r7]
100010f8:	f3bf 8f5f 	dmb	sy
100010fc:	f3bf 8f5f 	dmb	sy
10001100:	2200      	movs	r2, #0
10001102:	4b35      	ldr	r3, [pc, #212]	@ (100011d8 <irq_remove_handler+0x1a4>)
10001104:	601a      	str	r2, [r3, #0]
10001106:	f388 8810 	msr	PRIMASK, r8
1000110a:	b003      	add	sp, #12
1000110c:	bcf0      	pop	{r4, r5, r6, r7}
1000110e:	46bb      	mov	fp, r7
10001110:	46b2      	mov	sl, r6
10001112:	46a9      	mov	r9, r5
10001114:	46a0      	mov	r8, r4
10001116:	bdf0      	pop	{r4, r5, r6, r7, pc}
10001118:	000d      	movs	r5, r1
1000111a:	e7ea      	b.n	100010f2 <irq_remove_handler+0xbe>
1000111c:	002a      	movs	r2, r5
1000111e:	4663      	mov	r3, ip
10001120:	439a      	bics	r2, r3
10001122:	6890      	ldr	r0, [r2, #8]
10001124:	4284      	cmp	r4, r0
10001126:	d1d5      	bne.n	100010d4 <irq_remove_handler+0xa0>
10001128:	2006      	movs	r0, #6
1000112a:	5610      	ldrsb	r0, [r2, r0]
1000112c:	0013      	movs	r3, r2
1000112e:	2800      	cmp	r0, #0
10001130:	da0a      	bge.n	10001148 <irq_remove_handler+0x114>
10001132:	000d      	movs	r5, r1
10001134:	e031      	b.n	1000119a <irq_remove_handler+0x166>
10001136:	2380      	movs	r3, #128	@ 0x80
10001138:	4651      	mov	r1, sl
1000113a:	4a2b      	ldr	r2, [pc, #172]	@ (100011e8 <irq_remove_handler+0x1b4>)
1000113c:	50d1      	str	r1, [r2, r3]
1000113e:	e7d8      	b.n	100010f2 <irq_remove_handler+0xbe>
10001140:	2006      	movs	r0, #6
10001142:	5618      	ldrsb	r0, [r3, r0]
10001144:	2800      	cmp	r0, #0
10001146:	db21      	blt.n	1000118c <irq_remove_handler+0x158>
10001148:	0042      	lsls	r2, r0, #1
1000114a:	1811      	adds	r1, r2, r0
1000114c:	0089      	lsls	r1, r1, #2
1000114e:	1874      	adds	r4, r6, r1
10001150:	468b      	mov	fp, r1
10001152:	68a1      	ldr	r1, [r4, #8]
10001154:	6099      	str	r1, [r3, #8]
10001156:	79e1      	ldrb	r1, [r4, #7]
10001158:	71d9      	strb	r1, [r3, #7]
1000115a:	2106      	movs	r1, #6
1000115c:	5661      	ldrsb	r1, [r4, r1]
1000115e:	7199      	strb	r1, [r3, #6]
10001160:	2900      	cmp	r1, #0
10001162:	db24      	blt.n	100011ae <irq_remove_handler+0x17a>
10001164:	88a4      	ldrh	r4, [r4, #4]
10001166:	1af1      	subs	r1, r6, r3
10001168:	0564      	lsls	r4, r4, #21
1000116a:	1524      	asrs	r4, r4, #20
1000116c:	445c      	add	r4, fp
1000116e:	1909      	adds	r1, r1, r4
10001170:	0509      	lsls	r1, r1, #20
10001172:	4c1e      	ldr	r4, [pc, #120]	@ (100011ec <irq_remove_handler+0x1b8>)
10001174:	0d49      	lsrs	r1, r1, #21
10001176:	4321      	orrs	r1, r4
10001178:	8099      	strh	r1, [r3, #4]
1000117a:	1813      	adds	r3, r2, r0
1000117c:	4a1c      	ldr	r2, [pc, #112]	@ (100011f0 <irq_remove_handler+0x1bc>)
1000117e:	009b      	lsls	r3, r3, #2
10001180:	7811      	ldrb	r1, [r2, #0]
10001182:	18f3      	adds	r3, r6, r3
10001184:	7199      	strb	r1, [r3, #6]
10001186:	7010      	strb	r0, [r2, #0]
10001188:	e7aa      	b.n	100010e0 <irq_remove_handler+0xac>
1000118a:	0013      	movs	r3, r2
1000118c:	4659      	mov	r1, fp
1000118e:	2900      	cmp	r1, #0
10001190:	d114      	bne.n	100011bc <irq_remove_handler+0x188>
10001192:	31ff      	adds	r1, #255	@ 0xff
10001194:	7191      	strb	r1, [r2, #6]
10001196:	4917      	ldr	r1, [pc, #92]	@ (100011f4 <irq_remove_handler+0x1c0>)
10001198:	8091      	strh	r1, [r2, #4]
1000119a:	4915      	ldr	r1, [pc, #84]	@ (100011f0 <irq_remove_handler+0x1bc>)
1000119c:	780a      	ldrb	r2, [r1, #0]
1000119e:	719a      	strb	r2, [r3, #6]
100011a0:	4a15      	ldr	r2, [pc, #84]	@ (100011f8 <irq_remove_handler+0x1c4>)
100011a2:	1b9b      	subs	r3, r3, r6
100011a4:	415b      	adcs	r3, r3
100011a6:	435a      	muls	r2, r3
100011a8:	0d12      	lsrs	r2, r2, #20
100011aa:	700a      	strb	r2, [r1, #0]
100011ac:	e798      	b.n	100010e0 <irq_remove_handler+0xac>
100011ae:	4911      	ldr	r1, [pc, #68]	@ (100011f4 <irq_remove_handler+0x1c0>)
100011b0:	e7e2      	b.n	10001178 <irq_remove_handler+0x144>
100011b2:	2006      	movs	r0, #6
100011b4:	5610      	ldrsb	r0, [r2, r0]
100011b6:	0013      	movs	r3, r2
100011b8:	2800      	cmp	r0, #0
100011ba:	dac5      	bge.n	10001148 <irq_remove_handler+0x114>
100011bc:	4a0f      	ldr	r2, [pc, #60]	@ (100011fc <irq_remove_handler+0x1c8>)
100011be:	4910      	ldr	r1, [pc, #64]	@ (10001200 <irq_remove_handler+0x1cc>)
100011c0:	1ad2      	subs	r2, r2, r3
100011c2:	3a08      	subs	r2, #8
100011c4:	0250      	lsls	r0, r2, #9
100011c6:	0d40      	lsrs	r0, r0, #21
100011c8:	4301      	orrs	r1, r0
100011ca:	8099      	strh	r1, [r3, #4]
100011cc:	490d      	ldr	r1, [pc, #52]	@ (10001204 <irq_remove_handler+0x1d0>)
100011ce:	0852      	lsrs	r2, r2, #1
100011d0:	430a      	orrs	r2, r1
100011d2:	80da      	strh	r2, [r3, #6]
100011d4:	e784      	b.n	100010e0 <irq_remove_handler+0xac>
100011d6:	46c0      	nop			@ (mov r8, r8)
100011d8:	d0000124 	.word	0xd0000124
100011dc:	e000ed00 	.word	0xe000ed00
100011e0:	100001c1 	.word	0x100001c1
100011e4:	200005cc 	.word	0x200005cc
100011e8:	e000e100 	.word	0xe000e100
100011ec:	ffffe000 	.word	0xffffe000
100011f0:	20001380 	.word	0x20001380
100011f4:	ffffbd01 	.word	0xffffbd01
100011f8:	0000aaaa 	.word	0x0000aaaa
100011fc:	20000606 	.word	0x20000606
10001200:	fffff000 	.word	0xfffff000
10001204:	fffff800 	.word	0xfffff800

10001208 <irq_add_tail_to_free_list>:
10001208:	b570      	push	{r4, r5, r6, lr}
1000120a:	2401      	movs	r4, #1
1000120c:	4304      	orrs	r4, r0
1000120e:	f3ef 8105 	mrs	r1, IPSR
10001212:	f3ef 8c10 	mrs	ip, PRIMASK
10001216:	b672      	cpsid	i
10001218:	4a21      	ldr	r2, [pc, #132]	@ (100012a0 <irq_add_tail_to_free_list+0x98>)
1000121a:	6813      	ldr	r3, [r2, #0]
1000121c:	2b00      	cmp	r3, #0
1000121e:	d0fc      	beq.n	1000121a <irq_add_tail_to_free_list+0x12>
10001220:	f3bf 8f5f 	dmb	sy
10001224:	4b1f      	ldr	r3, [pc, #124]	@ (100012a4 <irq_add_tail_to_free_list+0x9c>)
10001226:	0005      	movs	r5, r0
10001228:	4a1f      	ldr	r2, [pc, #124]	@ (100012a8 <irq_add_tail_to_free_list+0xa0>)
1000122a:	1aed      	subs	r5, r5, r3
1000122c:	416d      	adcs	r5, r5
1000122e:	436a      	muls	r2, r5
10001230:	0d12      	lsrs	r2, r2, #20
10001232:	4d1e      	ldr	r5, [pc, #120]	@ (100012ac <irq_add_tail_to_free_list+0xa4>)
10001234:	0089      	lsls	r1, r1, #2
10001236:	68ae      	ldr	r6, [r5, #8]
10001238:	b252      	sxtb	r2, r2
1000123a:	5876      	ldr	r6, [r6, r1]
1000123c:	42a6      	cmp	r6, r4
1000123e:	d01c      	beq.n	1000127a <irq_add_tail_to_free_list+0x72>
10001240:	2106      	movs	r1, #6
10001242:	5659      	ldrsb	r1, [r3, r1]
10001244:	4291      	cmp	r1, r2
10001246:	d01c      	beq.n	10001282 <irq_add_tail_to_free_list+0x7a>
10001248:	2112      	movs	r1, #18
1000124a:	5659      	ldrsb	r1, [r3, r1]
1000124c:	4291      	cmp	r1, r2
1000124e:	d022      	beq.n	10001296 <irq_add_tail_to_free_list+0x8e>
10001250:	211e      	movs	r1, #30
10001252:	5659      	ldrsb	r1, [r3, r1]
10001254:	4291      	cmp	r1, r2
10001256:	d020      	beq.n	1000129a <irq_add_tail_to_free_list+0x92>
10001258:	212a      	movs	r1, #42	@ 0x2a
1000125a:	5659      	ldrsb	r1, [r3, r1]
1000125c:	2403      	movs	r4, #3
1000125e:	4291      	cmp	r1, r2
10001260:	d010      	beq.n	10001284 <irq_add_tail_to_free_list+0x7c>
10001262:	4b13      	ldr	r3, [pc, #76]	@ (100012b0 <irq_add_tail_to_free_list+0xa8>)
10001264:	7819      	ldrb	r1, [r3, #0]
10001266:	701a      	strb	r2, [r3, #0]
10001268:	7181      	strb	r1, [r0, #6]
1000126a:	f3bf 8f5f 	dmb	sy
1000126e:	2200      	movs	r2, #0
10001270:	4b0b      	ldr	r3, [pc, #44]	@ (100012a0 <irq_add_tail_to_free_list+0x98>)
10001272:	601a      	str	r2, [r3, #0]
10001274:	f38c 8810 	msr	PRIMASK, ip
10001278:	bd70      	pop	{r4, r5, r6, pc}
1000127a:	68ab      	ldr	r3, [r5, #8]
1000127c:	4c0d      	ldr	r4, [pc, #52]	@ (100012b4 <irq_add_tail_to_free_list+0xac>)
1000127e:	505c      	str	r4, [r3, r1]
10001280:	e7ef      	b.n	10001262 <irq_add_tail_to_free_list+0x5a>
10001282:	2400      	movs	r4, #0
10001284:	0061      	lsls	r1, r4, #1
10001286:	1909      	adds	r1, r1, r4
10001288:	0089      	lsls	r1, r1, #2
1000128a:	185b      	adds	r3, r3, r1
1000128c:	21ff      	movs	r1, #255	@ 0xff
1000128e:	7199      	strb	r1, [r3, #6]
10001290:	4909      	ldr	r1, [pc, #36]	@ (100012b8 <irq_add_tail_to_free_list+0xb0>)
10001292:	8099      	strh	r1, [r3, #4]
10001294:	e7e5      	b.n	10001262 <irq_add_tail_to_free_list+0x5a>
10001296:	2401      	movs	r4, #1
10001298:	e7f4      	b.n	10001284 <irq_add_tail_to_free_list+0x7c>
1000129a:	2402      	movs	r4, #2
1000129c:	e7f2      	b.n	10001284 <irq_add_tail_to_free_list+0x7c>
1000129e:	46c0      	nop			@ (mov r8, r8)
100012a0:	d0000124 	.word	0xd0000124
100012a4:	200005cc 	.word	0x200005cc
100012a8:	0000aaaa 	.word	0x0000aaaa
100012ac:	e000ed00 	.word	0xe000ed00
100012b0:	20001380 	.word	0x20001380
100012b4:	100001c1 	.word	0x100001c1
100012b8:	ffffbd01 	.word	0xffffbd01

100012bc <lock_init>:
100012bc:	4b02      	ldr	r3, [pc, #8]	@ (100012c8 <lock_init+0xc>)
100012be:	469c      	mov	ip, r3
100012c0:	4461      	add	r1, ip
100012c2:	0089      	lsls	r1, r1, #2
100012c4:	6001      	str	r1, [r0, #0]
100012c6:	4770      	bx	lr
100012c8:	34000040 	.word	0x34000040

100012cc <runtime_init_mutex>:
100012cc:	b570      	push	{r4, r5, r6, lr}
100012ce:	4c11      	ldr	r4, [pc, #68]	@ (10001314 <runtime_init_mutex+0x48>)
100012d0:	4d11      	ldr	r5, [pc, #68]	@ (10001318 <runtime_init_mutex+0x4c>)
100012d2:	42ac      	cmp	r4, r5
100012d4:	d20f      	bcs.n	100012f6 <runtime_init_mutex+0x2a>
100012d6:	26ff      	movs	r6, #255	@ 0xff
100012d8:	6823      	ldr	r3, [r4, #0]
100012da:	2b00      	cmp	r3, #0
100012dc:	d00c      	beq.n	100012f8 <runtime_init_mutex+0x2c>
100012de:	f7ff fd35 	bl	10000d4c <next_striped_spin_lock_num>
100012e2:	0001      	movs	r1, r0
100012e4:	0020      	movs	r0, r4
100012e6:	f7ff ffe9 	bl	100012bc <lock_init>
100012ea:	80a6      	strh	r6, [r4, #4]
100012ec:	f3bf 8f5f 	dmb	sy
100012f0:	3408      	adds	r4, #8
100012f2:	42ac      	cmp	r4, r5
100012f4:	d3f0      	bcc.n	100012d8 <runtime_init_mutex+0xc>
100012f6:	bd70      	pop	{r4, r5, r6, pc}
100012f8:	f7ff fd28 	bl	10000d4c <next_striped_spin_lock_num>
100012fc:	0001      	movs	r1, r0
100012fe:	0020      	movs	r0, r4
10001300:	f7ff ffdc 	bl	100012bc <lock_init>
10001304:	7126      	strb	r6, [r4, #4]
10001306:	f3bf 8f5f 	dmb	sy
1000130a:	3408      	adds	r4, #8
1000130c:	42ac      	cmp	r4, r5
1000130e:	d3e3      	bcc.n	100012d8 <runtime_init_mutex+0xc>
10001310:	e7f1      	b.n	100012f6 <runtime_init_mutex+0x2a>
10001312:	46c0      	nop			@ (mov r8, r8)
10001314:	20000688 	.word	0x20000688
10001318:	20000690 	.word	0x20000690

1000131c <mutex_init>:
1000131c:	b510      	push	{r4, lr}
1000131e:	0004      	movs	r4, r0
10001320:	f7ff fd14 	bl	10000d4c <next_striped_spin_lock_num>
10001324:	0001      	movs	r1, r0
10001326:	0020      	movs	r0, r4
10001328:	f7ff ffc8 	bl	100012bc <lock_init>
1000132c:	23ff      	movs	r3, #255	@ 0xff
1000132e:	7123      	strb	r3, [r4, #4]
10001330:	f3bf 8f5f 	dmb	sy
10001334:	bd10      	pop	{r4, pc}
10001336:	46c0      	nop			@ (mov r8, r8)

10001338 <critical_section_init>:
10001338:	b510      	push	{r4, lr}
1000133a:	0004      	movs	r4, r0
1000133c:	2001      	movs	r0, #1
1000133e:	f7ff fd11 	bl	10000d64 <spin_lock_claim_unused>
10001342:	4b03      	ldr	r3, [pc, #12]	@ (10001350 <critical_section_init+0x18>)
10001344:	18c3      	adds	r3, r0, r3
10001346:	009b      	lsls	r3, r3, #2
10001348:	6023      	str	r3, [r4, #0]
1000134a:	f3bf 8f5f 	dmb	sy
1000134e:	bd10      	pop	{r4, pc}
10001350:	34000040 	.word	0x34000040

10001354 <sleep_until_callback>:
10001354:	4b0a      	ldr	r3, [pc, #40]	@ (10001380 <sleep_until_callback+0x2c>)
10001356:	6819      	ldr	r1, [r3, #0]
10001358:	f3ef 8010 	mrs	r0, PRIMASK
1000135c:	b672      	cpsid	i
1000135e:	680a      	ldr	r2, [r1, #0]
10001360:	2a00      	cmp	r2, #0
10001362:	d0fc      	beq.n	1000135e <sleep_until_callback+0xa>
10001364:	f3bf 8f5f 	dmb	sy
10001368:	681b      	ldr	r3, [r3, #0]
1000136a:	f3bf 8f5f 	dmb	sy
1000136e:	2200      	movs	r2, #0
10001370:	601a      	str	r2, [r3, #0]
10001372:	f380 8810 	msr	PRIMASK, r0
10001376:	bf40      	sev
10001378:	2000      	movs	r0, #0
1000137a:	2100      	movs	r1, #0
1000137c:	4770      	bx	lr
1000137e:	46c0      	nop			@ (mov r8, r8)
10001380:	2000136c 	.word	0x2000136c

10001384 <alarm_pool_irq_handler>:
10001384:	b5f0      	push	{r4, r5, r6, r7, lr}
10001386:	46de      	mov	lr, fp
10001388:	4657      	mov	r7, sl
1000138a:	464e      	mov	r6, r9
1000138c:	4645      	mov	r5, r8
1000138e:	b5e0      	push	{r5, r6, r7, lr}
10001390:	b087      	sub	sp, #28
10001392:	f3ef 8305 	mrs	r3, IPSR
10001396:	2203      	movs	r2, #3
10001398:	2501      	movs	r5, #1
1000139a:	401a      	ands	r2, r3
1000139c:	4095      	lsls	r5, r2
1000139e:	0091      	lsls	r1, r2, #2
100013a0:	4688      	mov	r8, r1
100013a2:	46a9      	mov	r9, r5
100013a4:	4bb3      	ldr	r3, [pc, #716]	@ (10001674 <alarm_pool_irq_handler+0x2f0>)
100013a6:	9203      	str	r2, [sp, #12]
100013a8:	585c      	ldr	r4, [r3, r1]
100013aa:	4bb3      	ldr	r3, [pc, #716]	@ (10001678 <alarm_pool_irq_handler+0x2f4>)
100013ac:	601d      	str	r5, [r3, #0]
100013ae:	4bb3      	ldr	r3, [pc, #716]	@ (1000167c <alarm_pool_irq_handler+0x2f8>)
100013b0:	9304      	str	r3, [sp, #16]
100013b2:	464b      	mov	r3, r9
100013b4:	48b2      	ldr	r0, [pc, #712]	@ (10001680 <alarm_pool_irq_handler+0x2fc>)
100013b6:	6343      	str	r3, [r0, #52]	@ 0x34
100013b8:	2308      	movs	r3, #8
100013ba:	5ee5      	ldrsh	r5, [r4, r3]
100013bc:	2d00      	cmp	r5, #0
100013be:	da37      	bge.n	10001430 <alarm_pool_irq_handler+0xac>
100013c0:	88a3      	ldrh	r3, [r4, #4]
100013c2:	b21b      	sxth	r3, r3
100013c4:	2b00      	cmp	r3, #0
100013c6:	db00      	blt.n	100013ca <alarm_pool_irq_handler+0x46>
100013c8:	e0ad      	b.n	10001526 <alarm_pool_irq_handler+0x1a2>
100013ca:	79a3      	ldrb	r3, [r4, #6]
100013cc:	2b00      	cmp	r3, #0
100013ce:	d000      	beq.n	100013d2 <alarm_pool_irq_handler+0x4e>
100013d0:	e0ee      	b.n	100015b0 <alarm_pool_irq_handler+0x22c>
100013d2:	2308      	movs	r3, #8
100013d4:	5ee0      	ldrsh	r0, [r4, r3]
100013d6:	2800      	cmp	r0, #0
100013d8:	db20      	blt.n	1000141c <alarm_pool_irq_handler+0x98>
100013da:	0043      	lsls	r3, r0, #1
100013dc:	6962      	ldr	r2, [r4, #20]
100013de:	181b      	adds	r3, r3, r0
100013e0:	00db      	lsls	r3, r3, #3
100013e2:	18d3      	adds	r3, r2, r3
100013e4:	689e      	ldr	r6, [r3, #8]
100013e6:	68dd      	ldr	r5, [r3, #12]
100013e8:	1c73      	adds	r3, r6, #1
100013ea:	d100      	bne.n	100013ee <alarm_pool_irq_handler+0x6a>
100013ec:	e111      	b.n	10001612 <alarm_pool_irq_handler+0x28e>
100013ee:	48a4      	ldr	r0, [pc, #656]	@ (10001680 <alarm_pool_irq_handler+0x2fc>)
100013f0:	0001      	movs	r1, r0
100013f2:	4441      	add	r1, r8
100013f4:	6a82      	ldr	r2, [r0, #40]	@ 0x28
100013f6:	690b      	ldr	r3, [r1, #16]
100013f8:	1ab7      	subs	r7, r6, r2
100013fa:	1a9b      	subs	r3, r3, r2
100013fc:	429f      	cmp	r7, r3
100013fe:	d315      	bcc.n	1000142c <alarm_pool_irq_handler+0xa8>
10001400:	2301      	movs	r3, #1
10001402:	6a02      	ldr	r2, [r0, #32]
10001404:	9803      	ldr	r0, [sp, #12]
10001406:	4083      	lsls	r3, r0
10001408:	421a      	tst	r2, r3
1000140a:	d00f      	beq.n	1000142c <alarm_pool_irq_handler+0xa8>
1000140c:	489c      	ldr	r0, [pc, #624]	@ (10001680 <alarm_pool_irq_handler+0x2fc>)
1000140e:	f000 fb47 	bl	10001aa0 <timer_time_us_64>
10001412:	428d      	cmp	r5, r1
10001414:	dc02      	bgt.n	1000141c <alarm_pool_irq_handler+0x98>
10001416:	d1cc      	bne.n	100013b2 <alarm_pool_irq_handler+0x2e>
10001418:	4286      	cmp	r6, r0
1000141a:	d9ca      	bls.n	100013b2 <alarm_pool_irq_handler+0x2e>
1000141c:	bf40      	sev
1000141e:	b007      	add	sp, #28
10001420:	bcf0      	pop	{r4, r5, r6, r7}
10001422:	46bb      	mov	fp, r7
10001424:	46b2      	mov	sl, r6
10001426:	46a9      	mov	r9, r5
10001428:	46a0      	mov	r8, r4
1000142a:	bdf0      	pop	{r4, r5, r6, r7, pc}
1000142c:	610e      	str	r6, [r1, #16]
1000142e:	e7ed      	b.n	1000140c <alarm_pool_irq_handler+0x88>
10001430:	6962      	ldr	r2, [r4, #20]
10001432:	006b      	lsls	r3, r5, #1
10001434:	4692      	mov	sl, r2
10001436:	195b      	adds	r3, r3, r5
10001438:	00db      	lsls	r3, r3, #3
1000143a:	449a      	add	sl, r3
1000143c:	4653      	mov	r3, sl
1000143e:	689e      	ldr	r6, [r3, #8]
10001440:	68df      	ldr	r7, [r3, #12]
10001442:	f000 fb2d 	bl	10001aa0 <timer_time_us_64>
10001446:	428f      	cmp	r7, r1
10001448:	dcba      	bgt.n	100013c0 <alarm_pool_irq_handler+0x3c>
1000144a:	d100      	bne.n	1000144e <alarm_pool_irq_handler+0xca>
1000144c:	e103      	b.n	10001656 <alarm_pool_irq_handler+0x2d2>
1000144e:	2f00      	cmp	r7, #0
10001450:	da00      	bge.n	10001454 <alarm_pool_irq_handler+0xd0>
10001452:	e0e8      	b.n	10001626 <alarm_pool_irq_handler+0x2a2>
10001454:	4652      	mov	r2, sl
10001456:	4653      	mov	r3, sl
10001458:	6952      	ldr	r2, [r2, #20]
1000145a:	691b      	ldr	r3, [r3, #16]
1000145c:	4693      	mov	fp, r2
1000145e:	9a04      	ldr	r2, [sp, #16]
10001460:	4293      	cmp	r3, r2
10001462:	d100      	bne.n	10001466 <alarm_pool_irq_handler+0xe2>
10001464:	e0d9      	b.n	1000161a <alarm_pool_irq_handler+0x296>
10001466:	4652      	mov	r2, sl
10001468:	2108      	movs	r1, #8
1000146a:	5e60      	ldrsh	r0, [r4, r1]
1000146c:	8852      	ldrh	r2, [r2, #2]
1000146e:	0400      	lsls	r0, r0, #16
10001470:	4659      	mov	r1, fp
10001472:	4310      	orrs	r0, r2
10001474:	4798      	blx	r3
10001476:	9000      	str	r0, [sp, #0]
10001478:	9101      	str	r1, [sp, #4]
1000147a:	9900      	ldr	r1, [sp, #0]
1000147c:	9a01      	ldr	r2, [sp, #4]
1000147e:	000b      	movs	r3, r1
10001480:	0010      	movs	r0, r2
10001482:	4313      	orrs	r3, r2
10001484:	d100      	bne.n	10001488 <alarm_pool_irq_handler+0x104>
10001486:	e0ce      	b.n	10001626 <alarm_pool_irq_handler+0x2a2>
10001488:	0013      	movs	r3, r2
1000148a:	000a      	movs	r2, r1
1000148c:	1ab6      	subs	r6, r6, r2
1000148e:	419f      	sbcs	r7, r3
10001490:	2800      	cmp	r0, #0
10001492:	db06      	blt.n	100014a2 <alarm_pool_irq_handler+0x11e>
10001494:	487a      	ldr	r0, [pc, #488]	@ (10001680 <alarm_pool_irq_handler+0x2fc>)
10001496:	f000 fb03 	bl	10001aa0 <timer_time_us_64>
1000149a:	9e00      	ldr	r6, [sp, #0]
1000149c:	9f01      	ldr	r7, [sp, #4]
1000149e:	1836      	adds	r6, r6, r0
100014a0:	414f      	adcs	r7, r1
100014a2:	4653      	mov	r3, sl
100014a4:	609e      	str	r6, [r3, #8]
100014a6:	60df      	str	r7, [r3, #12]
100014a8:	2200      	movs	r2, #0
100014aa:	5e9a      	ldrsh	r2, [r3, r2]
100014ac:	2a00      	cmp	r2, #0
100014ae:	da00      	bge.n	100014b2 <alarm_pool_irq_handler+0x12e>
100014b0:	e786      	b.n	100013c0 <alarm_pool_irq_handler+0x3c>
100014b2:	0053      	lsls	r3, r2, #1
100014b4:	1899      	adds	r1, r3, r2
100014b6:	6960      	ldr	r0, [r4, #20]
100014b8:	00c9      	lsls	r1, r1, #3
100014ba:	1841      	adds	r1, r0, r1
100014bc:	9302      	str	r3, [sp, #8]
100014be:	688b      	ldr	r3, [r1, #8]
100014c0:	68c9      	ldr	r1, [r1, #12]
100014c2:	469b      	mov	fp, r3
100014c4:	42b9      	cmp	r1, r7
100014c6:	dd00      	ble.n	100014ca <alarm_pool_irq_handler+0x146>
100014c8:	e77a      	b.n	100013c0 <alarm_pool_irq_handler+0x3c>
100014ca:	d102      	bne.n	100014d2 <alarm_pool_irq_handler+0x14e>
100014cc:	42b3      	cmp	r3, r6
100014ce:	d900      	bls.n	100014d2 <alarm_pool_irq_handler+0x14e>
100014d0:	e776      	b.n	100013c0 <alarm_pool_irq_handler+0x3c>
100014d2:	2308      	movs	r3, #8
100014d4:	469c      	mov	ip, r3
100014d6:	44a4      	add	ip, r4
100014d8:	9505      	str	r5, [sp, #20]
100014da:	4665      	mov	r5, ip
100014dc:	8122      	strh	r2, [r4, #8]
100014de:	46a4      	mov	ip, r4
100014e0:	9b02      	ldr	r3, [sp, #8]
100014e2:	002c      	movs	r4, r5
100014e4:	e006      	b.n	100014f4 <alarm_pool_irq_handler+0x170>
100014e6:	0053      	lsls	r3, r2, #1
100014e8:	1899      	adds	r1, r3, r2
100014ea:	00c9      	lsls	r1, r1, #3
100014ec:	1841      	adds	r1, r0, r1
100014ee:	688d      	ldr	r5, [r1, #8]
100014f0:	68c9      	ldr	r1, [r1, #12]
100014f2:	46ab      	mov	fp, r5
100014f4:	189b      	adds	r3, r3, r2
100014f6:	00db      	lsls	r3, r3, #3
100014f8:	18c3      	adds	r3, r0, r3
100014fa:	42b9      	cmp	r1, r7
100014fc:	dc06      	bgt.n	1000150c <alarm_pool_irq_handler+0x188>
100014fe:	d100      	bne.n	10001502 <alarm_pool_irq_handler+0x17e>
10001500:	e0b3      	b.n	1000166a <alarm_pool_irq_handler+0x2e6>
10001502:	001c      	movs	r4, r3
10001504:	2300      	movs	r3, #0
10001506:	5ee2      	ldrsh	r2, [r4, r3]
10001508:	2a00      	cmp	r2, #0
1000150a:	daec      	bge.n	100014e6 <alarm_pool_irq_handler+0x162>
1000150c:	0023      	movs	r3, r4
1000150e:	4664      	mov	r4, ip
10001510:	469c      	mov	ip, r3
10001512:	4653      	mov	r3, sl
10001514:	801a      	strh	r2, [r3, #0]
10001516:	4663      	mov	r3, ip
10001518:	9d05      	ldr	r5, [sp, #20]
1000151a:	801d      	strh	r5, [r3, #0]
1000151c:	88a3      	ldrh	r3, [r4, #4]
1000151e:	b21b      	sxth	r3, r3
10001520:	2b00      	cmp	r3, #0
10001522:	da00      	bge.n	10001526 <alarm_pool_irq_handler+0x1a2>
10001524:	e751      	b.n	100013ca <alarm_pool_irq_handler+0x46>
10001526:	6922      	ldr	r2, [r4, #16]
10001528:	f3ef 8110 	mrs	r1, PRIMASK
1000152c:	b672      	cpsid	i
1000152e:	6813      	ldr	r3, [r2, #0]
10001530:	2b00      	cmp	r3, #0
10001532:	d0fc      	beq.n	1000152e <alarm_pool_irq_handler+0x1aa>
10001534:	f3bf 8f5f 	dmb	sy
10001538:	2301      	movs	r3, #1
1000153a:	88a7      	ldrh	r7, [r4, #4]
1000153c:	425b      	negs	r3, r3
1000153e:	80a3      	strh	r3, [r4, #4]
10001540:	b23f      	sxth	r7, r7
10001542:	6923      	ldr	r3, [r4, #16]
10001544:	f3bf 8f5f 	dmb	sy
10001548:	2200      	movs	r2, #0
1000154a:	601a      	str	r2, [r3, #0]
1000154c:	f381 8810 	msr	PRIMASK, r1
10001550:	2f00      	cmp	r7, #0
10001552:	da00      	bge.n	10001556 <alarm_pool_irq_handler+0x1d2>
10001554:	e739      	b.n	100013ca <alarm_pool_irq_handler+0x46>
10001556:	0023      	movs	r3, r4
10001558:	3308      	adds	r3, #8
1000155a:	0022      	movs	r2, r4
1000155c:	469a      	mov	sl, r3
1000155e:	6966      	ldr	r6, [r4, #20]
10001560:	007b      	lsls	r3, r7, #1
10001562:	19db      	adds	r3, r3, r7
10001564:	00db      	lsls	r3, r3, #3
10001566:	18f3      	adds	r3, r6, r3
10001568:	6899      	ldr	r1, [r3, #8]
1000156a:	4650      	mov	r0, sl
1000156c:	468c      	mov	ip, r1
1000156e:	2408      	movs	r4, #8
10001570:	5f11      	ldrsh	r1, [r2, r4]
10001572:	68dd      	ldr	r5, [r3, #12]
10001574:	2900      	cmp	r1, #0
10001576:	db10      	blt.n	1000159a <alarm_pool_irq_handler+0x216>
10001578:	9302      	str	r3, [sp, #8]
1000157a:	e006      	b.n	1000158a <alarm_pool_irq_handler+0x206>
1000157c:	42ab      	cmp	r3, r5
1000157e:	d044      	beq.n	1000160a <alarm_pool_irq_handler+0x286>
10001580:	2300      	movs	r3, #0
10001582:	5ee1      	ldrsh	r1, [r4, r3]
10001584:	0020      	movs	r0, r4
10001586:	2900      	cmp	r1, #0
10001588:	db06      	blt.n	10001598 <alarm_pool_irq_handler+0x214>
1000158a:	004c      	lsls	r4, r1, #1
1000158c:	1864      	adds	r4, r4, r1
1000158e:	00e4      	lsls	r4, r4, #3
10001590:	1934      	adds	r4, r6, r4
10001592:	68e3      	ldr	r3, [r4, #12]
10001594:	42ab      	cmp	r3, r5
10001596:	ddf1      	ble.n	1000157c <alarm_pool_irq_handler+0x1f8>
10001598:	9b02      	ldr	r3, [sp, #8]
1000159a:	8007      	strh	r7, [r0, #0]
1000159c:	2000      	movs	r0, #0
1000159e:	5e1f      	ldrsh	r7, [r3, r0]
100015a0:	8019      	strh	r1, [r3, #0]
100015a2:	2f00      	cmp	r7, #0
100015a4:	dadc      	bge.n	10001560 <alarm_pool_irq_handler+0x1dc>
100015a6:	0014      	movs	r4, r2
100015a8:	79a3      	ldrb	r3, [r4, #6]
100015aa:	2b00      	cmp	r3, #0
100015ac:	d100      	bne.n	100015b0 <alarm_pool_irq_handler+0x22c>
100015ae:	e710      	b.n	100013d2 <alarm_pool_irq_handler+0x4e>
100015b0:	2300      	movs	r3, #0
100015b2:	71a3      	strb	r3, [r4, #6]
100015b4:	0026      	movs	r6, r4
100015b6:	2308      	movs	r3, #8
100015b8:	5ee1      	ldrsh	r1, [r4, r3]
100015ba:	3608      	adds	r6, #8
100015bc:	1c4b      	adds	r3, r1, #1
100015be:	d100      	bne.n	100015c2 <alarm_pool_irq_handler+0x23e>
100015c0:	e72c      	b.n	1000141c <alarm_pool_irq_handler+0x98>
100015c2:	0008      	movs	r0, r1
100015c4:	46a2      	mov	sl, r4
100015c6:	6965      	ldr	r5, [r4, #20]
100015c8:	e002      	b.n	100015d0 <alarm_pool_irq_handler+0x24c>
100015ca:	003e      	movs	r6, r7
100015cc:	1c4b      	adds	r3, r1, #1
100015ce:	d01a      	beq.n	10001606 <alarm_pool_irq_handler+0x282>
100015d0:	004b      	lsls	r3, r1, #1
100015d2:	185b      	adds	r3, r3, r1
100015d4:	00db      	lsls	r3, r3, #3
100015d6:	18ef      	adds	r7, r5, r3
100015d8:	000a      	movs	r2, r1
100015da:	468c      	mov	ip, r1
100015dc:	5ee9      	ldrsh	r1, [r5, r3]
100015de:	887b      	ldrh	r3, [r7, #2]
100015e0:	b21b      	sxth	r3, r3
100015e2:	2b00      	cmp	r3, #0
100015e4:	daf1      	bge.n	100015ca <alarm_pool_irq_handler+0x246>
100015e6:	2301      	movs	r3, #1
100015e8:	425b      	negs	r3, r3
100015ea:	17dc      	asrs	r4, r3, #31
100015ec:	60bb      	str	r3, [r7, #8]
100015ee:	60fc      	str	r4, [r7, #12]
100015f0:	4282      	cmp	r2, r0
100015f2:	d005      	beq.n	10001600 <alarm_pool_irq_handler+0x27c>
100015f4:	4653      	mov	r3, sl
100015f6:	8031      	strh	r1, [r6, #0]
100015f8:	891b      	ldrh	r3, [r3, #8]
100015fa:	803b      	strh	r3, [r7, #0]
100015fc:	4653      	mov	r3, sl
100015fe:	811a      	strh	r2, [r3, #8]
10001600:	4660      	mov	r0, ip
10001602:	1c4b      	adds	r3, r1, #1
10001604:	d1e4      	bne.n	100015d0 <alarm_pool_irq_handler+0x24c>
10001606:	4654      	mov	r4, sl
10001608:	e6e5      	b.n	100013d6 <alarm_pool_irq_handler+0x52>
1000160a:	68a3      	ldr	r3, [r4, #8]
1000160c:	4563      	cmp	r3, ip
1000160e:	d9b7      	bls.n	10001580 <alarm_pool_irq_handler+0x1fc>
10001610:	e7c2      	b.n	10001598 <alarm_pool_irq_handler+0x214>
10001612:	1c6b      	adds	r3, r5, #1
10001614:	d000      	beq.n	10001618 <alarm_pool_irq_handler+0x294>
10001616:	e6ea      	b.n	100013ee <alarm_pool_irq_handler+0x6a>
10001618:	e6f8      	b.n	1000140c <alarm_pool_irq_handler+0x88>
1000161a:	465b      	mov	r3, fp
1000161c:	4658      	mov	r0, fp
1000161e:	691b      	ldr	r3, [r3, #16]
10001620:	4798      	blx	r3
10001622:	2800      	cmp	r0, #0
10001624:	d11b      	bne.n	1000165e <alarm_pool_irq_handler+0x2da>
10001626:	4653      	mov	r3, sl
10001628:	881b      	ldrh	r3, [r3, #0]
1000162a:	6922      	ldr	r2, [r4, #16]
1000162c:	8123      	strh	r3, [r4, #8]
1000162e:	f3ef 8310 	mrs	r3, PRIMASK
10001632:	b672      	cpsid	i
10001634:	6811      	ldr	r1, [r2, #0]
10001636:	2900      	cmp	r1, #0
10001638:	d0fc      	beq.n	10001634 <alarm_pool_irq_handler+0x2b0>
1000163a:	f3bf 8f5f 	dmb	sy
1000163e:	4651      	mov	r1, sl
10001640:	8862      	ldrh	r2, [r4, #2]
10001642:	800a      	strh	r2, [r1, #0]
10001644:	6922      	ldr	r2, [r4, #16]
10001646:	8065      	strh	r5, [r4, #2]
10001648:	f3bf 8f5f 	dmb	sy
1000164c:	2100      	movs	r1, #0
1000164e:	6011      	str	r1, [r2, #0]
10001650:	f383 8810 	msr	PRIMASK, r3
10001654:	e6b4      	b.n	100013c0 <alarm_pool_irq_handler+0x3c>
10001656:	4286      	cmp	r6, r0
10001658:	d800      	bhi.n	1000165c <alarm_pool_irq_handler+0x2d8>
1000165a:	e6f8      	b.n	1000144e <alarm_pool_irq_handler+0xca>
1000165c:	e6b0      	b.n	100013c0 <alarm_pool_irq_handler+0x3c>
1000165e:	465b      	mov	r3, fp
10001660:	681a      	ldr	r2, [r3, #0]
10001662:	685b      	ldr	r3, [r3, #4]
10001664:	9200      	str	r2, [sp, #0]
10001666:	9301      	str	r3, [sp, #4]
10001668:	e707      	b.n	1000147a <alarm_pool_irq_handler+0xf6>
1000166a:	45b3      	cmp	fp, r6
1000166c:	d800      	bhi.n	10001670 <alarm_pool_irq_handler+0x2ec>
1000166e:	e748      	b.n	10001502 <alarm_pool_irq_handler+0x17e>
10001670:	e74c      	b.n	1000150c <alarm_pool_irq_handler+0x188>
10001672:	46c0      	nop			@ (mov r8, r8)
10001674:	20001350 	.word	0x20001350
10001678:	4005703c 	.word	0x4005703c
1000167c:	10001385 	.word	0x10001385
10001680:	40054000 	.word	0x40054000

10001684 <runtime_init_default_alarm_pool>:
10001684:	b570      	push	{r4, r5, r6, lr}
10001686:	4c2e      	ldr	r4, [pc, #184]	@ (10001740 <runtime_init_default_alarm_pool+0xbc>)
10001688:	6925      	ldr	r5, [r4, #16]
1000168a:	2d00      	cmp	r5, #0
1000168c:	d004      	beq.n	10001698 <runtime_init_default_alarm_pool+0x14>
1000168e:	210a      	movs	r1, #10
10001690:	482c      	ldr	r0, [pc, #176]	@ (10001744 <runtime_init_default_alarm_pool+0xc0>)
10001692:	f7ff fe13 	bl	100012bc <lock_init>
10001696:	bd70      	pop	{r4, r5, r6, pc}
10001698:	4e2b      	ldr	r6, [pc, #172]	@ (10001748 <runtime_init_default_alarm_pool+0xc4>)
1000169a:	2103      	movs	r1, #3
1000169c:	0030      	movs	r0, r6
1000169e:	f000 f9f5 	bl	10001a8c <timer_hardware_alarm_claim>
100016a2:	60e6      	str	r6, [r4, #12]
100016a4:	f7ff fb52 	bl	10000d4c <next_striped_spin_lock_num>
100016a8:	4b28      	ldr	r3, [pc, #160]	@ (1000174c <runtime_init_default_alarm_pool+0xc8>)
100016aa:	2203      	movs	r2, #3
100016ac:	469c      	mov	ip, r3
100016ae:	23d0      	movs	r3, #208	@ 0xd0
100016b0:	7022      	strb	r2, [r4, #0]
100016b2:	061b      	lsls	r3, r3, #24
100016b4:	681b      	ldr	r3, [r3, #0]
100016b6:	2101      	movs	r1, #1
100016b8:	7063      	strb	r3, [r4, #1]
100016ba:	4b25      	ldr	r3, [pc, #148]	@ (10001750 <runtime_init_default_alarm_pool+0xcc>)
100016bc:	4460      	add	r0, ip
100016be:	60a3      	str	r3, [r4, #8]
100016c0:	230f      	movs	r3, #15
100016c2:	0080      	lsls	r0, r0, #2
100016c4:	6120      	str	r0, [r4, #16]
100016c6:	2002      	movs	r0, #2
100016c8:	8063      	strh	r3, [r4, #2]
100016ca:	6963      	ldr	r3, [r4, #20]
100016cc:	4249      	negs	r1, r1
100016ce:	80a1      	strh	r1, [r4, #4]
100016d0:	8019      	strh	r1, [r3, #0]
100016d2:	3102      	adds	r1, #2
100016d4:	8619      	strh	r1, [r3, #48]	@ 0x30
100016d6:	3147      	adds	r1, #71	@ 0x47
100016d8:	831d      	strh	r5, [r3, #24]
100016da:	5258      	strh	r0, [r3, r1]
100016dc:	3118      	adds	r1, #24
100016de:	525a      	strh	r2, [r3, r1]
100016e0:	3275      	adds	r2, #117	@ 0x75
100016e2:	395c      	subs	r1, #92	@ 0x5c
100016e4:	5299      	strh	r1, [r3, r2]
100016e6:	3218      	adds	r2, #24
100016e8:	3101      	adds	r1, #1
100016ea:	5299      	strh	r1, [r3, r2]
100016ec:	3218      	adds	r2, #24
100016ee:	3101      	adds	r1, #1
100016f0:	5299      	strh	r1, [r3, r2]
100016f2:	3218      	adds	r2, #24
100016f4:	3101      	adds	r1, #1
100016f6:	5299      	strh	r1, [r3, r2]
100016f8:	3508      	adds	r5, #8
100016fa:	3218      	adds	r2, #24
100016fc:	529d      	strh	r5, [r3, r2]
100016fe:	3102      	adds	r1, #2
10001700:	3218      	adds	r2, #24
10001702:	5299      	strh	r1, [r3, r2]
10001704:	3218      	adds	r2, #24
10001706:	3101      	adds	r1, #1
10001708:	5299      	strh	r1, [r3, r2]
1000170a:	3218      	adds	r2, #24
1000170c:	3101      	adds	r1, #1
1000170e:	5299      	strh	r1, [r3, r2]
10001710:	3218      	adds	r2, #24
10001712:	3101      	adds	r1, #1
10001714:	5299      	strh	r1, [r3, r2]
10001716:	3218      	adds	r2, #24
10001718:	3101      	adds	r1, #1
1000171a:	5299      	strh	r1, [r3, r2]
1000171c:	3218      	adds	r2, #24
1000171e:	3101      	adds	r1, #1
10001720:	5299      	strh	r1, [r3, r2]
10001722:	4b0c      	ldr	r3, [pc, #48]	@ (10001754 <runtime_init_default_alarm_pool+0xd0>)
10001724:	490c      	ldr	r1, [pc, #48]	@ (10001758 <runtime_init_default_alarm_pool+0xd4>)
10001726:	60dc      	str	r4, [r3, #12]
10001728:	3001      	adds	r0, #1
1000172a:	6235      	str	r5, [r6, #32]
1000172c:	f7ff fb5e 	bl	10000dec <irq_set_exclusive_handler>
10001730:	2101      	movs	r1, #1
10001732:	2003      	movs	r0, #3
10001734:	f7ff fb48 	bl	10000dc8 <irq_set_enabled>
10001738:	4b08      	ldr	r3, [pc, #32]	@ (1000175c <runtime_init_default_alarm_pool+0xd8>)
1000173a:	601d      	str	r5, [r3, #0]
1000173c:	e7a7      	b.n	1000168e <runtime_init_default_alarm_pool+0xa>
1000173e:	46c0      	nop			@ (mov r8, r8)
10001740:	20000614 	.word	0x20000614
10001744:	2000136c 	.word	0x2000136c
10001748:	40054000 	.word	0x40054000
1000174c:	34000040 	.word	0x34000040
10001750:	0010ffff 	.word	0x0010ffff
10001754:	20001350 	.word	0x20001350
10001758:	10001385 	.word	0x10001385
1000175c:	40056038 	.word	0x40056038

10001760 <alarm_pool_add_alarm_at_force_in_context>:
10001760:	b570      	push	{r4, r5, r6, lr}
10001762:	0001      	movs	r1, r0
10001764:	6904      	ldr	r4, [r0, #16]
10001766:	f3ef 8c10 	mrs	ip, PRIMASK
1000176a:	b672      	cpsid	i
1000176c:	6820      	ldr	r0, [r4, #0]
1000176e:	2800      	cmp	r0, #0
10001770:	d0fc      	beq.n	1000176c <alarm_pool_add_alarm_at_force_in_context+0xc>
10001772:	f3bf 8f5f 	dmb	sy
10001776:	2002      	movs	r0, #2
10001778:	5e0d      	ldrsh	r5, [r1, r0]
1000177a:	694c      	ldr	r4, [r1, #20]
1000177c:	0068      	lsls	r0, r5, #1
1000177e:	1940      	adds	r0, r0, r5
10001780:	00c0      	lsls	r0, r0, #3
10001782:	1824      	adds	r4, r4, r0
10001784:	6908      	ldr	r0, [r1, #16]
10001786:	2d00      	cmp	r5, #0
10001788:	db36      	blt.n	100017f8 <alarm_pool_add_alarm_at_force_in_context+0x98>
1000178a:	8826      	ldrh	r6, [r4, #0]
1000178c:	804e      	strh	r6, [r1, #2]
1000178e:	f3bf 8f5f 	dmb	sy
10001792:	2600      	movs	r6, #0
10001794:	6006      	str	r6, [r0, #0]
10001796:	f38c 8810 	msr	PRIMASK, ip
1000179a:	60e3      	str	r3, [r4, #12]
1000179c:	8863      	ldrh	r3, [r4, #2]
1000179e:	9804      	ldr	r0, [sp, #16]
100017a0:	3301      	adds	r3, #1
100017a2:	6120      	str	r0, [r4, #16]
100017a4:	045b      	lsls	r3, r3, #17
100017a6:	9805      	ldr	r0, [sp, #20]
100017a8:	0c5b      	lsrs	r3, r3, #17
100017aa:	60a2      	str	r2, [r4, #8]
100017ac:	6160      	str	r0, [r4, #20]
100017ae:	1c1a      	adds	r2, r3, #0
100017b0:	2b00      	cmp	r3, #0
100017b2:	d01f      	beq.n	100017f4 <alarm_pool_add_alarm_at_force_in_context+0x94>
100017b4:	b293      	uxth	r3, r2
100017b6:	0428      	lsls	r0, r5, #16
100017b8:	8062      	strh	r2, [r4, #2]
100017ba:	4318      	orrs	r0, r3
100017bc:	690a      	ldr	r2, [r1, #16]
100017be:	f3ef 8c10 	mrs	ip, PRIMASK
100017c2:	b672      	cpsid	i
100017c4:	6813      	ldr	r3, [r2, #0]
100017c6:	2b00      	cmp	r3, #0
100017c8:	d0fc      	beq.n	100017c4 <alarm_pool_add_alarm_at_force_in_context+0x64>
100017ca:	f3bf 8f5f 	dmb	sy
100017ce:	888b      	ldrh	r3, [r1, #4]
100017d0:	8023      	strh	r3, [r4, #0]
100017d2:	808d      	strh	r5, [r1, #4]
100017d4:	690b      	ldr	r3, [r1, #16]
100017d6:	f3bf 8f5f 	dmb	sy
100017da:	2200      	movs	r2, #0
100017dc:	601a      	str	r2, [r3, #0]
100017de:	f38c 8810 	msr	PRIMASK, ip
100017e2:	780b      	ldrb	r3, [r1, #0]
100017e4:	3201      	adds	r2, #1
100017e6:	409a      	lsls	r2, r3
100017e8:	68cb      	ldr	r3, [r1, #12]
100017ea:	4908      	ldr	r1, [pc, #32]	@ (1000180c <alarm_pool_add_alarm_at_force_in_context+0xac>)
100017ec:	468c      	mov	ip, r1
100017ee:	4463      	add	r3, ip
100017f0:	601a      	str	r2, [r3, #0]
100017f2:	bd70      	pop	{r4, r5, r6, pc}
100017f4:	2201      	movs	r2, #1
100017f6:	e7dd      	b.n	100017b4 <alarm_pool_add_alarm_at_force_in_context+0x54>
100017f8:	f3bf 8f5f 	dmb	sy
100017fc:	2300      	movs	r3, #0
100017fe:	6003      	str	r3, [r0, #0]
10001800:	f38c 8810 	msr	PRIMASK, ip
10001804:	2001      	movs	r0, #1
10001806:	4240      	negs	r0, r0
10001808:	e7f3      	b.n	100017f2 <alarm_pool_add_alarm_at_force_in_context+0x92>
1000180a:	46c0      	nop			@ (mov r8, r8)
1000180c:	0000203c 	.word	0x0000203c

10001810 <alarm_pool_cancel_alarm>:
10001810:	b510      	push	{r4, lr}
10001812:	8943      	ldrh	r3, [r0, #10]
10001814:	140a      	asrs	r2, r1, #16
10001816:	4293      	cmp	r3, r2
10001818:	dd1a      	ble.n	10001850 <alarm_pool_cancel_alarm+0x40>
1000181a:	0053      	lsls	r3, r2, #1
1000181c:	189b      	adds	r3, r3, r2
1000181e:	6942      	ldr	r2, [r0, #20]
10001820:	00db      	lsls	r3, r3, #3
10001822:	18d3      	adds	r3, r2, r3
10001824:	6904      	ldr	r4, [r0, #16]
10001826:	f3ef 8c10 	mrs	ip, PRIMASK
1000182a:	b672      	cpsid	i
1000182c:	6822      	ldr	r2, [r4, #0]
1000182e:	2a00      	cmp	r2, #0
10001830:	d0fc      	beq.n	1000182c <alarm_pool_cancel_alarm+0x1c>
10001832:	f3bf 8f5f 	dmb	sy
10001836:	885a      	ldrh	r2, [r3, #2]
10001838:	0409      	lsls	r1, r1, #16
1000183a:	b294      	uxth	r4, r2
1000183c:	0c09      	lsrs	r1, r1, #16
1000183e:	428a      	cmp	r2, r1
10001840:	d008      	beq.n	10001854 <alarm_pool_cancel_alarm+0x44>
10001842:	6903      	ldr	r3, [r0, #16]
10001844:	f3bf 8f5f 	dmb	sy
10001848:	2200      	movs	r2, #0
1000184a:	601a      	str	r2, [r3, #0]
1000184c:	f38c 8810 	msr	PRIMASK, ip
10001850:	2000      	movs	r0, #0
10001852:	bd10      	pop	{r4, pc}
10001854:	2280      	movs	r2, #128	@ 0x80
10001856:	0212      	lsls	r2, r2, #8
10001858:	4314      	orrs	r4, r2
1000185a:	805c      	strh	r4, [r3, #2]
1000185c:	2301      	movs	r3, #1
1000185e:	6902      	ldr	r2, [r0, #16]
10001860:	7183      	strb	r3, [r0, #6]
10001862:	f3bf 8f5f 	dmb	sy
10001866:	2100      	movs	r1, #0
10001868:	6011      	str	r1, [r2, #0]
1000186a:	f38c 8810 	msr	PRIMASK, ip
1000186e:	4904      	ldr	r1, [pc, #16]	@ (10001880 <alarm_pool_cancel_alarm+0x70>)
10001870:	7802      	ldrb	r2, [r0, #0]
10001872:	468c      	mov	ip, r1
10001874:	4093      	lsls	r3, r2
10001876:	68c2      	ldr	r2, [r0, #12]
10001878:	2001      	movs	r0, #1
1000187a:	4462      	add	r2, ip
1000187c:	6013      	str	r3, [r2, #0]
1000187e:	e7e8      	b.n	10001852 <alarm_pool_cancel_alarm+0x42>
10001880:	0000203c 	.word	0x0000203c

10001884 <sleep_ms>:
10001884:	b5f0      	push	{r4, r5, r6, r7, lr}
10001886:	46c6      	mov	lr, r8
10001888:	b500      	push	{lr}
1000188a:	b082      	sub	sp, #8
1000188c:	0004      	movs	r4, r0
1000188e:	f000 f90f 	bl	10001ab0 <time_us_64>
10001892:	22fa      	movs	r2, #250	@ 0xfa
10001894:	0006      	movs	r6, r0
10001896:	000f      	movs	r7, r1
10001898:	0020      	movs	r0, r4
1000189a:	2300      	movs	r3, #0
1000189c:	2100      	movs	r1, #0
1000189e:	0092      	lsls	r2, r2, #2
100018a0:	f001 faf0 	bl	10002e84 <__wrap___aeabi_lmul>
100018a4:	1980      	adds	r0, r0, r6
100018a6:	4179      	adcs	r1, r7
100018a8:	0004      	movs	r4, r0
100018aa:	1e0d      	subs	r5, r1, #0
100018ac:	da02      	bge.n	100018b4 <sleep_ms+0x30>
100018ae:	2401      	movs	r4, #1
100018b0:	4d2e      	ldr	r5, [pc, #184]	@ (1000196c <sleep_ms+0xe8>)
100018b2:	4264      	negs	r4, r4
100018b4:	2606      	movs	r6, #6
100018b6:	4276      	negs	r6, r6
100018b8:	17f7      	asrs	r7, r6, #31
100018ba:	1936      	adds	r6, r6, r4
100018bc:	416f      	adcs	r7, r5
100018be:	42af      	cmp	r7, r5
100018c0:	d814      	bhi.n	100018ec <sleep_ms+0x68>
100018c2:	d011      	beq.n	100018e8 <sleep_ms+0x64>
100018c4:	f000 f8f4 	bl	10001ab0 <time_us_64>
100018c8:	0032      	movs	r2, r6
100018ca:	003b      	movs	r3, r7
100018cc:	1a12      	subs	r2, r2, r0
100018ce:	418b      	sbcs	r3, r1
100018d0:	2b00      	cmp	r3, #0
100018d2:	dc15      	bgt.n	10001900 <sleep_ms+0x7c>
100018d4:	2b00      	cmp	r3, #0
100018d6:	d046      	beq.n	10001966 <sleep_ms+0xe2>
100018d8:	0020      	movs	r0, r4
100018da:	0029      	movs	r1, r5
100018dc:	f000 f926 	bl	10001b2c <busy_wait_until>
100018e0:	b002      	add	sp, #8
100018e2:	bc80      	pop	{r7}
100018e4:	46b8      	mov	r8, r7
100018e6:	bdf0      	pop	{r4, r5, r6, r7, pc}
100018e8:	42a6      	cmp	r6, r4
100018ea:	d9eb      	bls.n	100018c4 <sleep_ms+0x40>
100018ec:	2600      	movs	r6, #0
100018ee:	2700      	movs	r7, #0
100018f0:	f000 f8de 	bl	10001ab0 <time_us_64>
100018f4:	0032      	movs	r2, r6
100018f6:	003b      	movs	r3, r7
100018f8:	1a12      	subs	r2, r2, r0
100018fa:	418b      	sbcs	r3, r1
100018fc:	2b00      	cmp	r3, #0
100018fe:	dde9      	ble.n	100018d4 <sleep_ms+0x50>
10001900:	f000 f8d6 	bl	10001ab0 <time_us_64>
10001904:	0032      	movs	r2, r6
10001906:	003b      	movs	r3, r7
10001908:	1a12      	subs	r2, r2, r0
1000190a:	418b      	sbcs	r3, r1
1000190c:	2b00      	cmp	r3, #0
1000190e:	db0a      	blt.n	10001926 <sleep_ms+0xa2>
10001910:	2300      	movs	r3, #0
10001912:	9301      	str	r3, [sp, #4]
10001914:	4b16      	ldr	r3, [pc, #88]	@ (10001970 <sleep_ms+0xec>)
10001916:	0032      	movs	r2, r6
10001918:	9300      	str	r3, [sp, #0]
1000191a:	4816      	ldr	r0, [pc, #88]	@ (10001974 <sleep_ms+0xf0>)
1000191c:	003b      	movs	r3, r7
1000191e:	f7ff ff1f 	bl	10001760 <alarm_pool_add_alarm_at_force_in_context>
10001922:	3001      	adds	r0, #1
10001924:	d0d8      	beq.n	100018d8 <sleep_ms+0x54>
10001926:	2300      	movs	r3, #0
10001928:	0039      	movs	r1, r7
1000192a:	46b0      	mov	r8, r6
1000192c:	469c      	mov	ip, r3
1000192e:	4a12      	ldr	r2, [pc, #72]	@ (10001978 <sleep_ms+0xf4>)
10001930:	4812      	ldr	r0, [pc, #72]	@ (1000197c <sleep_ms+0xf8>)
10001932:	6a53      	ldr	r3, [r2, #36]	@ 0x24
10001934:	4299      	cmp	r1, r3
10001936:	d804      	bhi.n	10001942 <sleep_ms+0xbe>
10001938:	6a96      	ldr	r6, [r2, #40]	@ 0x28
1000193a:	4546      	cmp	r6, r8
1000193c:	d2cc      	bcs.n	100018d8 <sleep_ms+0x54>
1000193e:	4299      	cmp	r1, r3
10001940:	d1ca      	bne.n	100018d8 <sleep_ms+0x54>
10001942:	6806      	ldr	r6, [r0, #0]
10001944:	f3ef 8710 	mrs	r7, PRIMASK
10001948:	b672      	cpsid	i
1000194a:	6833      	ldr	r3, [r6, #0]
1000194c:	2b00      	cmp	r3, #0
1000194e:	d0fc      	beq.n	1000194a <sleep_ms+0xc6>
10001950:	f3bf 8f5f 	dmb	sy
10001954:	6803      	ldr	r3, [r0, #0]
10001956:	f3bf 8f5f 	dmb	sy
1000195a:	4666      	mov	r6, ip
1000195c:	601e      	str	r6, [r3, #0]
1000195e:	f387 8810 	msr	PRIMASK, r7
10001962:	bf20      	wfe
10001964:	e7e5      	b.n	10001932 <sleep_ms+0xae>
10001966:	2a00      	cmp	r2, #0
10001968:	d0b6      	beq.n	100018d8 <sleep_ms+0x54>
1000196a:	e7c9      	b.n	10001900 <sleep_ms+0x7c>
1000196c:	7fffffff 	.word	0x7fffffff
10001970:	10001355 	.word	0x10001355
10001974:	20000614 	.word	0x20000614
10001978:	40054000 	.word	0x40054000
1000197c:	2000136c 	.word	0x2000136c

10001980 <best_effort_wfe_or_timeout>:
10001980:	b5f0      	push	{r4, r5, r6, r7, lr}
10001982:	4657      	mov	r7, sl
10001984:	464e      	mov	r6, r9
10001986:	46de      	mov	lr, fp
10001988:	4645      	mov	r5, r8
1000198a:	b5e0      	push	{r5, r6, r7, lr}
1000198c:	0006      	movs	r6, r0
1000198e:	000f      	movs	r7, r1
10001990:	b085      	sub	sp, #20
10001992:	f3ef 8305 	mrs	r3, IPSR
10001996:	4699      	mov	r9, r3
10001998:	468b      	mov	fp, r1
1000199a:	2b00      	cmp	r3, #0
1000199c:	d012      	beq.n	100019c4 <best_effort_wfe_or_timeout+0x44>
1000199e:	4938      	ldr	r1, [pc, #224]	@ (10001a80 <best_effort_wfe_or_timeout+0x100>)
100019a0:	2000      	movs	r0, #0
100019a2:	6a4b      	ldr	r3, [r1, #36]	@ 0x24
100019a4:	42bb      	cmp	r3, r7
100019a6:	d306      	bcc.n	100019b6 <best_effort_wfe_or_timeout+0x36>
100019a8:	6a8a      	ldr	r2, [r1, #40]	@ 0x28
100019aa:	1bdb      	subs	r3, r3, r7
100019ac:	1e59      	subs	r1, r3, #1
100019ae:	418b      	sbcs	r3, r1
100019b0:	42b2      	cmp	r2, r6
100019b2:	4140      	adcs	r0, r0
100019b4:	4318      	orrs	r0, r3
100019b6:	b005      	add	sp, #20
100019b8:	bcf0      	pop	{r4, r5, r6, r7}
100019ba:	46bb      	mov	fp, r7
100019bc:	46b2      	mov	sl, r6
100019be:	46a9      	mov	r9, r5
100019c0:	46a0      	mov	r8, r4
100019c2:	bdf0      	pop	{r4, r5, r6, r7, pc}
100019c4:	4b2f      	ldr	r3, [pc, #188]	@ (10001a84 <best_effort_wfe_or_timeout+0x104>)
100019c6:	469a      	mov	sl, r3
100019c8:	68db      	ldr	r3, [r3, #12]
100019ca:	4698      	mov	r8, r3
100019cc:	4653      	mov	r3, sl
100019ce:	781b      	ldrb	r3, [r3, #0]
100019d0:	4640      	mov	r0, r8
100019d2:	9303      	str	r3, [sp, #12]
100019d4:	f000 f864 	bl	10001aa0 <timer_time_us_64>
100019d8:	4642      	mov	r2, r8
100019da:	9b03      	ldr	r3, [sp, #12]
100019dc:	0004      	movs	r4, r0
100019de:	3304      	adds	r3, #4
100019e0:	009b      	lsls	r3, r3, #2
100019e2:	589b      	ldr	r3, [r3, r2]
100019e4:	000d      	movs	r5, r1
100019e6:	1a1b      	subs	r3, r3, r0
100019e8:	0039      	movs	r1, r7
100019ea:	0030      	movs	r0, r6
100019ec:	1b00      	subs	r0, r0, r4
100019ee:	41a9      	sbcs	r1, r5
100019f0:	4589      	cmp	r9, r1
100019f2:	dc10      	bgt.n	10001a16 <best_effort_wfe_or_timeout+0x96>
100019f4:	d00d      	beq.n	10001a12 <best_effort_wfe_or_timeout+0x92>
100019f6:	bf20      	wfe
100019f8:	4a21      	ldr	r2, [pc, #132]	@ (10001a80 <best_effort_wfe_or_timeout+0x100>)
100019fa:	2000      	movs	r0, #0
100019fc:	6a53      	ldr	r3, [r2, #36]	@ 0x24
100019fe:	455b      	cmp	r3, fp
10001a00:	d3d9      	bcc.n	100019b6 <best_effort_wfe_or_timeout+0x36>
10001a02:	6a92      	ldr	r2, [r2, #40]	@ 0x28
10001a04:	1bdb      	subs	r3, r3, r7
10001a06:	1e59      	subs	r1, r3, #1
10001a08:	418b      	sbcs	r3, r1
10001a0a:	42b2      	cmp	r2, r6
10001a0c:	4140      	adcs	r0, r0
10001a0e:	4318      	orrs	r0, r3
10001a10:	e7d1      	b.n	100019b6 <best_effort_wfe_or_timeout+0x36>
10001a12:	4283      	cmp	r3, r0
10001a14:	d9ef      	bls.n	100019f6 <best_effort_wfe_or_timeout+0x76>
10001a16:	f000 f84b 	bl	10001ab0 <time_us_64>
10001a1a:	0032      	movs	r2, r6
10001a1c:	003b      	movs	r3, r7
10001a1e:	1a12      	subs	r2, r2, r0
10001a20:	418b      	sbcs	r3, r1
10001a22:	2b00      	cmp	r3, #0
10001a24:	db1a      	blt.n	10001a5c <best_effort_wfe_or_timeout+0xdc>
10001a26:	2300      	movs	r3, #0
10001a28:	9301      	str	r3, [sp, #4]
10001a2a:	4b17      	ldr	r3, [pc, #92]	@ (10001a88 <best_effort_wfe_or_timeout+0x108>)
10001a2c:	0032      	movs	r2, r6
10001a2e:	9300      	str	r3, [sp, #0]
10001a30:	4650      	mov	r0, sl
10001a32:	003b      	movs	r3, r7
10001a34:	f7ff fe94 	bl	10001760 <alarm_pool_add_alarm_at_force_in_context>
10001a38:	1e01      	subs	r1, r0, #0
10001a3a:	dd0f      	ble.n	10001a5c <best_effort_wfe_or_timeout+0xdc>
10001a3c:	4b10      	ldr	r3, [pc, #64]	@ (10001a80 <best_effort_wfe_or_timeout+0x100>)
10001a3e:	6a5a      	ldr	r2, [r3, #36]	@ 0x24
10001a40:	455a      	cmp	r2, fp
10001a42:	d31b      	bcc.n	10001a7c <best_effort_wfe_or_timeout+0xfc>
10001a44:	6a9b      	ldr	r3, [r3, #40]	@ 0x28
10001a46:	42b3      	cmp	r3, r6
10001a48:	d316      	bcc.n	10001a78 <best_effort_wfe_or_timeout+0xf8>
10001a4a:	4650      	mov	r0, sl
10001a4c:	f7ff fee0 	bl	10001810 <alarm_pool_cancel_alarm>
10001a50:	4a0b      	ldr	r2, [pc, #44]	@ (10001a80 <best_effort_wfe_or_timeout+0x100>)
10001a52:	2000      	movs	r0, #0
10001a54:	6a53      	ldr	r3, [r2, #36]	@ 0x24
10001a56:	455b      	cmp	r3, fp
10001a58:	d3ad      	bcc.n	100019b6 <best_effort_wfe_or_timeout+0x36>
10001a5a:	e7d2      	b.n	10001a02 <best_effort_wfe_or_timeout+0x82>
10001a5c:	4a08      	ldr	r2, [pc, #32]	@ (10001a80 <best_effort_wfe_or_timeout+0x100>)
10001a5e:	2000      	movs	r0, #0
10001a60:	6a53      	ldr	r3, [r2, #36]	@ 0x24
10001a62:	455b      	cmp	r3, fp
10001a64:	d3a7      	bcc.n	100019b6 <best_effort_wfe_or_timeout+0x36>
10001a66:	2000      	movs	r0, #0
10001a68:	6a92      	ldr	r2, [r2, #40]	@ 0x28
10001a6a:	1bdb      	subs	r3, r3, r7
10001a6c:	42b2      	cmp	r2, r6
10001a6e:	4140      	adcs	r0, r0
10001a70:	1e5a      	subs	r2, r3, #1
10001a72:	4193      	sbcs	r3, r2
10001a74:	4318      	orrs	r0, r3
10001a76:	e79e      	b.n	100019b6 <best_effort_wfe_or_timeout+0x36>
10001a78:	455a      	cmp	r2, fp
10001a7a:	d1e6      	bne.n	10001a4a <best_effort_wfe_or_timeout+0xca>
10001a7c:	bf20      	wfe
10001a7e:	e7e4      	b.n	10001a4a <best_effort_wfe_or_timeout+0xca>
10001a80:	40054000 	.word	0x40054000
10001a84:	20000614 	.word	0x20000614
10001a88:	10001355 	.word	0x10001355

10001a8c <timer_hardware_alarm_claim>:
10001a8c:	b510      	push	{r4, lr}
10001a8e:	4a02      	ldr	r2, [pc, #8]	@ (10001a98 <timer_hardware_alarm_claim+0xc>)
10001a90:	4802      	ldr	r0, [pc, #8]	@ (10001a9c <timer_hardware_alarm_claim+0x10>)
10001a92:	f7ff f8f5 	bl	10000c80 <hw_claim_or_assert>
10001a96:	bd10      	pop	{r4, pc}
10001a98:	10008c70 	.word	0x10008c70
10001a9c:	200010e8 	.word	0x200010e8

10001aa0 <timer_time_us_64>:
10001aa0:	0003      	movs	r3, r0
10001aa2:	6a41      	ldr	r1, [r0, #36]	@ 0x24
10001aa4:	000a      	movs	r2, r1
10001aa6:	6a98      	ldr	r0, [r3, #40]	@ 0x28
10001aa8:	6a59      	ldr	r1, [r3, #36]	@ 0x24
10001aaa:	428a      	cmp	r2, r1
10001aac:	d1fa      	bne.n	10001aa4 <timer_time_us_64+0x4>
10001aae:	4770      	bx	lr

10001ab0 <time_us_64>:
10001ab0:	4b03      	ldr	r3, [pc, #12]	@ (10001ac0 <time_us_64+0x10>)
10001ab2:	6a59      	ldr	r1, [r3, #36]	@ 0x24
10001ab4:	000a      	movs	r2, r1
10001ab6:	6a98      	ldr	r0, [r3, #40]	@ 0x28
10001ab8:	6a59      	ldr	r1, [r3, #36]	@ 0x24
10001aba:	4291      	cmp	r1, r2
10001abc:	d1fa      	bne.n	10001ab4 <time_us_64+0x4>
10001abe:	4770      	bx	lr
10001ac0:	40054000 	.word	0x40054000

10001ac4 <busy_wait_us>:
10001ac4:	b570      	push	{r4, r5, r6, lr}
10001ac6:	0004      	movs	r4, r0
10001ac8:	000d      	movs	r5, r1
10001aca:	4a17      	ldr	r2, [pc, #92]	@ (10001b28 <busy_wait_us+0x64>)
10001acc:	6a53      	ldr	r3, [r2, #36]	@ 0x24
10001ace:	0019      	movs	r1, r3
10001ad0:	6a96      	ldr	r6, [r2, #40]	@ 0x28
10001ad2:	6a53      	ldr	r3, [r2, #36]	@ 0x24
10001ad4:	428b      	cmp	r3, r1
10001ad6:	d1fa      	bne.n	10001ace <busy_wait_us+0xa>
10001ad8:	0030      	movs	r0, r6
10001ada:	0019      	movs	r1, r3
10001adc:	1824      	adds	r4, r4, r0
10001ade:	414d      	adcs	r5, r1
10001ae0:	42ab      	cmp	r3, r5
10001ae2:	d816      	bhi.n	10001b12 <busy_wait_us+0x4e>
10001ae4:	d013      	beq.n	10001b0e <busy_wait_us+0x4a>
10001ae6:	4b10      	ldr	r3, [pc, #64]	@ (10001b28 <busy_wait_us+0x64>)
10001ae8:	002a      	movs	r2, r5
10001aea:	6a5b      	ldr	r3, [r3, #36]	@ 0x24
10001aec:	429d      	cmp	r5, r3
10001aee:	d903      	bls.n	10001af8 <busy_wait_us+0x34>
10001af0:	490d      	ldr	r1, [pc, #52]	@ (10001b28 <busy_wait_us+0x64>)
10001af2:	6a4b      	ldr	r3, [r1, #36]	@ 0x24
10001af4:	4293      	cmp	r3, r2
10001af6:	d3fc      	bcc.n	10001af2 <busy_wait_us+0x2e>
10001af8:	4293      	cmp	r3, r2
10001afa:	d107      	bne.n	10001b0c <busy_wait_us+0x48>
10001afc:	4a0a      	ldr	r2, [pc, #40]	@ (10001b28 <busy_wait_us+0x64>)
10001afe:	e002      	b.n	10001b06 <busy_wait_us+0x42>
10001b00:	6a51      	ldr	r1, [r2, #36]	@ 0x24
10001b02:	4299      	cmp	r1, r3
10001b04:	d102      	bne.n	10001b0c <busy_wait_us+0x48>
10001b06:	6a91      	ldr	r1, [r2, #40]	@ 0x28
10001b08:	42a1      	cmp	r1, r4
10001b0a:	d3f9      	bcc.n	10001b00 <busy_wait_us+0x3c>
10001b0c:	bd70      	pop	{r4, r5, r6, pc}
10001b0e:	42a6      	cmp	r6, r4
10001b10:	d9e9      	bls.n	10001ae6 <busy_wait_us+0x22>
10001b12:	4b05      	ldr	r3, [pc, #20]	@ (10001b28 <busy_wait_us+0x64>)
10001b14:	6a5b      	ldr	r3, [r3, #36]	@ 0x24
10001b16:	001c      	movs	r4, r3
10001b18:	1c5a      	adds	r2, r3, #1
10001b1a:	d0ef      	beq.n	10001afc <busy_wait_us+0x38>
10001b1c:	2201      	movs	r2, #1
10001b1e:	2401      	movs	r4, #1
10001b20:	4264      	negs	r4, r4
10001b22:	17e5      	asrs	r5, r4, #31
10001b24:	4252      	negs	r2, r2
10001b26:	e7e3      	b.n	10001af0 <busy_wait_us+0x2c>
10001b28:	40054000 	.word	0x40054000

10001b2c <busy_wait_until>:
10001b2c:	4a06      	ldr	r2, [pc, #24]	@ (10001b48 <busy_wait_until+0x1c>)
10001b2e:	6a53      	ldr	r3, [r2, #36]	@ 0x24
10001b30:	4299      	cmp	r1, r3
10001b32:	d8fc      	bhi.n	10001b2e <busy_wait_until+0x2>
10001b34:	d107      	bne.n	10001b46 <busy_wait_until+0x1a>
10001b36:	4b04      	ldr	r3, [pc, #16]	@ (10001b48 <busy_wait_until+0x1c>)
10001b38:	e002      	b.n	10001b40 <busy_wait_until+0x14>
10001b3a:	6a5a      	ldr	r2, [r3, #36]	@ 0x24
10001b3c:	4291      	cmp	r1, r2
10001b3e:	d102      	bne.n	10001b46 <busy_wait_until+0x1a>
10001b40:	6a9a      	ldr	r2, [r3, #40]	@ 0x28
10001b42:	4290      	cmp	r0, r2
10001b44:	d8f9      	bhi.n	10001b3a <busy_wait_until+0xe>
10001b46:	4770      	bx	lr
10001b48:	40054000 	.word	0x40054000

10001b4c <uart_init>:
10001b4c:	b5f8      	push	{r3, r4, r5, r6, r7, lr}
10001b4e:	0004      	movs	r4, r0
10001b50:	2006      	movs	r0, #6
10001b52:	000d      	movs	r5, r1
10001b54:	f000 f978 	bl	10001e48 <clock_get_hz>
10001b58:	2800      	cmp	r0, #0
10001b5a:	d044      	beq.n	10001be6 <uart_init+0x9a>
10001b5c:	4b37      	ldr	r3, [pc, #220]	@ (10001c3c <uart_init+0xf0>)
10001b5e:	4938      	ldr	r1, [pc, #224]	@ (10001c40 <uart_init+0xf4>)
10001b60:	18e3      	adds	r3, r4, r3
10001b62:	1e5a      	subs	r2, r3, #1
10001b64:	4193      	sbcs	r3, r2
10001b66:	2280      	movs	r2, #128	@ 0x80
10001b68:	0412      	lsls	r2, r2, #16
10001b6a:	4694      	mov	ip, r2
10001b6c:	425b      	negs	r3, r3
10001b6e:	0d9b      	lsrs	r3, r3, #22
10001b70:	4a34      	ldr	r2, [pc, #208]	@ (10001c44 <uart_init+0xf8>)
10001b72:	059b      	lsls	r3, r3, #22
10001b74:	4463      	add	r3, ip
10001b76:	6013      	str	r3, [r2, #0]
10001b78:	4a33      	ldr	r2, [pc, #204]	@ (10001c48 <uart_init+0xfc>)
10001b7a:	6013      	str	r3, [r2, #0]
10001b7c:	0018      	movs	r0, r3
10001b7e:	680a      	ldr	r2, [r1, #0]
10001b80:	4390      	bics	r0, r2
10001b82:	d1fb      	bne.n	10001b7c <uart_init+0x30>
10001b84:	4b2d      	ldr	r3, [pc, #180]	@ (10001c3c <uart_init+0xf0>)
10001b86:	4a31      	ldr	r2, [pc, #196]	@ (10001c4c <uart_init+0x100>)
10001b88:	18e3      	adds	r3, r4, r3
10001b8a:	4259      	negs	r1, r3
10001b8c:	414b      	adcs	r3, r1
10001b8e:	2180      	movs	r1, #128	@ 0x80
10001b90:	005b      	lsls	r3, r3, #1
10001b92:	0049      	lsls	r1, r1, #1
10001b94:	2006      	movs	r0, #6
10001b96:	5299      	strh	r1, [r3, r2]
10001b98:	f000 f956 	bl	10001e48 <clock_get_hz>
10001b9c:	0029      	movs	r1, r5
10001b9e:	00c0      	lsls	r0, r0, #3
10001ba0:	f000 fb4c 	bl	1000223c <__wrap___aeabi_uidiv>
10001ba4:	3001      	adds	r0, #1
10001ba6:	09c3      	lsrs	r3, r0, #7
10001ba8:	d11e      	bne.n	10001be8 <uart_init+0x9c>
10001baa:	2740      	movs	r7, #64	@ 0x40
10001bac:	2201      	movs	r2, #1
10001bae:	6262      	str	r2, [r4, #36]	@ 0x24
10001bb0:	62a3      	str	r3, [r4, #40]	@ 0x28
10001bb2:	6b26      	ldr	r6, [r4, #48]	@ 0x30
10001bb4:	07f3      	lsls	r3, r6, #31
10001bb6:	d422      	bmi.n	10001bfe <uart_init+0xb2>
10001bb8:	6ae3      	ldr	r3, [r4, #44]	@ 0x2c
10001bba:	4b25      	ldr	r3, [pc, #148]	@ (10001c50 <uart_init+0x104>)
10001bbc:	2006      	movs	r0, #6
10001bbe:	18e5      	adds	r5, r4, r3
10001bc0:	2300      	movs	r3, #0
10001bc2:	602b      	str	r3, [r5, #0]
10001bc4:	6326      	str	r6, [r4, #48]	@ 0x30
10001bc6:	f000 f93f 	bl	10001e48 <clock_get_hz>
10001bca:	0039      	movs	r1, r7
10001bcc:	0080      	lsls	r0, r0, #2
10001bce:	f000 fb35 	bl	1000223c <__wrap___aeabi_uidiv>
10001bd2:	2370      	movs	r3, #112	@ 0x70
10001bd4:	6ae2      	ldr	r2, [r4, #44]	@ 0x2c
10001bd6:	405a      	eors	r2, r3
10001bd8:	330e      	adds	r3, #14
10001bda:	4013      	ands	r3, r2
10001bdc:	602b      	str	r3, [r5, #0]
10001bde:	4b1d      	ldr	r3, [pc, #116]	@ (10001c54 <uart_init+0x108>)
10001be0:	6323      	str	r3, [r4, #48]	@ 0x30
10001be2:	2303      	movs	r3, #3
10001be4:	64a3      	str	r3, [r4, #72]	@ 0x48
10001be6:	bdf8      	pop	{r3, r4, r5, r6, r7, pc}
10001be8:	4a1b      	ldr	r2, [pc, #108]	@ (10001c58 <uart_init+0x10c>)
10001bea:	4293      	cmp	r3, r2
10001bec:	d91e      	bls.n	10001c2c <uart_init+0xe0>
10001bee:	2300      	movs	r3, #0
10001bf0:	4a1a      	ldr	r2, [pc, #104]	@ (10001c5c <uart_init+0x110>)
10001bf2:	4f1b      	ldr	r7, [pc, #108]	@ (10001c60 <uart_init+0x114>)
10001bf4:	6262      	str	r2, [r4, #36]	@ 0x24
10001bf6:	62a3      	str	r3, [r4, #40]	@ 0x28
10001bf8:	6b26      	ldr	r6, [r4, #48]	@ 0x30
10001bfa:	07f3      	lsls	r3, r6, #31
10001bfc:	d5dc      	bpl.n	10001bb8 <uart_init+0x6c>
10001bfe:	4b19      	ldr	r3, [pc, #100]	@ (10001c64 <uart_init+0x118>)
10001c00:	4a14      	ldr	r2, [pc, #80]	@ (10001c54 <uart_init+0x108>)
10001c02:	18e3      	adds	r3, r4, r3
10001c04:	601a      	str	r2, [r3, #0]
10001c06:	6a65      	ldr	r5, [r4, #36]	@ 0x24
10001c08:	6aa3      	ldr	r3, [r4, #40]	@ 0x28
10001c0a:	2006      	movs	r0, #6
10001c0c:	01ad      	lsls	r5, r5, #6
10001c0e:	18ed      	adds	r5, r5, r3
10001c10:	f000 f91a 	bl	10001e48 <clock_get_hz>
10001c14:	4914      	ldr	r1, [pc, #80]	@ (10001c68 <uart_init+0x11c>)
10001c16:	f000 fb11 	bl	1000223c <__wrap___aeabi_uidiv>
10001c1a:	02ad      	lsls	r5, r5, #10
10001c1c:	0001      	movs	r1, r0
10001c1e:	0028      	movs	r0, r5
10001c20:	f000 fb0c 	bl	1000223c <__wrap___aeabi_uidiv>
10001c24:	2100      	movs	r1, #0
10001c26:	f7ff ff4d 	bl	10001ac4 <busy_wait_us>
10001c2a:	e7c5      	b.n	10001bb8 <uart_init+0x6c>
10001c2c:	0640      	lsls	r0, r0, #25
10001c2e:	0e80      	lsrs	r0, r0, #26
10001c30:	019f      	lsls	r7, r3, #6
10001c32:	001a      	movs	r2, r3
10001c34:	183f      	adds	r7, r7, r0
10001c36:	0003      	movs	r3, r0
10001c38:	e7b9      	b.n	10001bae <uart_init+0x62>
10001c3a:	46c0      	nop			@ (mov r8, r8)
10001c3c:	bffc8000 	.word	0xbffc8000
10001c40:	4000c008 	.word	0x4000c008
10001c44:	4000e000 	.word	0x4000e000
10001c48:	4000f000 	.word	0x4000f000
10001c4c:	20001370 	.word	0x20001370
10001c50:	0000102c 	.word	0x0000102c
10001c54:	00000301 	.word	0x00000301
10001c58:	0000fffe 	.word	0x0000fffe
10001c5c:	0000ffff 	.word	0x0000ffff
10001c60:	003fffc0 	.word	0x003fffc0
10001c64:	00003030 	.word	0x00003030
10001c68:	00000e4e 	.word	0x00000e4e

10001c6c <clock_configure_int_divider>:
10001c6c:	b5f8      	push	{r3, r4, r5, r6, r7, lr}
10001c6e:	46de      	mov	lr, fp
10001c70:	464e      	mov	r6, r9
10001c72:	4657      	mov	r7, sl
10001c74:	4645      	mov	r5, r8
10001c76:	b5e0      	push	{r5, r6, r7, lr}
10001c78:	468b      	mov	fp, r1
10001c7a:	0005      	movs	r5, r0
10001c7c:	990a      	ldr	r1, [sp, #40]	@ 0x28
10001c7e:	0018      	movs	r0, r3
10001c80:	0016      	movs	r6, r2
10001c82:	f000 fadb 	bl	1000223c <__wrap___aeabi_uidiv>
10001c86:	9b0a      	ldr	r3, [sp, #40]	@ 0x28
10001c88:	006c      	lsls	r4, r5, #1
10001c8a:	021f      	lsls	r7, r3, #8
10001c8c:	4b32      	ldr	r3, [pc, #200]	@ (10001d58 <clock_configure_int_divider+0xec>)
10001c8e:	1964      	adds	r4, r4, r5
10001c90:	469c      	mov	ip, r3
10001c92:	00a4      	lsls	r4, r4, #2
10001c94:	4464      	add	r4, ip
10001c96:	6863      	ldr	r3, [r4, #4]
10001c98:	4681      	mov	r9, r0
10001c9a:	429f      	cmp	r7, r3
10001c9c:	d900      	bls.n	10001ca0 <clock_configure_int_divider+0x34>
10001c9e:	6067      	str	r7, [r4, #4]
10001ca0:	1f2b      	subs	r3, r5, #4
10001ca2:	b2db      	uxtb	r3, r3
10001ca4:	4698      	mov	r8, r3
10001ca6:	2b01      	cmp	r3, #1
10001ca8:	d930      	bls.n	10001d0c <clock_configure_int_divider+0xa0>
10001caa:	23c0      	movs	r3, #192	@ 0xc0
10001cac:	2280      	movs	r2, #128	@ 0x80
10001cae:	019b      	lsls	r3, r3, #6
10001cb0:	18e3      	adds	r3, r4, r3
10001cb2:	0112      	lsls	r2, r2, #4
10001cb4:	601a      	str	r2, [r3, #0]
10001cb6:	4b29      	ldr	r3, [pc, #164]	@ (10001d5c <clock_configure_int_divider+0xf0>)
10001cb8:	00ad      	lsls	r5, r5, #2
10001cba:	5959      	ldr	r1, [r3, r5]
10001cbc:	469a      	mov	sl, r3
10001cbe:	2900      	cmp	r1, #0
10001cc0:	d11b      	bne.n	10001cfa <clock_configure_int_divider+0x8e>
10001cc2:	0173      	lsls	r3, r6, #5
10001cc4:	26e0      	movs	r6, #224	@ 0xe0
10001cc6:	6822      	ldr	r2, [r4, #0]
10001cc8:	4053      	eors	r3, r2
10001cca:	401e      	ands	r6, r3
10001ccc:	2380      	movs	r3, #128	@ 0x80
10001cce:	4642      	mov	r2, r8
10001cd0:	015b      	lsls	r3, r3, #5
10001cd2:	18e3      	adds	r3, r4, r3
10001cd4:	601e      	str	r6, [r3, #0]
10001cd6:	2a01      	cmp	r2, #1
10001cd8:	d930      	bls.n	10001d3c <clock_configure_int_divider+0xd0>
10001cda:	2380      	movs	r3, #128	@ 0x80
10001cdc:	2280      	movs	r2, #128	@ 0x80
10001cde:	019b      	lsls	r3, r3, #6
10001ce0:	18e3      	adds	r3, r4, r3
10001ce2:	0112      	lsls	r2, r2, #4
10001ce4:	601a      	str	r2, [r3, #0]
10001ce6:	4653      	mov	r3, sl
10001ce8:	464a      	mov	r2, r9
10001cea:	6067      	str	r7, [r4, #4]
10001cec:	515a      	str	r2, [r3, r5]
10001cee:	bcf0      	pop	{r4, r5, r6, r7}
10001cf0:	46bb      	mov	fp, r7
10001cf2:	46b2      	mov	sl, r6
10001cf4:	46a9      	mov	r9, r5
10001cf6:	46a0      	mov	r8, r4
10001cf8:	bdf8      	pop	{r3, r4, r5, r6, r7, pc}
10001cfa:	6958      	ldr	r0, [r3, #20]
10001cfc:	f000 fa9e 	bl	1000223c <__wrap___aeabi_uidiv>
10001d00:	3001      	adds	r0, #1
10001d02:	0043      	lsls	r3, r0, #1
10001d04:	181b      	adds	r3, r3, r0
10001d06:	3b03      	subs	r3, #3
10001d08:	d2fd      	bcs.n	10001d06 <clock_configure_int_divider+0x9a>
10001d0a:	e7da      	b.n	10001cc2 <clock_configure_int_divider+0x56>
10001d0c:	465b      	mov	r3, fp
10001d0e:	2b01      	cmp	r3, #1
10001d10:	d1cb      	bne.n	10001caa <clock_configure_int_divider+0x3e>
10001d12:	23c0      	movs	r3, #192	@ 0xc0
10001d14:	2203      	movs	r2, #3
10001d16:	019b      	lsls	r3, r3, #6
10001d18:	18e3      	adds	r3, r4, r3
10001d1a:	601a      	str	r2, [r3, #0]
10001d1c:	3a02      	subs	r2, #2
10001d1e:	68a3      	ldr	r3, [r4, #8]
10001d20:	421a      	tst	r2, r3
10001d22:	d0fc      	beq.n	10001d1e <clock_configure_int_divider+0xb2>
10001d24:	0173      	lsls	r3, r6, #5
10001d26:	26e0      	movs	r6, #224	@ 0xe0
10001d28:	6822      	ldr	r2, [r4, #0]
10001d2a:	00ad      	lsls	r5, r5, #2
10001d2c:	4053      	eors	r3, r2
10001d2e:	401e      	ands	r6, r3
10001d30:	2380      	movs	r3, #128	@ 0x80
10001d32:	4a0a      	ldr	r2, [pc, #40]	@ (10001d5c <clock_configure_int_divider+0xf0>)
10001d34:	015b      	lsls	r3, r3, #5
10001d36:	4692      	mov	sl, r2
10001d38:	18e3      	adds	r3, r4, r3
10001d3a:	601e      	str	r6, [r3, #0]
10001d3c:	465a      	mov	r2, fp
10001d3e:	6821      	ldr	r1, [r4, #0]
10001d40:	4051      	eors	r1, r2
10001d42:	2203      	movs	r2, #3
10001d44:	400a      	ands	r2, r1
10001d46:	601a      	str	r2, [r3, #0]
10001d48:	2201      	movs	r2, #1
10001d4a:	465b      	mov	r3, fp
10001d4c:	409a      	lsls	r2, r3
10001d4e:	68a3      	ldr	r3, [r4, #8]
10001d50:	421a      	tst	r2, r3
10001d52:	d0fc      	beq.n	10001d4e <clock_configure_int_divider+0xe2>
10001d54:	e7c1      	b.n	10001cda <clock_configure_int_divider+0x6e>
10001d56:	46c0      	nop			@ (mov r8, r8)
10001d58:	40008000 	.word	0x40008000
10001d5c:	200010ec 	.word	0x200010ec

10001d60 <clock_configure_undivided>:
10001d60:	b5f0      	push	{r4, r5, r6, r7, lr}
10001d62:	4646      	mov	r6, r8
10001d64:	464f      	mov	r7, r9
10001d66:	46d6      	mov	lr, sl
10001d68:	b5c0      	push	{r6, r7, lr}
10001d6a:	001f      	movs	r7, r3
10001d6c:	4b34      	ldr	r3, [pc, #208]	@ (10001e40 <clock_configure_undivided+0xe0>)
10001d6e:	0044      	lsls	r4, r0, #1
10001d70:	469c      	mov	ip, r3
10001d72:	1824      	adds	r4, r4, r0
10001d74:	00a4      	lsls	r4, r4, #2
10001d76:	4464      	add	r4, ip
10001d78:	6863      	ldr	r3, [r4, #4]
10001d7a:	4688      	mov	r8, r1
10001d7c:	0016      	movs	r6, r2
10001d7e:	2bff      	cmp	r3, #255	@ 0xff
10001d80:	d802      	bhi.n	10001d88 <clock_configure_undivided+0x28>
10001d82:	2380      	movs	r3, #128	@ 0x80
10001d84:	005b      	lsls	r3, r3, #1
10001d86:	6063      	str	r3, [r4, #4]
10001d88:	1f03      	subs	r3, r0, #4
10001d8a:	b2db      	uxtb	r3, r3
10001d8c:	469a      	mov	sl, r3
10001d8e:	2b01      	cmp	r3, #1
10001d90:	d930      	bls.n	10001df4 <clock_configure_undivided+0x94>
10001d92:	23c0      	movs	r3, #192	@ 0xc0
10001d94:	2280      	movs	r2, #128	@ 0x80
10001d96:	019b      	lsls	r3, r3, #6
10001d98:	18e3      	adds	r3, r4, r3
10001d9a:	0112      	lsls	r2, r2, #4
10001d9c:	601a      	str	r2, [r3, #0]
10001d9e:	4b29      	ldr	r3, [pc, #164]	@ (10001e44 <clock_configure_undivided+0xe4>)
10001da0:	0085      	lsls	r5, r0, #2
10001da2:	5959      	ldr	r1, [r3, r5]
10001da4:	4699      	mov	r9, r3
10001da6:	2900      	cmp	r1, #0
10001da8:	d11b      	bne.n	10001de2 <clock_configure_undivided+0x82>
10001daa:	0173      	lsls	r3, r6, #5
10001dac:	26e0      	movs	r6, #224	@ 0xe0
10001dae:	6822      	ldr	r2, [r4, #0]
10001db0:	4053      	eors	r3, r2
10001db2:	401e      	ands	r6, r3
10001db4:	2380      	movs	r3, #128	@ 0x80
10001db6:	4652      	mov	r2, sl
10001db8:	015b      	lsls	r3, r3, #5
10001dba:	18e3      	adds	r3, r4, r3
10001dbc:	601e      	str	r6, [r3, #0]
10001dbe:	2a01      	cmp	r2, #1
10001dc0:	d930      	bls.n	10001e24 <clock_configure_undivided+0xc4>
10001dc2:	2380      	movs	r3, #128	@ 0x80
10001dc4:	2280      	movs	r2, #128	@ 0x80
10001dc6:	019b      	lsls	r3, r3, #6
10001dc8:	18e3      	adds	r3, r4, r3
10001dca:	0112      	lsls	r2, r2, #4
10001dcc:	601a      	str	r2, [r3, #0]
10001dce:	2380      	movs	r3, #128	@ 0x80
10001dd0:	005b      	lsls	r3, r3, #1
10001dd2:	6063      	str	r3, [r4, #4]
10001dd4:	464b      	mov	r3, r9
10001dd6:	515f      	str	r7, [r3, r5]
10001dd8:	bce0      	pop	{r5, r6, r7}
10001dda:	46ba      	mov	sl, r7
10001ddc:	46b1      	mov	r9, r6
10001dde:	46a8      	mov	r8, r5
10001de0:	bdf0      	pop	{r4, r5, r6, r7, pc}
10001de2:	6958      	ldr	r0, [r3, #20]
10001de4:	f000 fa2a 	bl	1000223c <__wrap___aeabi_uidiv>
10001de8:	3001      	adds	r0, #1
10001dea:	0043      	lsls	r3, r0, #1
10001dec:	181b      	adds	r3, r3, r0
10001dee:	3b03      	subs	r3, #3
10001df0:	d2fd      	bcs.n	10001dee <clock_configure_undivided+0x8e>
10001df2:	e7da      	b.n	10001daa <clock_configure_undivided+0x4a>
10001df4:	4643      	mov	r3, r8
10001df6:	2b01      	cmp	r3, #1
10001df8:	d1cb      	bne.n	10001d92 <clock_configure_undivided+0x32>
10001dfa:	23c0      	movs	r3, #192	@ 0xc0
10001dfc:	2203      	movs	r2, #3
10001dfe:	019b      	lsls	r3, r3, #6
10001e00:	18e3      	adds	r3, r4, r3
10001e02:	601a      	str	r2, [r3, #0]
10001e04:	3a02      	subs	r2, #2
10001e06:	68a3      	ldr	r3, [r4, #8]
10001e08:	421a      	tst	r2, r3
10001e0a:	d0fc      	beq.n	10001e06 <clock_configure_undivided+0xa6>
10001e0c:	0173      	lsls	r3, r6, #5
10001e0e:	26e0      	movs	r6, #224	@ 0xe0
10001e10:	6822      	ldr	r2, [r4, #0]
10001e12:	0085      	lsls	r5, r0, #2
10001e14:	4053      	eors	r3, r2
10001e16:	401e      	ands	r6, r3
10001e18:	2380      	movs	r3, #128	@ 0x80
10001e1a:	4a0a      	ldr	r2, [pc, #40]	@ (10001e44 <clock_configure_undivided+0xe4>)
10001e1c:	015b      	lsls	r3, r3, #5
10001e1e:	4691      	mov	r9, r2
10001e20:	18e3      	adds	r3, r4, r3
10001e22:	601e      	str	r6, [r3, #0]
10001e24:	4642      	mov	r2, r8
10001e26:	6821      	ldr	r1, [r4, #0]
10001e28:	4051      	eors	r1, r2
10001e2a:	2203      	movs	r2, #3
10001e2c:	400a      	ands	r2, r1
10001e2e:	601a      	str	r2, [r3, #0]
10001e30:	2301      	movs	r3, #1
10001e32:	4642      	mov	r2, r8
10001e34:	4093      	lsls	r3, r2
10001e36:	68a2      	ldr	r2, [r4, #8]
10001e38:	4213      	tst	r3, r2
10001e3a:	d0fc      	beq.n	10001e36 <clock_configure_undivided+0xd6>
10001e3c:	e7c1      	b.n	10001dc2 <clock_configure_undivided+0x62>
10001e3e:	46c0      	nop			@ (mov r8, r8)
10001e40:	40008000 	.word	0x40008000
10001e44:	200010ec 	.word	0x200010ec

10001e48 <clock_get_hz>:
10001e48:	4b01      	ldr	r3, [pc, #4]	@ (10001e50 <clock_get_hz+0x8>)
10001e4a:	0080      	lsls	r0, r0, #2
10001e4c:	58c0      	ldr	r0, [r0, r3]
10001e4e:	4770      	bx	lr
10001e50:	200010ec 	.word	0x200010ec

10001e54 <pll_init>:
10001e54:	b5f8      	push	{r3, r4, r5, r6, r7, lr}
10001e56:	0004      	movs	r4, r0
10001e58:	4821      	ldr	r0, [pc, #132]	@ (10001ee0 <pll_init+0x8c>)
10001e5a:	001e      	movs	r6, r3
10001e5c:	0017      	movs	r7, r2
10001e5e:	000d      	movs	r5, r1
10001e60:	f000 f9ec 	bl	1000223c <__wrap___aeabi_uidiv>
10001e64:	0001      	movs	r1, r0
10001e66:	0038      	movs	r0, r7
10001e68:	f000 f9e8 	bl	1000223c <__wrap___aeabi_uidiv>
10001e6c:	9b06      	ldr	r3, [sp, #24]
10001e6e:	0436      	lsls	r6, r6, #16
10001e70:	031b      	lsls	r3, r3, #12
10001e72:	431e      	orrs	r6, r3
10001e74:	6823      	ldr	r3, [r4, #0]
10001e76:	2b00      	cmp	r3, #0
10001e78:	db20      	blt.n	10001ebc <pll_init+0x68>
10001e7a:	4b1a      	ldr	r3, [pc, #104]	@ (10001ee4 <pll_init+0x90>)
10001e7c:	491a      	ldr	r1, [pc, #104]	@ (10001ee8 <pll_init+0x94>)
10001e7e:	18e3      	adds	r3, r4, r3
10001e80:	1e5a      	subs	r2, r3, #1
10001e82:	4193      	sbcs	r3, r2
10001e84:	2280      	movs	r2, #128	@ 0x80
10001e86:	0192      	lsls	r2, r2, #6
10001e88:	4694      	mov	ip, r2
10001e8a:	425b      	negs	r3, r3
10001e8c:	0b1b      	lsrs	r3, r3, #12
10001e8e:	4a17      	ldr	r2, [pc, #92]	@ (10001eec <pll_init+0x98>)
10001e90:	031b      	lsls	r3, r3, #12
10001e92:	4463      	add	r3, ip
10001e94:	6013      	str	r3, [r2, #0]
10001e96:	4a16      	ldr	r2, [pc, #88]	@ (10001ef0 <pll_init+0x9c>)
10001e98:	6013      	str	r3, [r2, #0]
10001e9a:	001f      	movs	r7, r3
10001e9c:	680a      	ldr	r2, [r1, #0]
10001e9e:	4397      	bics	r7, r2
10001ea0:	d1fb      	bne.n	10001e9a <pll_init+0x46>
10001ea2:	4b14      	ldr	r3, [pc, #80]	@ (10001ef4 <pll_init+0xa0>)
10001ea4:	6025      	str	r5, [r4, #0]
10001ea6:	18e2      	adds	r2, r4, r3
10001ea8:	2321      	movs	r3, #33	@ 0x21
10001eaa:	60a0      	str	r0, [r4, #8]
10001eac:	6013      	str	r3, [r2, #0]
10001eae:	6823      	ldr	r3, [r4, #0]
10001eb0:	2b00      	cmp	r3, #0
10001eb2:	dafc      	bge.n	10001eae <pll_init+0x5a>
10001eb4:	2308      	movs	r3, #8
10001eb6:	60e6      	str	r6, [r4, #12]
10001eb8:	6013      	str	r3, [r2, #0]
10001eba:	bdf8      	pop	{r3, r4, r5, r6, r7, pc}
10001ebc:	233f      	movs	r3, #63	@ 0x3f
10001ebe:	6822      	ldr	r2, [r4, #0]
10001ec0:	4013      	ands	r3, r2
10001ec2:	42ab      	cmp	r3, r5
10001ec4:	d1d9      	bne.n	10001e7a <pll_init+0x26>
10001ec6:	68a3      	ldr	r3, [r4, #8]
10001ec8:	051b      	lsls	r3, r3, #20
10001eca:	0d1b      	lsrs	r3, r3, #20
10001ecc:	4283      	cmp	r3, r0
10001ece:	d1d4      	bne.n	10001e7a <pll_init+0x26>
10001ed0:	22ee      	movs	r2, #238	@ 0xee
10001ed2:	68e3      	ldr	r3, [r4, #12]
10001ed4:	02d2      	lsls	r2, r2, #11
10001ed6:	4013      	ands	r3, r2
10001ed8:	42b3      	cmp	r3, r6
10001eda:	d1ce      	bne.n	10001e7a <pll_init+0x26>
10001edc:	e7ed      	b.n	10001eba <pll_init+0x66>
10001ede:	46c0      	nop			@ (mov r8, r8)
10001ee0:	00b71b00 	.word	0x00b71b00
10001ee4:	bffd4000 	.word	0xbffd4000
10001ee8:	4000c008 	.word	0x4000c008
10001eec:	4000e000 	.word	0x4000e000
10001ef0:	4000f000 	.word	0x4000f000
10001ef4:	00003004 	.word	0x00003004

10001ef8 <tick_start>:
10001ef8:	2380      	movs	r3, #128	@ 0x80
10001efa:	4a02      	ldr	r2, [pc, #8]	@ (10001f04 <tick_start+0xc>)
10001efc:	009b      	lsls	r3, r3, #2
10001efe:	430b      	orrs	r3, r1
10001f00:	62d3      	str	r3, [r2, #44]	@ 0x2c
10001f02:	4770      	bx	lr
10001f04:	40058000 	.word	0x40058000

10001f08 <rom_func_lookup>:
10001f08:	2300      	movs	r3, #0
10001f0a:	b510      	push	{r4, lr}
10001f0c:	0001      	movs	r1, r0
10001f0e:	8a98      	ldrh	r0, [r3, #20]
10001f10:	8b1b      	ldrh	r3, [r3, #24]
10001f12:	4798      	blx	r3
10001f14:	bd10      	pop	{r4, pc}
10001f16:	46c0      	nop			@ (mov r8, r8)

10001f18 <rom_data_lookup>:
10001f18:	2316      	movs	r3, #22
10001f1a:	b510      	push	{r4, lr}
10001f1c:	0001      	movs	r1, r0
10001f1e:	8818      	ldrh	r0, [r3, #0]
10001f20:	3302      	adds	r3, #2
10001f22:	881b      	ldrh	r3, [r3, #0]
10001f24:	4798      	blx	r3
10001f26:	bd10      	pop	{r4, pc}

10001f28 <rom_funcs_lookup>:
10001f28:	b5f8      	push	{r3, r4, r5, r6, r7, lr}
10001f2a:	4647      	mov	r7, r8
10001f2c:	46ce      	mov	lr, r9
10001f2e:	b580      	push	{r7, lr}
10001f30:	1e0f      	subs	r7, r1, #0
10001f32:	d018      	beq.n	10001f66 <rom_funcs_lookup+0x3e>
10001f34:	2314      	movs	r3, #20
10001f36:	4699      	mov	r9, r3
10001f38:	3304      	adds	r3, #4
10001f3a:	0004      	movs	r4, r0
10001f3c:	2500      	movs	r5, #0
10001f3e:	2601      	movs	r6, #1
10001f40:	4698      	mov	r8, r3
10001f42:	464b      	mov	r3, r9
10001f44:	8818      	ldrh	r0, [r3, #0]
10001f46:	4643      	mov	r3, r8
10001f48:	6821      	ldr	r1, [r4, #0]
10001f4a:	881b      	ldrh	r3, [r3, #0]
10001f4c:	4798      	blx	r3
10001f4e:	c401      	stmia	r4!, {r0}
10001f50:	1e43      	subs	r3, r0, #1
10001f52:	4198      	sbcs	r0, r3
10001f54:	3501      	adds	r5, #1
10001f56:	4006      	ands	r6, r0
10001f58:	42af      	cmp	r7, r5
10001f5a:	d1f2      	bne.n	10001f42 <rom_funcs_lookup+0x1a>
10001f5c:	0030      	movs	r0, r6
10001f5e:	bcc0      	pop	{r6, r7}
10001f60:	46b9      	mov	r9, r7
10001f62:	46b0      	mov	r8, r6
10001f64:	bdf8      	pop	{r3, r4, r5, r6, r7, pc}
10001f66:	2601      	movs	r6, #1
10001f68:	e7f8      	b.n	10001f5c <rom_funcs_lookup+0x34>
10001f6a:	46c0      	nop			@ (mov r8, r8)

10001f6c <xosc_init>:
10001f6c:	23aa      	movs	r3, #170	@ 0xaa
10001f6e:	4a06      	ldr	r2, [pc, #24]	@ (10001f88 <xosc_init+0x1c>)
10001f70:	011b      	lsls	r3, r3, #4
10001f72:	6013      	str	r3, [r2, #0]
10001f74:	238d      	movs	r3, #141	@ 0x8d
10001f76:	005b      	lsls	r3, r3, #1
10001f78:	60d3      	str	r3, [r2, #12]
10001f7a:	4904      	ldr	r1, [pc, #16]	@ (10001f8c <xosc_init+0x20>)
10001f7c:	4b04      	ldr	r3, [pc, #16]	@ (10001f90 <xosc_init+0x24>)
10001f7e:	6019      	str	r1, [r3, #0]
10001f80:	6853      	ldr	r3, [r2, #4]
10001f82:	2b00      	cmp	r3, #0
10001f84:	dafc      	bge.n	10001f80 <xosc_init+0x14>
10001f86:	4770      	bx	lr
10001f88:	40024000 	.word	0x40024000
10001f8c:	00fab000 	.word	0x00fab000
10001f90:	40026000 	.word	0x40026000

10001f94 <first_per_core_initializer>:
10001f94:	4770      	bx	lr
10001f96:	46c0      	nop			@ (mov r8, r8)

10001f98 <hard_assertion_failure>:
10001f98:	b510      	push	{r4, lr}
10001f9a:	4801      	ldr	r0, [pc, #4]	@ (10001fa0 <hard_assertion_failure+0x8>)
10001f9c:	f7fe fe58 	bl	10000c50 <panic>
10001fa0:	10008c94 	.word	0x10008c94

10001fa4 <runtime_run_initializers>:
10001fa4:	b570      	push	{r4, r5, r6, lr}
10001fa6:	4d07      	ldr	r5, [pc, #28]	@ (10001fc4 <runtime_run_initializers+0x20>)
10001fa8:	4e07      	ldr	r6, [pc, #28]	@ (10001fc8 <runtime_run_initializers+0x24>)
10001faa:	42b5      	cmp	r5, r6
10001fac:	d209      	bcs.n	10001fc2 <runtime_run_initializers+0x1e>
10001fae:	2400      	movs	r4, #0
10001fb0:	3e01      	subs	r6, #1
10001fb2:	1b76      	subs	r6, r6, r5
10001fb4:	08b6      	lsrs	r6, r6, #2
10001fb6:	cd08      	ldmia	r5!, {r3}
10001fb8:	4798      	blx	r3
10001fba:	0023      	movs	r3, r4
10001fbc:	3401      	adds	r4, #1
10001fbe:	42b3      	cmp	r3, r6
10001fc0:	d1f9      	bne.n	10001fb6 <runtime_run_initializers+0x12>
10001fc2:	bd70      	pop	{r4, r5, r6, pc}
10001fc4:	100089f8 	.word	0x100089f8
10001fc8:	10008a34 	.word	0x10008a34

10001fcc <runtime_init_early_resets>:
10001fcc:	4b05      	ldr	r3, [pc, #20]	@ (10001fe4 <runtime_init_early_resets+0x18>)
10001fce:	4a06      	ldr	r2, [pc, #24]	@ (10001fe8 <runtime_init_early_resets+0x1c>)
10001fd0:	4906      	ldr	r1, [pc, #24]	@ (10001fec <runtime_init_early_resets+0x20>)
10001fd2:	601a      	str	r2, [r3, #0]
10001fd4:	4a06      	ldr	r2, [pc, #24]	@ (10001ff0 <runtime_init_early_resets+0x24>)
10001fd6:	4b07      	ldr	r3, [pc, #28]	@ (10001ff4 <runtime_init_early_resets+0x28>)
10001fd8:	601a      	str	r2, [r3, #0]
10001fda:	0010      	movs	r0, r2
10001fdc:	680b      	ldr	r3, [r1, #0]
10001fde:	4398      	bics	r0, r3
10001fe0:	d1fb      	bne.n	10001fda <runtime_init_early_resets+0xe>
10001fe2:	4770      	bx	lr
10001fe4:	4000e000 	.word	0x4000e000
10001fe8:	fefbcdbf 	.word	0xfefbcdbf
10001fec:	4000c008 	.word	0x4000c008
10001ff0:	003c7ffe 	.word	0x003c7ffe
10001ff4:	4000f000 	.word	0x4000f000

10001ff8 <runtime_init_usb_power_down>:
10001ff8:	4b04      	ldr	r3, [pc, #16]	@ (1000200c <runtime_init_usb_power_down+0x14>)
10001ffa:	6cdb      	ldr	r3, [r3, #76]	@ 0x4c
10001ffc:	2b00      	cmp	r3, #0
10001ffe:	d103      	bne.n	10002008 <runtime_init_usb_power_down+0x10>
10002000:	2280      	movs	r2, #128	@ 0x80
10002002:	4b03      	ldr	r3, [pc, #12]	@ (10002010 <runtime_init_usb_power_down+0x18>)
10002004:	02d2      	lsls	r2, r2, #11
10002006:	601a      	str	r2, [r3, #0]
10002008:	4770      	bx	lr
1000200a:	46c0      	nop			@ (mov r8, r8)
1000200c:	50110000 	.word	0x50110000
10002010:	5011204c 	.word	0x5011204c

10002014 <runtime_init_post_clock_resets>:
10002014:	4a04      	ldr	r2, [pc, #16]	@ (10002028 <runtime_init_post_clock_resets+0x14>)
10002016:	4b05      	ldr	r3, [pc, #20]	@ (1000202c <runtime_init_post_clock_resets+0x18>)
10002018:	601a      	str	r2, [r3, #0]
1000201a:	4a05      	ldr	r2, [pc, #20]	@ (10002030 <runtime_init_post_clock_resets+0x1c>)
1000201c:	6813      	ldr	r3, [r2, #0]
1000201e:	01db      	lsls	r3, r3, #7
10002020:	3380      	adds	r3, #128	@ 0x80
10002022:	d1fb      	bne.n	1000201c <runtime_init_post_clock_resets+0x8>
10002024:	4770      	bx	lr
10002026:	46c0      	nop			@ (mov r8, r8)
10002028:	01ffffff 	.word	0x01ffffff
1000202c:	4000f000 	.word	0x4000f000
10002030:	4000c008 	.word	0x4000c008

10002034 <runtime_init_rp2040_gpio_ie_disable>:
10002034:	2240      	movs	r2, #64	@ 0x40
10002036:	4b03      	ldr	r3, [pc, #12]	@ (10002044 <runtime_init_rp2040_gpio_ie_disable+0x10>)
10002038:	679a      	str	r2, [r3, #120]	@ 0x78
1000203a:	675a      	str	r2, [r3, #116]	@ 0x74
1000203c:	671a      	str	r2, [r3, #112]	@ 0x70
1000203e:	66da      	str	r2, [r3, #108]	@ 0x6c
10002040:	4770      	bx	lr
10002042:	46c0      	nop			@ (mov r8, r8)
10002044:	4001f000 	.word	0x4001f000

10002048 <runtime_init_spin_locks_reset>:
10002048:	b510      	push	{r4, lr}
1000204a:	f7fe fe9d 	bl	10000d88 <spin_locks_reset>
1000204e:	bd10      	pop	{r4, pc}

10002050 <runtime_init_install_ram_vector_table>:
10002050:	b5f8      	push	{r3, r4, r5, r6, r7, lr}
10002052:	4927      	ldr	r1, [pc, #156]	@ (100020f0 <runtime_init_install_ram_vector_table+0xa0>)
10002054:	4c27      	ldr	r4, [pc, #156]	@ (100020f4 <runtime_init_install_ram_vector_table+0xa4>)
10002056:	4d28      	ldr	r5, [pc, #160]	@ (100020f8 <runtime_init_install_ram_vector_table+0xa8>)
10002058:	1a64      	subs	r4, r4, r1
1000205a:	10a6      	asrs	r6, r4, #2
1000205c:	0032      	movs	r2, r6
1000205e:	2e30      	cmp	r6, #48	@ 0x30
10002060:	d900      	bls.n	10002064 <runtime_init_install_ram_vector_table+0x14>
10002062:	2230      	movs	r2, #48	@ 0x30
10002064:	0028      	movs	r0, r5
10002066:	0092      	lsls	r2, r2, #2
10002068:	f000 ff7c 	bl	10002f64 <__wrap___aeabi_memcpy>
1000206c:	2cbc      	cmp	r4, #188	@ 0xbc
1000206e:	d83b      	bhi.n	100020e8 <runtime_init_install_ram_vector_table+0x98>
10002070:	2030      	movs	r0, #48	@ 0x30
10002072:	232f      	movs	r3, #47	@ 0x2f
10002074:	192c      	adds	r4, r5, r4
10002076:	0764      	lsls	r4, r4, #29
10002078:	4a20      	ldr	r2, [pc, #128]	@ (100020fc <runtime_init_install_ram_vector_table+0xac>)
1000207a:	1b80      	subs	r0, r0, r6
1000207c:	0fe4      	lsrs	r4, r4, #31
1000207e:	1b9b      	subs	r3, r3, r6
10002080:	2b05      	cmp	r3, #5
10002082:	d916      	bls.n	100020b2 <runtime_init_install_ram_vector_table+0x62>
10002084:	0037      	movs	r7, r6
10002086:	2c00      	cmp	r4, #0
10002088:	d002      	beq.n	10002090 <runtime_init_install_ram_vector_table+0x40>
1000208a:	00b3      	lsls	r3, r6, #2
1000208c:	1c77      	adds	r7, r6, #1
1000208e:	50ea      	str	r2, [r5, r3]
10002090:	1b00      	subs	r0, r0, r4
10002092:	1933      	adds	r3, r6, r4
10002094:	009b      	lsls	r3, r3, #2
10002096:	0841      	lsrs	r1, r0, #1
10002098:	18eb      	adds	r3, r5, r3
1000209a:	00c9      	lsls	r1, r1, #3
1000209c:	18c9      	adds	r1, r1, r3
1000209e:	601a      	str	r2, [r3, #0]
100020a0:	605a      	str	r2, [r3, #4]
100020a2:	3308      	adds	r3, #8
100020a4:	4299      	cmp	r1, r3
100020a6:	d1fa      	bne.n	1000209e <runtime_init_install_ram_vector_table+0x4e>
100020a8:	2301      	movs	r3, #1
100020aa:	4203      	tst	r3, r0
100020ac:	d01c      	beq.n	100020e8 <runtime_init_install_ram_vector_table+0x98>
100020ae:	4398      	bics	r0, r3
100020b0:	19c6      	adds	r6, r0, r7
100020b2:	00b3      	lsls	r3, r6, #2
100020b4:	50ea      	str	r2, [r5, r3]
100020b6:	1c73      	adds	r3, r6, #1
100020b8:	2e2f      	cmp	r6, #47	@ 0x2f
100020ba:	d015      	beq.n	100020e8 <runtime_init_install_ram_vector_table+0x98>
100020bc:	009b      	lsls	r3, r3, #2
100020be:	50ea      	str	r2, [r5, r3]
100020c0:	1cb3      	adds	r3, r6, #2
100020c2:	2e2e      	cmp	r6, #46	@ 0x2e
100020c4:	d010      	beq.n	100020e8 <runtime_init_install_ram_vector_table+0x98>
100020c6:	009b      	lsls	r3, r3, #2
100020c8:	50ea      	str	r2, [r5, r3]
100020ca:	1cf3      	adds	r3, r6, #3
100020cc:	2e2d      	cmp	r6, #45	@ 0x2d
100020ce:	d00b      	beq.n	100020e8 <runtime_init_install_ram_vector_table+0x98>
100020d0:	009b      	lsls	r3, r3, #2
100020d2:	50ea      	str	r2, [r5, r3]
100020d4:	1d33      	adds	r3, r6, #4
100020d6:	2e2c      	cmp	r6, #44	@ 0x2c
100020d8:	d006      	beq.n	100020e8 <runtime_init_install_ram_vector_table+0x98>
100020da:	009b      	lsls	r3, r3, #2
100020dc:	50ea      	str	r2, [r5, r3]
100020de:	1d73      	adds	r3, r6, #5
100020e0:	2e2b      	cmp	r6, #43	@ 0x2b
100020e2:	d001      	beq.n	100020e8 <runtime_init_install_ram_vector_table+0x98>
100020e4:	009b      	lsls	r3, r3, #2
100020e6:	50ea      	str	r2, [r5, r3]
100020e8:	4b05      	ldr	r3, [pc, #20]	@ (10002100 <runtime_init_install_ram_vector_table+0xb0>)
100020ea:	609d      	str	r5, [r3, #8]
100020ec:	bdf8      	pop	{r3, r4, r5, r6, r7, pc}
100020ee:	46c0      	nop			@ (mov r8, r8)
100020f0:	10000100 	.word	0x10000100
100020f4:	100001c0 	.word	0x100001c0
100020f8:	20000000 	.word	0x20000000
100020fc:	100001c1 	.word	0x100001c1
10002100:	e000ed00 	.word	0xe000ed00

10002104 <runtime_init_clocks>:
10002104:	2300      	movs	r3, #0
10002106:	b510      	push	{r4, lr}
10002108:	4c29      	ldr	r4, [pc, #164]	@ (100021b0 <runtime_init_clocks+0xac>)
1000210a:	b082      	sub	sp, #8
1000210c:	67a3      	str	r3, [r4, #120]	@ 0x78
1000210e:	f7ff ff2d 	bl	10001f6c <xosc_init>
10002112:	2201      	movs	r2, #1
10002114:	4b27      	ldr	r3, [pc, #156]	@ (100021b4 <runtime_init_clocks+0xb0>)
10002116:	601a      	str	r2, [r3, #0]
10002118:	6c63      	ldr	r3, [r4, #68]	@ 0x44
1000211a:	2b01      	cmp	r3, #1
1000211c:	d1fc      	bne.n	10002118 <runtime_init_clocks+0x14>
1000211e:	2203      	movs	r2, #3
10002120:	4b25      	ldr	r3, [pc, #148]	@ (100021b8 <runtime_init_clocks+0xb4>)
10002122:	601a      	str	r2, [r3, #0]
10002124:	4a22      	ldr	r2, [pc, #136]	@ (100021b0 <runtime_init_clocks+0xac>)
10002126:	6b93      	ldr	r3, [r2, #56]	@ 0x38
10002128:	2b01      	cmp	r3, #1
1000212a:	d1fc      	bne.n	10002126 <runtime_init_clocks+0x22>
1000212c:	3301      	adds	r3, #1
1000212e:	9300      	str	r3, [sp, #0]
10002130:	2101      	movs	r1, #1
10002132:	4a22      	ldr	r2, [pc, #136]	@ (100021bc <runtime_init_clocks+0xb8>)
10002134:	4822      	ldr	r0, [pc, #136]	@ (100021c0 <runtime_init_clocks+0xbc>)
10002136:	3304      	adds	r3, #4
10002138:	f7ff fe8c 	bl	10001e54 <pll_init>
1000213c:	2305      	movs	r3, #5
1000213e:	2101      	movs	r1, #1
10002140:	9300      	str	r3, [sp, #0]
10002142:	4a20      	ldr	r2, [pc, #128]	@ (100021c4 <runtime_init_clocks+0xc0>)
10002144:	4820      	ldr	r0, [pc, #128]	@ (100021c8 <runtime_init_clocks+0xc4>)
10002146:	f7ff fe85 	bl	10001e54 <pll_init>
1000214a:	2200      	movs	r2, #0
1000214c:	2102      	movs	r1, #2
1000214e:	2004      	movs	r0, #4
10002150:	4b1e      	ldr	r3, [pc, #120]	@ (100021cc <runtime_init_clocks+0xc8>)
10002152:	f7ff fe05 	bl	10001d60 <clock_configure_undivided>
10002156:	2200      	movs	r2, #0
10002158:	2101      	movs	r1, #1
1000215a:	2005      	movs	r0, #5
1000215c:	4b1c      	ldr	r3, [pc, #112]	@ (100021d0 <runtime_init_clocks+0xcc>)
1000215e:	f7ff fdff 	bl	10001d60 <clock_configure_undivided>
10002162:	2200      	movs	r2, #0
10002164:	2100      	movs	r1, #0
10002166:	2007      	movs	r0, #7
10002168:	4b1a      	ldr	r3, [pc, #104]	@ (100021d4 <runtime_init_clocks+0xd0>)
1000216a:	f7ff fdf9 	bl	10001d60 <clock_configure_undivided>
1000216e:	2200      	movs	r2, #0
10002170:	2100      	movs	r1, #0
10002172:	2008      	movs	r0, #8
10002174:	4b17      	ldr	r3, [pc, #92]	@ (100021d4 <runtime_init_clocks+0xd0>)
10002176:	f7ff fdf3 	bl	10001d60 <clock_configure_undivided>
1000217a:	2380      	movs	r3, #128	@ 0x80
1000217c:	00db      	lsls	r3, r3, #3
1000217e:	9300      	str	r3, [sp, #0]
10002180:	2200      	movs	r2, #0
10002182:	2100      	movs	r1, #0
10002184:	2009      	movs	r0, #9
10002186:	4b13      	ldr	r3, [pc, #76]	@ (100021d4 <runtime_init_clocks+0xd0>)
10002188:	f7ff fd70 	bl	10001c6c <clock_configure_int_divider>
1000218c:	2200      	movs	r2, #0
1000218e:	4b10      	ldr	r3, [pc, #64]	@ (100021d0 <runtime_init_clocks+0xcc>)
10002190:	2100      	movs	r1, #0
10002192:	2006      	movs	r0, #6
10002194:	f7ff fde4 	bl	10001d60 <clock_configure_undivided>
10002198:	2004      	movs	r0, #4
1000219a:	f7ff fe55 	bl	10001e48 <clock_get_hz>
1000219e:	490e      	ldr	r1, [pc, #56]	@ (100021d8 <runtime_init_clocks+0xd4>)
100021a0:	f000 f84c 	bl	1000223c <__wrap___aeabi_uidiv>
100021a4:	0001      	movs	r1, r0
100021a6:	2000      	movs	r0, #0
100021a8:	f7ff fea6 	bl	10001ef8 <tick_start>
100021ac:	b002      	add	sp, #8
100021ae:	bd10      	pop	{r4, pc}
100021b0:	40008000 	.word	0x40008000
100021b4:	4000b03c 	.word	0x4000b03c
100021b8:	4000b030 	.word	0x4000b030
100021bc:	59682f00 	.word	0x59682f00
100021c0:	40028000 	.word	0x40028000
100021c4:	47868c00 	.word	0x47868c00
100021c8:	4002c000 	.word	0x4002c000
100021cc:	00b71b00 	.word	0x00b71b00
100021d0:	07735940 	.word	0x07735940
100021d4:	02dc6c00 	.word	0x02dc6c00
100021d8:	000f4240 	.word	0x000f4240

100021dc <__aeabi_bits_init>:
100021dc:	4801      	ldr	r0, [pc, #4]	@ (100021e4 <__aeabi_bits_init+0x8>)
100021de:	2104      	movs	r1, #4
100021e0:	4b01      	ldr	r3, [pc, #4]	@ (100021e8 <__aeabi_bits_init+0xc>)
100021e2:	4718      	bx	r3
100021e4:	20000630 	.word	0x20000630
100021e8:	10001f29 	.word	0x10001f29

100021ec <__wrap___aeabi_idiv>:
100021ec:	4a12      	ldr	r2, [pc, #72]	@ (10002238 <divmod_s32s32_savestate+0x18>)
100021ee:	6f93      	ldr	r3, [r2, #120]	@ 0x78
100021f0:	089b      	lsrs	r3, r3, #2
100021f2:	d215      	bcs.n	10002220 <divmod_s32s32_savestate>

100021f4 <divmod_s32s32_unsafe>:
100021f4:	6690      	str	r0, [r2, #104]	@ 0x68
100021f6:	66d1      	str	r1, [r2, #108]	@ 0x6c
100021f8:	2900      	cmp	r1, #0
100021fa:	d005      	beq.n	10002208 <divmod_s32s32_unsafe+0x14>
100021fc:	e7ff      	b.n	100021fe <divmod_s32s32_unsafe+0xa>
100021fe:	e7ff      	b.n	10002200 <divmod_s32s32_unsafe+0xc>
10002200:	e7ff      	b.n	10002202 <divmod_s32s32_unsafe+0xe>
10002202:	6f51      	ldr	r1, [r2, #116]	@ 0x74
10002204:	6f10      	ldr	r0, [r2, #112]	@ 0x70
10002206:	4770      	bx	lr
10002208:	b504      	push	{r2, lr}
1000220a:	2180      	movs	r1, #128	@ 0x80
1000220c:	0609      	lsls	r1, r1, #24
1000220e:	17c2      	asrs	r2, r0, #31
10002210:	4051      	eors	r1, r2
10002212:	2800      	cmp	r0, #0
10002214:	d000      	beq.n	10002218 <divmod_s32s32_unsafe+0x24>
10002216:	43c8      	mvns	r0, r1
10002218:	f006 fbbe 	bl	10008998 <____aeabi_idiv0_veneer>
1000221c:	2100      	movs	r1, #0
1000221e:	bd04      	pop	{r2, pc}

10002220 <divmod_s32s32_savestate>:
10002220:	b5f0      	push	{r4, r5, r6, r7, lr}
10002222:	6e14      	ldr	r4, [r2, #96]	@ 0x60
10002224:	6e55      	ldr	r5, [r2, #100]	@ 0x64
10002226:	6f57      	ldr	r7, [r2, #116]	@ 0x74
10002228:	6f16      	ldr	r6, [r2, #112]	@ 0x70
1000222a:	f7ff ffe3 	bl	100021f4 <divmod_s32s32_unsafe>
1000222e:	6614      	str	r4, [r2, #96]	@ 0x60
10002230:	6655      	str	r5, [r2, #100]	@ 0x64
10002232:	6757      	str	r7, [r2, #116]	@ 0x74
10002234:	6716      	str	r6, [r2, #112]	@ 0x70
10002236:	bdf0      	pop	{r4, r5, r6, r7, pc}
10002238:	d0000000 	.word	0xd0000000

1000223c <__wrap___aeabi_uidiv>:
1000223c:	4a11      	ldr	r2, [pc, #68]	@ (10002284 <divmod_u32u32_savestate+0x18>)
1000223e:	6f93      	ldr	r3, [r2, #120]	@ 0x78
10002240:	089b      	lsrs	r3, r3, #2
10002242:	d213      	bcs.n	1000226c <divmod_u32u32_savestate>

10002244 <divmod_u32u32_unsafe>:
10002244:	6610      	str	r0, [r2, #96]	@ 0x60
10002246:	6651      	str	r1, [r2, #100]	@ 0x64
10002248:	2900      	cmp	r1, #0
1000224a:	d005      	beq.n	10002258 <divmod_u32u32_unsafe+0x14>
1000224c:	e7ff      	b.n	1000224e <divmod_u32u32_unsafe+0xa>
1000224e:	e7ff      	b.n	10002250 <divmod_u32u32_unsafe+0xc>
10002250:	e7ff      	b.n	10002252 <divmod_u32u32_unsafe+0xe>
10002252:	6f51      	ldr	r1, [r2, #116]	@ 0x74
10002254:	6f10      	ldr	r0, [r2, #112]	@ 0x70
10002256:	4770      	bx	lr
10002258:	b504      	push	{r2, lr}
1000225a:	2800      	cmp	r0, #0
1000225c:	d001      	beq.n	10002262 <divmod_u32u32_unsafe+0x1e>
1000225e:	2000      	movs	r0, #0
10002260:	43c0      	mvns	r0, r0
10002262:	f006 fb99 	bl	10008998 <____aeabi_idiv0_veneer>
10002266:	2100      	movs	r1, #0
10002268:	bd04      	pop	{r2, pc}
1000226a:	46c0      	nop			@ (mov r8, r8)

1000226c <divmod_u32u32_savestate>:
1000226c:	b5f0      	push	{r4, r5, r6, r7, lr}
1000226e:	6e14      	ldr	r4, [r2, #96]	@ 0x60
10002270:	6e55      	ldr	r5, [r2, #100]	@ 0x64
10002272:	6f57      	ldr	r7, [r2, #116]	@ 0x74
10002274:	6f16      	ldr	r6, [r2, #112]	@ 0x70
10002276:	f7ff ffe5 	bl	10002244 <divmod_u32u32_unsafe>
1000227a:	6614      	str	r4, [r2, #96]	@ 0x60
1000227c:	6655      	str	r5, [r2, #100]	@ 0x64
1000227e:	6757      	str	r7, [r2, #116]	@ 0x74
10002280:	6716      	str	r6, [r2, #112]	@ 0x70
10002282:	bdf0      	pop	{r4, r5, r6, r7, pc}
10002284:	d0000000 	.word	0xd0000000

10002288 <__wrap___aeabi_ldivmod>:
10002288:	4694      	mov	ip, r2
1000228a:	4a4a      	ldr	r2, [pc, #296]	@ (100023b4 <udiv0+0x1a>)
1000228c:	6f92      	ldr	r2, [r2, #120]	@ 0x78
1000228e:	0892      	lsrs	r2, r2, #2
10002290:	4662      	mov	r2, ip
10002292:	d201      	bcs.n	10002298 <divmod_s64s64_savestate>
10002294:	e028      	b.n	100022e8 <divmod_s64s64_unsafe>
10002296:	46c0      	nop			@ (mov r8, r8)

10002298 <divmod_s64s64_savestate>:
10002298:	b5f0      	push	{r4, r5, r6, r7, lr}
1000229a:	4e46      	ldr	r6, [pc, #280]	@ (100023b4 <udiv0+0x1a>)
1000229c:	6e34      	ldr	r4, [r6, #96]	@ 0x60
1000229e:	6e75      	ldr	r5, [r6, #100]	@ 0x64
100022a0:	6f77      	ldr	r7, [r6, #116]	@ 0x74
100022a2:	6f36      	ldr	r6, [r6, #112]	@ 0x70
100022a4:	f000 f820 	bl	100022e8 <divmod_s64s64_unsafe>
100022a8:	4694      	mov	ip, r2
100022aa:	4a42      	ldr	r2, [pc, #264]	@ (100023b4 <udiv0+0x1a>)
100022ac:	6614      	str	r4, [r2, #96]	@ 0x60
100022ae:	6655      	str	r5, [r2, #100]	@ 0x64
100022b0:	6757      	str	r7, [r2, #116]	@ 0x74
100022b2:	6716      	str	r6, [r2, #112]	@ 0x70
100022b4:	4662      	mov	r2, ip
100022b6:	bdf0      	pop	{r4, r5, r6, r7, pc}

100022b8 <__wrap___aeabi_uldivmod>:
100022b8:	4694      	mov	ip, r2
100022ba:	4a3e      	ldr	r2, [pc, #248]	@ (100023b4 <udiv0+0x1a>)
100022bc:	6f92      	ldr	r2, [r2, #120]	@ 0x78
100022be:	0892      	lsrs	r2, r2, #2
100022c0:	4662      	mov	r2, ip
100022c2:	d201      	bcs.n	100022c8 <divmod_u64u64_savestate>
100022c4:	e054      	b.n	10002370 <divmod_u64u64_unsafe>
100022c6:	46c0      	nop			@ (mov r8, r8)

100022c8 <divmod_u64u64_savestate>:
100022c8:	b5f0      	push	{r4, r5, r6, r7, lr}
100022ca:	4e3a      	ldr	r6, [pc, #232]	@ (100023b4 <udiv0+0x1a>)
100022cc:	6e34      	ldr	r4, [r6, #96]	@ 0x60
100022ce:	6e75      	ldr	r5, [r6, #100]	@ 0x64
100022d0:	6f77      	ldr	r7, [r6, #116]	@ 0x74
100022d2:	6f36      	ldr	r6, [r6, #112]	@ 0x70
100022d4:	f000 f84c 	bl	10002370 <divmod_u64u64_unsafe>
100022d8:	4694      	mov	ip, r2
100022da:	4a36      	ldr	r2, [pc, #216]	@ (100023b4 <udiv0+0x1a>)
100022dc:	6614      	str	r4, [r2, #96]	@ 0x60
100022de:	6655      	str	r5, [r2, #100]	@ 0x64
100022e0:	6757      	str	r7, [r2, #116]	@ 0x74
100022e2:	6716      	str	r6, [r2, #112]	@ 0x70
100022e4:	4662      	mov	r2, ip
100022e6:	bdf0      	pop	{r4, r5, r6, r7, pc}

100022e8 <divmod_s64s64_unsafe>:
100022e8:	2b00      	cmp	r3, #0
100022ea:	db24      	blt.n	10002336 <l42_1+0x26>
100022ec:	d011      	beq.n	10002312 <l42_1+0x2>
100022ee:	2900      	cmp	r1, #0
100022f0:	da3e      	bge.n	10002370 <divmod_u64u64_unsafe>
100022f2:	b500      	push	{lr}
100022f4:	43c9      	mvns	r1, r1
100022f6:	4240      	negs	r0, r0
100022f8:	d100      	bne.n	100022fc <l40_1>
100022fa:	3101      	adds	r1, #1

100022fc <l40_1>:
100022fc:	f000 f838 	bl	10002370 <divmod_u64u64_unsafe>
10002300:	43c9      	mvns	r1, r1
10002302:	4240      	negs	r0, r0
10002304:	d100      	bne.n	10002308 <l41_1>
10002306:	3101      	adds	r1, #1

10002308 <l41_1>:
10002308:	43db      	mvns	r3, r3
1000230a:	4252      	negs	r2, r2
1000230c:	d100      	bne.n	10002310 <l42_1>
1000230e:	3301      	adds	r3, #1

10002310 <l42_1>:
10002310:	bd00      	pop	{pc}
10002312:	2a00      	cmp	r2, #0
10002314:	d1eb      	bne.n	100022ee <divmod_s64s64_unsafe+0x6>
10002316:	2800      	cmp	r0, #0
10002318:	d101      	bne.n	1000231e <l42_1+0xe>
1000231a:	2900      	cmp	r1, #0
1000231c:	d005      	beq.n	1000232a <l42_1+0x1a>
1000231e:	2000      	movs	r0, #0
10002320:	0fc9      	lsrs	r1, r1, #31
10002322:	07c9      	lsls	r1, r1, #31
10002324:	d101      	bne.n	1000232a <l42_1+0x1a>
10002326:	43c0      	mvns	r0, r0
10002328:	0841      	lsrs	r1, r0, #1
1000232a:	b500      	push	{lr}
1000232c:	f006 fb2c 	bl	10008988 <____aeabi_ldiv0_veneer>
10002330:	2200      	movs	r2, #0
10002332:	2300      	movs	r3, #0
10002334:	bd00      	pop	{pc}
10002336:	b500      	push	{lr}
10002338:	2900      	cmp	r1, #0
1000233a:	db0a      	blt.n	10002352 <l44_1+0x2>
1000233c:	43db      	mvns	r3, r3
1000233e:	4252      	negs	r2, r2
10002340:	d100      	bne.n	10002344 <l43_1>
10002342:	3301      	adds	r3, #1

10002344 <l43_1>:
10002344:	f000 f814 	bl	10002370 <divmod_u64u64_unsafe>
10002348:	43c9      	mvns	r1, r1
1000234a:	4240      	negs	r0, r0
1000234c:	d100      	bne.n	10002350 <l44_1>
1000234e:	3101      	adds	r1, #1

10002350 <l44_1>:
10002350:	bd00      	pop	{pc}
10002352:	43c9      	mvns	r1, r1
10002354:	4240      	negs	r0, r0
10002356:	d100      	bne.n	1000235a <l45_1>
10002358:	3101      	adds	r1, #1

1000235a <l45_1>:
1000235a:	43db      	mvns	r3, r3
1000235c:	4252      	negs	r2, r2
1000235e:	d100      	bne.n	10002362 <l46_1>
10002360:	3301      	adds	r3, #1

10002362 <l46_1>:
10002362:	f000 f805 	bl	10002370 <divmod_u64u64_unsafe>
10002366:	43db      	mvns	r3, r3
10002368:	4252      	negs	r2, r2
1000236a:	d100      	bne.n	1000236e <l47_1>
1000236c:	3301      	adds	r3, #1

1000236e <l47_1>:
1000236e:	bd00      	pop	{pc}

10002370 <divmod_u64u64_unsafe>:
10002370:	2900      	cmp	r1, #0
10002372:	d123      	bne.n	100023bc <y64>
10002374:	2b00      	cmp	r3, #0
10002376:	d118      	bne.n	100023aa <udiv0+0x10>
10002378:	2a00      	cmp	r2, #0
1000237a:	d00c      	beq.n	10002396 <divmod_u64u64_unsafe+0x26>
1000237c:	46bc      	mov	ip, r7
1000237e:	4f0d      	ldr	r7, [pc, #52]	@ (100023b4 <udiv0+0x1a>)
10002380:	6638      	str	r0, [r7, #96]	@ 0x60
10002382:	667a      	str	r2, [r7, #100]	@ 0x64
10002384:	2100      	movs	r1, #0
10002386:	2300      	movs	r3, #0
10002388:	e7ff      	b.n	1000238a <divmod_u64u64_unsafe+0x1a>
1000238a:	e7ff      	b.n	1000238c <divmod_u64u64_unsafe+0x1c>
1000238c:	e7ff      	b.n	1000238e <divmod_u64u64_unsafe+0x1e>
1000238e:	6f7a      	ldr	r2, [r7, #116]	@ 0x74
10002390:	6f38      	ldr	r0, [r7, #112]	@ 0x70
10002392:	4667      	mov	r7, ip
10002394:	4770      	bx	lr
10002396:	2800      	cmp	r0, #0
10002398:	d001      	beq.n	1000239e <udiv0+0x4>

1000239a <udiv0>:
1000239a:	4807      	ldr	r0, [pc, #28]	@ (100023b8 <udiv0+0x1e>)
1000239c:	0001      	movs	r1, r0
1000239e:	b500      	push	{lr}
100023a0:	f006 faf2 	bl	10008988 <____aeabi_ldiv0_veneer>
100023a4:	2200      	movs	r2, #0
100023a6:	2300      	movs	r3, #0
100023a8:	bd00      	pop	{pc}
100023aa:	0002      	movs	r2, r0
100023ac:	000b      	movs	r3, r1
100023ae:	2000      	movs	r0, #0
100023b0:	2100      	movs	r1, #0
100023b2:	4770      	bx	lr
100023b4:	d0000000 	.word	0xd0000000
100023b8:	ffffffff 	.word	0xffffffff

100023bc <y64>:
100023bc:	2b00      	cmp	r3, #0
100023be:	d000      	beq.n	100023c2 <y64+0x6>
100023c0:	e0bf      	b.n	10002542 <y64_x48>
100023c2:	0c13      	lsrs	r3, r2, #16
100023c4:	d128      	bne.n	10002418 <y64_x32>
100023c6:	2a00      	cmp	r2, #0
100023c8:	d0e7      	beq.n	1000239a <udiv0>
100023ca:	b480      	push	{r7}
100023cc:	4f11      	ldr	r7, [pc, #68]	@ (10002414 <y64+0x58>)
100023ce:	6639      	str	r1, [r7, #96]	@ 0x60
100023d0:	667a      	str	r2, [r7, #100]	@ 0x64
100023d2:	e7ff      	b.n	100023d4 <y64+0x18>
100023d4:	e7ff      	b.n	100023d6 <y64+0x1a>
100023d6:	b430      	push	{r4, r5}
100023d8:	0c04      	lsrs	r4, r0, #16
100023da:	6f7b      	ldr	r3, [r7, #116]	@ 0x74
100023dc:	6f39      	ldr	r1, [r7, #112]	@ 0x70
100023de:	041b      	lsls	r3, r3, #16
100023e0:	4323      	orrs	r3, r4
100023e2:	663b      	str	r3, [r7, #96]	@ 0x60
100023e4:	667a      	str	r2, [r7, #100]	@ 0x64
100023e6:	e7ff      	b.n	100023e8 <y64+0x2c>
100023e8:	e7ff      	b.n	100023ea <y64+0x2e>
100023ea:	e7ff      	b.n	100023ec <y64+0x30>
100023ec:	46c0      	nop			@ (mov r8, r8)
100023ee:	b284      	uxth	r4, r0
100023f0:	6f7b      	ldr	r3, [r7, #116]	@ 0x74
100023f2:	6f3d      	ldr	r5, [r7, #112]	@ 0x70
100023f4:	041b      	lsls	r3, r3, #16
100023f6:	4323      	orrs	r3, r4
100023f8:	663b      	str	r3, [r7, #96]	@ 0x60
100023fa:	667a      	str	r2, [r7, #100]	@ 0x64
100023fc:	e7ff      	b.n	100023fe <y64+0x42>
100023fe:	e7ff      	b.n	10002400 <y64+0x44>
10002400:	46c0      	nop			@ (mov r8, r8)
10002402:	2300      	movs	r3, #0
10002404:	042c      	lsls	r4, r5, #16
10002406:	0c2d      	lsrs	r5, r5, #16
10002408:	6f7a      	ldr	r2, [r7, #116]	@ 0x74
1000240a:	6f38      	ldr	r0, [r7, #112]	@ 0x70
1000240c:	1900      	adds	r0, r0, r4
1000240e:	4169      	adcs	r1, r5
10002410:	bcb0      	pop	{r4, r5, r7}
10002412:	4770      	bx	lr
10002414:	d0000000 	.word	0xd0000000

10002418 <y64_x32>:
10002418:	b5f0      	push	{r4, r5, r6, r7, lr}
1000241a:	4694      	mov	ip, r2
1000241c:	2500      	movs	r5, #0
1000241e:	0e14      	lsrs	r4, r2, #24
10002420:	d101      	bne.n	10002426 <y64_x32+0xe>
10002422:	0212      	lsls	r2, r2, #8
10002424:	3508      	adds	r5, #8
10002426:	0f14      	lsrs	r4, r2, #28
10002428:	d101      	bne.n	1000242e <y64_x32+0x16>
1000242a:	0112      	lsls	r2, r2, #4
1000242c:	3504      	adds	r5, #4
1000242e:	0f94      	lsrs	r4, r2, #30
10002430:	d101      	bne.n	10002436 <y64_x32+0x1e>
10002432:	0092      	lsls	r2, r2, #2
10002434:	3502      	adds	r5, #2
10002436:	0fd4      	lsrs	r4, r2, #31
10002438:	d101      	bne.n	1000243e <y64_x32+0x26>
1000243a:	0052      	lsls	r2, r2, #1
1000243c:	3501      	adds	r5, #1
1000243e:	0bd4      	lsrs	r4, r2, #15
10002440:	3401      	adds	r4, #1
10002442:	4f25      	ldr	r7, [pc, #148]	@ (100024d8 <y64_x32+0xc0>)
10002444:	667c      	str	r4, [r7, #100]	@ 0x64
10002446:	4c25      	ldr	r4, [pc, #148]	@ (100024dc <y64_x32+0xc4>)
10002448:	663c      	str	r4, [r7, #96]	@ 0x60
1000244a:	0c0e      	lsrs	r6, r1, #16
1000244c:	b293      	uxth	r3, r2
1000244e:	e7ff      	b.n	10002450 <y64_x32+0x38>
10002450:	e7ff      	b.n	10002452 <y64_x32+0x3a>
10002452:	e7ff      	b.n	10002454 <y64_x32+0x3c>
10002454:	6f3c      	ldr	r4, [r7, #112]	@ 0x70
10002456:	4366      	muls	r6, r4
10002458:	0c36      	lsrs	r6, r6, #16
1000245a:	0377      	lsls	r7, r6, #13
1000245c:	46be      	mov	lr, r7
1000245e:	4373      	muls	r3, r6
10002460:	0bdf      	lsrs	r7, r3, #15
10002462:	045b      	lsls	r3, r3, #17
10002464:	1ac0      	subs	r0, r0, r3
10002466:	41b9      	sbcs	r1, r7
10002468:	0c13      	lsrs	r3, r2, #16
1000246a:	4373      	muls	r3, r6
1000246c:	18db      	adds	r3, r3, r3
1000246e:	1ac9      	subs	r1, r1, r3
10002470:	08ce      	lsrs	r6, r1, #3
10002472:	4366      	muls	r6, r4
10002474:	0c36      	lsrs	r6, r6, #16
10002476:	44b6      	add	lr, r6
10002478:	b293      	uxth	r3, r2
1000247a:	4373      	muls	r3, r6
1000247c:	0f1f      	lsrs	r7, r3, #28
1000247e:	011b      	lsls	r3, r3, #4
10002480:	1ac0      	subs	r0, r0, r3
10002482:	41b9      	sbcs	r1, r7
10002484:	0c13      	lsrs	r3, r2, #16
10002486:	4373      	muls	r3, r6
10002488:	0b1f      	lsrs	r7, r3, #12
1000248a:	051b      	lsls	r3, r3, #20
1000248c:	1ac0      	subs	r0, r0, r3
1000248e:	41b9      	sbcs	r1, r7
10002490:	0d86      	lsrs	r6, r0, #22
10002492:	028f      	lsls	r7, r1, #10
10002494:	433e      	orrs	r6, r7
10002496:	4366      	muls	r6, r4
10002498:	0c36      	lsrs	r6, r6, #16
1000249a:	2d09      	cmp	r5, #9
1000249c:	db24      	blt.n	100024e8 <last0>
1000249e:	0a52      	lsrs	r2, r2, #9
100024a0:	4372      	muls	r2, r6
100024a2:	1a80      	subs	r0, r0, r2
100024a4:	0377      	lsls	r7, r6, #13
100024a6:	0a46      	lsrs	r6, r0, #9
100024a8:	4366      	muls	r6, r4
100024aa:	0c36      	lsrs	r6, r6, #16
100024ac:	2316      	movs	r3, #22
100024ae:	1b5b      	subs	r3, r3, r5
100024b0:	40de      	lsrs	r6, r3
100024b2:	40df      	lsrs	r7, r3
100024b4:	19bf      	adds	r7, r7, r6
100024b6:	4664      	mov	r4, ip
100024b8:	4366      	muls	r6, r4
100024ba:	1b82      	subs	r2, r0, r6
100024bc:	4670      	mov	r0, lr
100024be:	3504      	adds	r5, #4
100024c0:	3306      	adds	r3, #6
100024c2:	0001      	movs	r1, r0
100024c4:	40d9      	lsrs	r1, r3
100024c6:	40a8      	lsls	r0, r5
100024c8:	19c0      	adds	r0, r0, r7
100024ca:	d300      	bcc.n	100024ce <y64_x32+0xb6>
100024cc:	3101      	adds	r1, #1
100024ce:	42a2      	cmp	r2, r4
100024d0:	d206      	bcs.n	100024e0 <y64_x32+0xc8>
100024d2:	2300      	movs	r3, #0
100024d4:	bdf0      	pop	{r4, r5, r6, r7, pc}
100024d6:	0000      	.short	0x0000
100024d8:	d0000000 	.word	0xd0000000
100024dc:	ffffffff 	.word	0xffffffff
100024e0:	1b12      	subs	r2, r2, r4
100024e2:	3001      	adds	r0, #1
100024e4:	d3f3      	bcc.n	100024ce <y64_x32+0xb6>
100024e6:	e7f1      	b.n	100024cc <y64_x32+0xb4>

100024e8 <last0>:
100024e8:	2709      	movs	r7, #9
100024ea:	1b7f      	subs	r7, r7, r5
100024ec:	40fe      	lsrs	r6, r7
100024ee:	4664      	mov	r4, ip
100024f0:	b2a2      	uxth	r2, r4
100024f2:	4372      	muls	r2, r6
100024f4:	1a80      	subs	r0, r0, r2
100024f6:	d200      	bcs.n	100024fa <last0+0x12>
100024f8:	3901      	subs	r1, #1
100024fa:	0c22      	lsrs	r2, r4, #16
100024fc:	4372      	muls	r2, r6
100024fe:	0c13      	lsrs	r3, r2, #16
10002500:	0412      	lsls	r2, r2, #16
10002502:	1a82      	subs	r2, r0, r2
10002504:	4199      	sbcs	r1, r3
10002506:	000b      	movs	r3, r1
10002508:	4670      	mov	r0, lr
1000250a:	3504      	adds	r5, #4
1000250c:	3713      	adds	r7, #19
1000250e:	0001      	movs	r1, r0
10002510:	40f9      	lsrs	r1, r7
10002512:	40a8      	lsls	r0, r5
10002514:	1980      	adds	r0, r0, r6
10002516:	d300      	bcc.n	1000251a <last0+0x32>
10002518:	3101      	adds	r1, #1
1000251a:	2b00      	cmp	r3, #0
1000251c:	d102      	bne.n	10002524 <last0+0x3c>
1000251e:	42a2      	cmp	r2, r4
10002520:	d20a      	bcs.n	10002538 <last0+0x50>
10002522:	bdf0      	pop	{r4, r5, r6, r7, pc}
10002524:	3001      	adds	r0, #1
10002526:	d300      	bcc.n	1000252a <last0+0x42>
10002528:	3101      	adds	r1, #1
1000252a:	1b12      	subs	r2, r2, r4
1000252c:	d2fa      	bcs.n	10002524 <last0+0x3c>
1000252e:	3b01      	subs	r3, #1
10002530:	d1f8      	bne.n	10002524 <last0+0x3c>
10002532:	42a2      	cmp	r2, r4
10002534:	d200      	bcs.n	10002538 <last0+0x50>
10002536:	bdf0      	pop	{r4, r5, r6, r7, pc}
10002538:	3001      	adds	r0, #1
1000253a:	d300      	bcc.n	1000253e <last0+0x56>
1000253c:	3101      	adds	r1, #1
1000253e:	1b12      	subs	r2, r2, r4
10002540:	e7f7      	b.n	10002532 <last0+0x4a>

10002542 <y64_x48>:
10002542:	b5f0      	push	{r4, r5, r6, r7, lr}
10002544:	0c1c      	lsrs	r4, r3, #16
10002546:	d000      	beq.n	1000254a <y64_x48+0x8>
10002548:	e080      	b.n	1000264c <y64_x64>
1000254a:	b40c      	push	{r2, r3}
1000254c:	2500      	movs	r5, #0
1000254e:	0a1c      	lsrs	r4, r3, #8
10002550:	d104      	bne.n	1000255c <y64_x48+0x1a>
10002552:	021b      	lsls	r3, r3, #8
10002554:	0e16      	lsrs	r6, r2, #24
10002556:	4333      	orrs	r3, r6
10002558:	0212      	lsls	r2, r2, #8
1000255a:	3508      	adds	r5, #8
1000255c:	0b1c      	lsrs	r4, r3, #12
1000255e:	d104      	bne.n	1000256a <y64_x48+0x28>
10002560:	011b      	lsls	r3, r3, #4
10002562:	0f16      	lsrs	r6, r2, #28
10002564:	4333      	orrs	r3, r6
10002566:	0112      	lsls	r2, r2, #4
10002568:	3504      	adds	r5, #4
1000256a:	0b9c      	lsrs	r4, r3, #14
1000256c:	d104      	bne.n	10002578 <y64_x48+0x36>
1000256e:	009b      	lsls	r3, r3, #2
10002570:	0f96      	lsrs	r6, r2, #30
10002572:	4333      	orrs	r3, r6
10002574:	0092      	lsls	r2, r2, #2
10002576:	3502      	adds	r5, #2
10002578:	0bdc      	lsrs	r4, r3, #15
1000257a:	d102      	bne.n	10002582 <y64_x48+0x40>
1000257c:	1892      	adds	r2, r2, r2
1000257e:	415b      	adcs	r3, r3
10002580:	3501      	adds	r5, #1
10002582:	001c      	movs	r4, r3
10002584:	1897      	adds	r7, r2, r2
10002586:	4164      	adcs	r4, r4
10002588:	3401      	adds	r4, #1
1000258a:	4f46      	ldr	r7, [pc, #280]	@ (100026a4 <y64_x64+0x58>)
1000258c:	667c      	str	r4, [r7, #100]	@ 0x64
1000258e:	4c46      	ldr	r4, [pc, #280]	@ (100026a8 <y64_x64+0x5c>)
10002590:	663c      	str	r4, [r7, #96]	@ 0x60
10002592:	0c0e      	lsrs	r6, r1, #16
10002594:	e7ff      	b.n	10002596 <y64_x48+0x54>
10002596:	e7ff      	b.n	10002598 <y64_x48+0x56>
10002598:	e7ff      	b.n	1000259a <y64_x48+0x58>
1000259a:	46c0      	nop			@ (mov r8, r8)
1000259c:	6f3c      	ldr	r4, [r7, #112]	@ 0x70
1000259e:	4366      	muls	r6, r4
100025a0:	0c36      	lsrs	r6, r6, #16
100025a2:	0377      	lsls	r7, r6, #13
100025a4:	46be      	mov	lr, r7
100025a6:	b297      	uxth	r7, r2
100025a8:	4377      	muls	r7, r6
100025aa:	1bc0      	subs	r0, r0, r7
100025ac:	d200      	bcs.n	100025b0 <y64_x48+0x6e>
100025ae:	3901      	subs	r1, #1
100025b0:	1bc0      	subs	r0, r0, r7
100025b2:	d200      	bcs.n	100025b6 <y64_x48+0x74>
100025b4:	3901      	subs	r1, #1
100025b6:	b29f      	uxth	r7, r3
100025b8:	4377      	muls	r7, r6
100025ba:	1bc9      	subs	r1, r1, r7
100025bc:	1bc9      	subs	r1, r1, r7
100025be:	0c17      	lsrs	r7, r2, #16
100025c0:	4377      	muls	r7, r6
100025c2:	047e      	lsls	r6, r7, #17
100025c4:	0bff      	lsrs	r7, r7, #15
100025c6:	1b80      	subs	r0, r0, r6
100025c8:	41b9      	sbcs	r1, r7
100025ca:	08ce      	lsrs	r6, r1, #3
100025cc:	4366      	muls	r6, r4
100025ce:	0c36      	lsrs	r6, r6, #16
100025d0:	2d0c      	cmp	r5, #12
100025d2:	db33      	blt.n	1000263c <last1>
100025d4:	44b6      	add	lr, r6
100025d6:	0b12      	lsrs	r2, r2, #12
100025d8:	051f      	lsls	r7, r3, #20
100025da:	433a      	orrs	r2, r7
100025dc:	0b1b      	lsrs	r3, r3, #12
100025de:	b297      	uxth	r7, r2
100025e0:	4377      	muls	r7, r6
100025e2:	1bc0      	subs	r0, r0, r7
100025e4:	d200      	bcs.n	100025e8 <y64_x48+0xa6>
100025e6:	3901      	subs	r1, #1
100025e8:	b29f      	uxth	r7, r3
100025ea:	4377      	muls	r7, r6
100025ec:	1bc9      	subs	r1, r1, r7
100025ee:	0c17      	lsrs	r7, r2, #16
100025f0:	4377      	muls	r7, r6
100025f2:	043e      	lsls	r6, r7, #16
100025f4:	0c3f      	lsrs	r7, r7, #16
100025f6:	1b80      	subs	r0, r0, r6
100025f8:	41b9      	sbcs	r1, r7
100025fa:	0d86      	lsrs	r6, r0, #22
100025fc:	028f      	lsls	r7, r1, #10
100025fe:	433e      	orrs	r6, r7
10002600:	4366      	muls	r6, r4
10002602:	2729      	movs	r7, #41	@ 0x29
10002604:	1b7f      	subs	r7, r7, r5
10002606:	40fe      	lsrs	r6, r7
10002608:	3d0c      	subs	r5, #12
1000260a:	4677      	mov	r7, lr
1000260c:	40af      	lsls	r7, r5
1000260e:	19bf      	adds	r7, r7, r6
10002610:	bc30      	pop	{r4, r5}
10002612:	b2a2      	uxth	r2, r4
10002614:	b2ab      	uxth	r3, r5
10002616:	4372      	muls	r2, r6
10002618:	4373      	muls	r3, r6
1000261a:	1a80      	subs	r0, r0, r2
1000261c:	4199      	sbcs	r1, r3
1000261e:	0c22      	lsrs	r2, r4, #16
10002620:	4372      	muls	r2, r6
10002622:	0c13      	lsrs	r3, r2, #16
10002624:	0412      	lsls	r2, r2, #16
10002626:	1a80      	subs	r0, r0, r2
10002628:	4199      	sbcs	r1, r3
1000262a:	0002      	movs	r2, r0
1000262c:	000b      	movs	r3, r1
1000262e:	3701      	adds	r7, #1
10002630:	1b00      	subs	r0, r0, r4
10002632:	41a9      	sbcs	r1, r5
10002634:	d2f9      	bcs.n	1000262a <y64_x48+0xe8>
10002636:	1e78      	subs	r0, r7, #1
10002638:	2100      	movs	r1, #0
1000263a:	bdf0      	pop	{r4, r5, r6, r7, pc}

1000263c <last1>:
1000263c:	270c      	movs	r7, #12
1000263e:	1b7f      	subs	r7, r7, r5
10002640:	40fe      	lsrs	r6, r7
10002642:	4677      	mov	r7, lr
10002644:	0b7f      	lsrs	r7, r7, #13
10002646:	40af      	lsls	r7, r5
10002648:	19ff      	adds	r7, r7, r7
1000264a:	e7e0      	b.n	1000260e <y64_x48+0xcc>

1000264c <y64_x64>:
1000264c:	2400      	movs	r4, #0
1000264e:	1c5d      	adds	r5, r3, #1
10002650:	d007      	beq.n	10002662 <y64_x64+0x16>
10002652:	4f14      	ldr	r7, [pc, #80]	@ (100026a4 <y64_x64+0x58>)
10002654:	667d      	str	r5, [r7, #100]	@ 0x64
10002656:	6639      	str	r1, [r7, #96]	@ 0x60
10002658:	e7ff      	b.n	1000265a <y64_x64+0xe>
1000265a:	e7ff      	b.n	1000265c <y64_x64+0x10>
1000265c:	e7ff      	b.n	1000265e <y64_x64+0x12>
1000265e:	e7ff      	b.n	10002660 <y64_x64+0x14>
10002660:	6f3c      	ldr	r4, [r7, #112]	@ 0x70
10002662:	b295      	uxth	r5, r2
10002664:	b29e      	uxth	r6, r3
10002666:	4365      	muls	r5, r4
10002668:	4366      	muls	r6, r4
1000266a:	1b40      	subs	r0, r0, r5
1000266c:	41b1      	sbcs	r1, r6
1000266e:	0c15      	lsrs	r5, r2, #16
10002670:	0c1e      	lsrs	r6, r3, #16
10002672:	4365      	muls	r5, r4
10002674:	4366      	muls	r6, r4
10002676:	0436      	lsls	r6, r6, #16
10002678:	0c2f      	lsrs	r7, r5, #16
1000267a:	433e      	orrs	r6, r7
1000267c:	042d      	lsls	r5, r5, #16
1000267e:	1b40      	subs	r0, r0, r5
10002680:	41b1      	sbcs	r1, r6
10002682:	4299      	cmp	r1, r3
10002684:	d204      	bcs.n	10002690 <y64_x64+0x44>
10002686:	0002      	movs	r2, r0
10002688:	000b      	movs	r3, r1
1000268a:	0020      	movs	r0, r4
1000268c:	2100      	movs	r1, #0
1000268e:	bdf0      	pop	{r4, r5, r6, r7, pc}
10002690:	d101      	bne.n	10002696 <y64_x64+0x4a>
10002692:	4290      	cmp	r0, r2
10002694:	d3f7      	bcc.n	10002686 <y64_x64+0x3a>
10002696:	1a80      	subs	r0, r0, r2
10002698:	4199      	sbcs	r1, r3
1000269a:	3401      	adds	r4, #1
1000269c:	4299      	cmp	r1, r3
1000269e:	d3f2      	bcc.n	10002686 <y64_x64+0x3a>
100026a0:	e7f6      	b.n	10002690 <y64_x64+0x44>
100026a2:	0000      	.short	0x0000
100026a4:	d0000000 	.word	0xd0000000
100026a8:	ffffffff 	.word	0xffffffff

100026ac <__wrap___aeabi_drsub>:
100026ac:	4048      	eors	r0, r1
100026ae:	4041      	eors	r1, r0
100026b0:	4048      	eors	r0, r1

100026b2 <__wrap___aeabi_dsub>:
100026b2:	b418      	push	{r3, r4}
100026b4:	4b1b      	ldr	r3, [pc, #108]	@ (10002724 <__wrap___aeabi_dmul+0x12>)
100026b6:	685b      	ldr	r3, [r3, #4]
100026b8:	46fc      	mov	ip, pc
100026ba:	9301      	str	r3, [sp, #4]
100026bc:	bd08      	pop	{r3, pc}
100026be:	df04      	.short	0xdf04
100026c0:	10002957 	.word	0x10002957

100026c4 <__wrap___aeabi_dadd>:
100026c4:	b418      	push	{r3, r4}
100026c6:	4b17      	ldr	r3, [pc, #92]	@ (10002724 <__wrap___aeabi_dmul+0x12>)
100026c8:	681b      	ldr	r3, [r3, #0]
100026ca:	46fc      	mov	ip, pc
100026cc:	9301      	str	r3, [sp, #4]
100026ce:	bd08      	pop	{r3, pc}
100026d0:	2961df00 	.word	0x2961df00
100026d4:	1000      	.short	0x1000

100026d6 <__wrap___aeabi_ddiv>:
100026d6:	4694      	mov	ip, r2
100026d8:	4a13      	ldr	r2, [pc, #76]	@ (10002728 <__wrap___aeabi_dmul+0x16>)
100026da:	6f92      	ldr	r2, [r2, #120]	@ 0x78
100026dc:	0892      	lsrs	r2, r2, #2
100026de:	d209      	bcs.n	100026f4 <ddiv_save_state>
100026e0:	4662      	mov	r2, ip

100026e2 <ddiv_shim_call>:
100026e2:	b418      	push	{r3, r4}
100026e4:	4b0f      	ldr	r3, [pc, #60]	@ (10002724 <__wrap___aeabi_dmul+0x12>)
100026e6:	68db      	ldr	r3, [r3, #12]
100026e8:	46fc      	mov	ip, pc
100026ea:	9301      	str	r3, [sp, #4]
100026ec:	bd08      	pop	{r3, pc}
100026ee:	df0c      	.short	0xdf0c
100026f0:	10002c19 	.word	0x10002c19

100026f4 <ddiv_save_state>:
100026f4:	4a0c      	ldr	r2, [pc, #48]	@ (10002728 <__wrap___aeabi_dmul+0x16>)
100026f6:	b5f0      	push	{r4, r5, r6, r7, lr}
100026f8:	6e14      	ldr	r4, [r2, #96]	@ 0x60
100026fa:	6e55      	ldr	r5, [r2, #100]	@ 0x64
100026fc:	6f57      	ldr	r7, [r2, #116]	@ 0x74
100026fe:	6f16      	ldr	r6, [r2, #112]	@ 0x70
10002700:	4662      	mov	r2, ip
10002702:	f7ff ffee 	bl	100026e2 <ddiv_shim_call>
10002706:	4a08      	ldr	r2, [pc, #32]	@ (10002728 <__wrap___aeabi_dmul+0x16>)
10002708:	6614      	str	r4, [r2, #96]	@ 0x60
1000270a:	6655      	str	r5, [r2, #100]	@ 0x64
1000270c:	6757      	str	r7, [r2, #116]	@ 0x74
1000270e:	6716      	str	r6, [r2, #112]	@ 0x70
10002710:	bdf0      	pop	{r4, r5, r6, r7, pc}

10002712 <__wrap___aeabi_dmul>:
10002712:	b418      	push	{r3, r4}
10002714:	4b03      	ldr	r3, [pc, #12]	@ (10002724 <__wrap___aeabi_dmul+0x12>)
10002716:	689b      	ldr	r3, [r3, #8]
10002718:	46fc      	mov	ip, pc
1000271a:	9301      	str	r3, [sp, #4]
1000271c:	bd08      	pop	{r3, pc}
1000271e:	df08      	.short	0xdf08
10002720:	10002abd 	.word	0x10002abd
10002724:	20000810 	.word	0x20000810
10002728:	d0000000 	.word	0xd0000000

1000272c <__wrap___aeabi_cdrcmple>:
1000272c:	b5ff      	push	{r0, r1, r2, r3, r4, r5, r6, r7, lr}
1000272e:	4050      	eors	r0, r2
10002730:	4042      	eors	r2, r0
10002732:	4050      	eors	r0, r2
10002734:	4059      	eors	r1, r3
10002736:	404b      	eors	r3, r1
10002738:	4059      	eors	r1, r3
1000273a:	e000      	b.n	1000273e <__aeabi_dfcmple_guts>

1000273c <__wrap___aeabi_cdcmpeq>:
1000273c:	b5ff      	push	{r0, r1, r2, r3, r4, r5, r6, r7, lr}

1000273e <__aeabi_dfcmple_guts>:
1000273e:	4f15      	ldr	r7, [pc, #84]	@ (10002794 <__aeabi_dfcmple_guts+0x56>)
10002740:	004c      	lsls	r4, r1, #1
10002742:	0d64      	lsrs	r4, r4, #21
10002744:	d003      	beq.n	1000274e <__aeabi_dfcmple_guts+0x10>
10002746:	42bc      	cmp	r4, r7
10002748:	d104      	bne.n	10002754 <__aeabi_dfcmple_guts+0x16>
1000274a:	030c      	lsls	r4, r1, #12
1000274c:	d814      	bhi.n	10002778 <__aeabi_dfcmple_guts+0x3a>
1000274e:	2000      	movs	r0, #0
10002750:	0d09      	lsrs	r1, r1, #20
10002752:	0509      	lsls	r1, r1, #20
10002754:	005c      	lsls	r4, r3, #1
10002756:	0d64      	lsrs	r4, r4, #21
10002758:	d003      	beq.n	10002762 <__aeabi_dfcmple_guts+0x24>
1000275a:	42bc      	cmp	r4, r7
1000275c:	d104      	bne.n	10002768 <__aeabi_dfcmple_guts+0x2a>
1000275e:	031c      	lsls	r4, r3, #12
10002760:	d80a      	bhi.n	10002778 <__aeabi_dfcmple_guts+0x3a>
10002762:	2200      	movs	r2, #0
10002764:	0d1b      	lsrs	r3, r3, #20
10002766:	051b      	lsls	r3, r3, #20
10002768:	2601      	movs	r6, #1
1000276a:	404b      	eors	r3, r1
1000276c:	d409      	bmi.n	10002782 <__aeabi_dfcmple_guts+0x44>
1000276e:	404b      	eors	r3, r1
10002770:	d503      	bpl.n	1000277a <__aeabi_dfcmple_guts+0x3c>
10002772:	428b      	cmp	r3, r1
10002774:	d100      	bne.n	10002778 <__aeabi_dfcmple_guts+0x3a>
10002776:	4282      	cmp	r2, r0
10002778:	bdff      	pop	{r0, r1, r2, r3, r4, r5, r6, r7, pc}
1000277a:	4299      	cmp	r1, r3
1000277c:	d1fc      	bne.n	10002778 <__aeabi_dfcmple_guts+0x3a>
1000277e:	4290      	cmp	r0, r2
10002780:	bdff      	pop	{r0, r1, r2, r3, r4, r5, r6, r7, pc}
10002782:	430b      	orrs	r3, r1
10002784:	18db      	adds	r3, r3, r3
10002786:	4303      	orrs	r3, r0
10002788:	4313      	orrs	r3, r2
1000278a:	d0f5      	beq.n	10002778 <__aeabi_dfcmple_guts+0x3a>
1000278c:	43c9      	mvns	r1, r1
1000278e:	1849      	adds	r1, r1, r1
10002790:	bdff      	pop	{r0, r1, r2, r3, r4, r5, r6, r7, pc}
10002792:	0000      	.short	0x0000
10002794:	000007ff 	.word	0x000007ff

10002798 <__wrap___aeabi_dcmplt>:
10002798:	b500      	push	{lr}
1000279a:	f7ff ffcf 	bl	1000273c <__wrap___aeabi_cdcmpeq>
1000279e:	4180      	sbcs	r0, r0
100027a0:	bd00      	pop	{pc}
100027a2:	46c0      	nop			@ (mov r8, r8)

100027a4 <__wrap___aeabi_dcmple>:
100027a4:	b500      	push	{lr}
100027a6:	f7ff ffc9 	bl	1000273c <__wrap___aeabi_cdcmpeq>
100027aa:	d901      	bls.n	100027b0 <__wrap___aeabi_dcmple+0xc>
100027ac:	2000      	movs	r0, #0
100027ae:	bd00      	pop	{pc}
100027b0:	2001      	movs	r0, #1
100027b2:	bd00      	pop	{pc}

100027b4 <__wrap___aeabi_dcmpge>:
100027b4:	b500      	push	{lr}
100027b6:	f7ff ffb9 	bl	1000272c <__wrap___aeabi_cdrcmple>
100027ba:	d901      	bls.n	100027c0 <__wrap___aeabi_dcmpge+0xc>
100027bc:	2000      	movs	r0, #0
100027be:	bd00      	pop	{pc}
100027c0:	2001      	movs	r0, #1
100027c2:	bd00      	pop	{pc}

100027c4 <__wrap___aeabi_dcmpgt>:
100027c4:	b500      	push	{lr}
100027c6:	f7ff ffb1 	bl	1000272c <__wrap___aeabi_cdrcmple>
100027ca:	4180      	sbcs	r0, r0
100027cc:	bd00      	pop	{pc}

100027ce <__wrap___aeabi_dcmpun>:
100027ce:	2001      	movs	r0, #1
100027d0:	0540      	lsls	r0, r0, #21
100027d2:	004a      	lsls	r2, r1, #1
100027d4:	1812      	adds	r2, r2, r0
100027d6:	d804      	bhi.n	100027e2 <__wrap___aeabi_dcmpun+0x14>
100027d8:	005a      	lsls	r2, r3, #1
100027da:	1812      	adds	r2, r2, r0
100027dc:	d801      	bhi.n	100027e2 <__wrap___aeabi_dcmpun+0x14>
100027de:	2000      	movs	r0, #0
100027e0:	4770      	bx	lr
100027e2:	2001      	movs	r0, #1
100027e4:	4770      	bx	lr
	...

100027e8 <__wrap___aeabi_ui2d>:
100027e8:	2100      	movs	r1, #0
100027ea:	2800      	cmp	r0, #0
100027ec:	d105      	bne.n	100027fa <__wrap___aeabi_i2d+0xa>
100027ee:	4770      	bx	lr

100027f0 <__wrap___aeabi_i2d>:
100027f0:	17c1      	asrs	r1, r0, #31
100027f2:	4048      	eors	r0, r1
100027f4:	1a40      	subs	r0, r0, r1
100027f6:	d0fa      	beq.n	100027ee <__wrap___aeabi_ui2d+0x6>
100027f8:	07c9      	lsls	r1, r1, #31
100027fa:	b513      	push	{r0, r1, r4, lr}
100027fc:	4b06      	ldr	r3, [pc, #24]	@ (10002818 <__wrap___aeabi_i2d+0x28>)
100027fe:	681b      	ldr	r3, [r3, #0]
10002800:	4798      	blx	r3
10002802:	bc0c      	pop	{r2, r3}
10002804:	1c44      	adds	r4, r0, #1
10002806:	40a2      	lsls	r2, r4
10002808:	0510      	lsls	r0, r2, #20
1000280a:	0b12      	lsrs	r2, r2, #12
1000280c:	4903      	ldr	r1, [pc, #12]	@ (1000281c <__wrap___aeabi_i2d+0x2c>)
1000280e:	1b09      	subs	r1, r1, r4
10002810:	0509      	lsls	r1, r1, #20
10002812:	4319      	orrs	r1, r3
10002814:	4311      	orrs	r1, r2
10002816:	bd10      	pop	{r4, pc}
10002818:	20001368 	.word	0x20001368
1000281c:	0000041f 	.word	0x0000041f

10002820 <__wrap___aeabi_d2iz>:
10002820:	b510      	push	{r4, lr}
10002822:	004c      	lsls	r4, r1, #1
10002824:	0d62      	lsrs	r2, r4, #21
10002826:	2380      	movs	r3, #128	@ 0x80
10002828:	18d2      	adds	r2, r2, r3
1000282a:	00db      	lsls	r3, r3, #3
1000282c:	1ad2      	subs	r2, r2, r3
1000282e:	055b      	lsls	r3, r3, #21
10002830:	2a7e      	cmp	r2, #126	@ 0x7e
10002832:	dd10      	ble.n	10002856 <__wrap___aeabi_d2iz+0x36>
10002834:	3a9e      	subs	r2, #158	@ 0x9e
10002836:	da13      	bge.n	10002860 <__wrap___aeabi_d2iz+0x40>
10002838:	17cc      	asrs	r4, r1, #31
1000283a:	0309      	lsls	r1, r1, #12
1000283c:	0849      	lsrs	r1, r1, #1
1000283e:	4319      	orrs	r1, r3
10002840:	4252      	negs	r2, r2
10002842:	40d1      	lsrs	r1, r2
10002844:	0064      	lsls	r4, r4, #1
10002846:	3401      	adds	r4, #1
10002848:	3215      	adds	r2, #21
1000284a:	2a20      	cmp	r2, #32
1000284c:	da05      	bge.n	1000285a <__wrap___aeabi_d2iz+0x3a>
1000284e:	40d0      	lsrs	r0, r2
10002850:	4308      	orrs	r0, r1
10002852:	4360      	muls	r0, r4
10002854:	bd10      	pop	{r4, pc}
10002856:	2000      	movs	r0, #0
10002858:	bd10      	pop	{r4, pc}
1000285a:	4608      	mov	r0, r1
1000285c:	4360      	muls	r0, r4
1000285e:	bd10      	pop	{r4, pc}
10002860:	0fc8      	lsrs	r0, r1, #31
10002862:	18c0      	adds	r0, r0, r3
10002864:	3801      	subs	r0, #1
10002866:	bd10      	pop	{r4, pc}

10002868 <__wrap___aeabi_d2uiz>:
10002868:	b418      	push	{r3, r4}
1000286a:	4b04      	ldr	r3, [pc, #16]	@ (1000287c <__wrap___aeabi_d2uiz+0x14>)
1000286c:	6a5b      	ldr	r3, [r3, #36]	@ 0x24
1000286e:	46fc      	mov	ip, pc
10002870:	9301      	str	r3, [sp, #4]
10002872:	bd08      	pop	{r3, pc}
10002874:	2dc9df24 	.word	0x2dc9df24
10002878:	00001000 	.word	0x00001000
1000287c:	20000810 	.word	0x20000810

10002880 <__aeabi_double_init>:
10002880:	2313      	movs	r3, #19
10002882:	b570      	push	{r4, r5, r6, lr}
10002884:	781d      	ldrb	r5, [r3, #0]
10002886:	2d01      	cmp	r5, #1
10002888:	d019      	beq.n	100028be <__aeabi_double_init+0x3e>
1000288a:	dd14      	ble.n	100028b6 <__aeabi_double_init+0x36>
1000288c:	481f      	ldr	r0, [pc, #124]	@ (1000290c <__aeabi_double_init+0x8c>)
1000288e:	f7ff fb43 	bl	10001f18 <rom_data_lookup>
10002892:	0006      	movs	r6, r0
10002894:	481e      	ldr	r0, [pc, #120]	@ (10002910 <__aeabi_double_init+0x90>)
10002896:	f7ff fb3f 	bl	10001f18 <rom_data_lookup>
1000289a:	4c1e      	ldr	r4, [pc, #120]	@ (10002914 <__aeabi_double_init+0x94>)
1000289c:	2280      	movs	r2, #128	@ 0x80
1000289e:	0031      	movs	r1, r6
100028a0:	0020      	movs	r0, r4
100028a2:	f000 fb5f 	bl	10002f64 <__wrap___aeabi_memcpy>
100028a6:	2d02      	cmp	r5, #2
100028a8:	d02d      	beq.n	10002906 <__aeabi_double_init+0x86>
100028aa:	481b      	ldr	r0, [pc, #108]	@ (10002918 <__aeabi_double_init+0x98>)
100028ac:	f7ff fb2c 	bl	10001f08 <rom_func_lookup>
100028b0:	4b1a      	ldr	r3, [pc, #104]	@ (1000291c <__aeabi_double_init+0x9c>)
100028b2:	6018      	str	r0, [r3, #0]
100028b4:	bd70      	pop	{r4, r5, r6, pc}
100028b6:	4b1a      	ldr	r3, [pc, #104]	@ (10002920 <__aeabi_double_init+0xa0>)
100028b8:	4c16      	ldr	r4, [pc, #88]	@ (10002914 <__aeabi_double_init+0x94>)
100028ba:	64a3      	str	r3, [r4, #72]	@ 0x48
100028bc:	e7f5      	b.n	100028aa <__aeabi_double_init+0x2a>
100028be:	4b18      	ldr	r3, [pc, #96]	@ (10002920 <__aeabi_double_init+0xa0>)
100028c0:	4c14      	ldr	r4, [pc, #80]	@ (10002914 <__aeabi_double_init+0x94>)
100028c2:	6023      	str	r3, [r4, #0]
100028c4:	6063      	str	r3, [r4, #4]
100028c6:	60a3      	str	r3, [r4, #8]
100028c8:	60e3      	str	r3, [r4, #12]
100028ca:	6123      	str	r3, [r4, #16]
100028cc:	6163      	str	r3, [r4, #20]
100028ce:	61a3      	str	r3, [r4, #24]
100028d0:	61e3      	str	r3, [r4, #28]
100028d2:	6223      	str	r3, [r4, #32]
100028d4:	6263      	str	r3, [r4, #36]	@ 0x24
100028d6:	62a3      	str	r3, [r4, #40]	@ 0x28
100028d8:	62e3      	str	r3, [r4, #44]	@ 0x2c
100028da:	6323      	str	r3, [r4, #48]	@ 0x30
100028dc:	6363      	str	r3, [r4, #52]	@ 0x34
100028de:	63a3      	str	r3, [r4, #56]	@ 0x38
100028e0:	63e3      	str	r3, [r4, #60]	@ 0x3c
100028e2:	6423      	str	r3, [r4, #64]	@ 0x40
100028e4:	6463      	str	r3, [r4, #68]	@ 0x44
100028e6:	64a3      	str	r3, [r4, #72]	@ 0x48
100028e8:	64e3      	str	r3, [r4, #76]	@ 0x4c
100028ea:	6523      	str	r3, [r4, #80]	@ 0x50
100028ec:	6563      	str	r3, [r4, #84]	@ 0x54
100028ee:	65a3      	str	r3, [r4, #88]	@ 0x58
100028f0:	65e3      	str	r3, [r4, #92]	@ 0x5c
100028f2:	6623      	str	r3, [r4, #96]	@ 0x60
100028f4:	6663      	str	r3, [r4, #100]	@ 0x64
100028f6:	66a3      	str	r3, [r4, #104]	@ 0x68
100028f8:	66e3      	str	r3, [r4, #108]	@ 0x6c
100028fa:	6723      	str	r3, [r4, #112]	@ 0x70
100028fc:	6763      	str	r3, [r4, #116]	@ 0x74
100028fe:	67a3      	str	r3, [r4, #120]	@ 0x78
10002900:	67e3      	str	r3, [r4, #124]	@ 0x7c
10002902:	64a3      	str	r3, [r4, #72]	@ 0x48
10002904:	e7d1      	b.n	100028aa <__aeabi_double_init+0x2a>
10002906:	4b06      	ldr	r3, [pc, #24]	@ (10002920 <__aeabi_double_init+0xa0>)
10002908:	64a3      	str	r3, [r4, #72]	@ 0x48
1000290a:	e7ce      	b.n	100028aa <__aeabi_double_init+0x2a>
1000290c:	00004453 	.word	0x00004453
10002910:	00004653 	.word	0x00004653
10002914:	20000810 	.word	0x20000810
10002918:	0000334c 	.word	0x0000334c
1000291c:	20001368 	.word	0x20001368
10002920:	10002925 	.word	0x10002925

10002924 <double_table_shim_on_use_helper>:
10002924:	b507      	push	{r0, r1, r2, lr}
10002926:	4660      	mov	r0, ip
10002928:	8801      	ldrh	r1, [r0, #0]
1000292a:	0a0a      	lsrs	r2, r1, #8
1000292c:	3002      	adds	r0, #2
1000292e:	2adf      	cmp	r2, #223	@ 0xdf
10002930:	d1fa      	bne.n	10002928 <double_table_shim_on_use_helper+0x4>
10002932:	b2c9      	uxtb	r1, r1
10002934:	0882      	lsrs	r2, r0, #2
10002936:	d304      	bcc.n	10002942 <double_table_shim_on_use_helper+0x1e>
10002938:	8802      	ldrh	r2, [r0, #0]
1000293a:	8840      	ldrh	r0, [r0, #2]
1000293c:	0400      	lsls	r0, r0, #16
1000293e:	4310      	orrs	r0, r2
10002940:	e000      	b.n	10002944 <double_table_shim_on_use_helper+0x20>
10002942:	6800      	ldr	r0, [r0, #0]
10002944:	4a01      	ldr	r2, [pc, #4]	@ (1000294c <double_table_shim_on_use_helper+0x28>)
10002946:	5050      	str	r0, [r2, r1]
10002948:	9003      	str	r0, [sp, #12]
1000294a:	bd07      	pop	{r0, r1, r2, pc}
1000294c:	20000810 	.word	0x20000810

10002950 <drsub_shim>:
10002950:	b40f      	push	{r0, r1, r2, r3}
10002952:	bc03      	pop	{r0, r1}
10002954:	bc0c      	pop	{r2, r3}

10002956 <dsub_shim>:
10002956:	b5f0      	push	{r4, r5, r6, r7, lr}
10002958:	2401      	movs	r4, #1
1000295a:	07e4      	lsls	r4, r4, #31
1000295c:	4063      	eors	r3, r4
1000295e:	e000      	b.n	10002962 <da_entry>

10002960 <dadd_shim>:
10002960:	b5f0      	push	{r4, r5, r6, r7, lr}

10002962 <da_entry>:
10002962:	0d0c      	lsrs	r4, r1, #20
10002964:	0fcf      	lsrs	r7, r1, #31
10002966:	1e66      	subs	r6, r4, #1
10002968:	0536      	lsls	r6, r6, #20
1000296a:	1b89      	subs	r1, r1, r6
1000296c:	0564      	lsls	r4, r4, #21
1000296e:	d303      	bcc.n	10002978 <l8_1>
10002970:	43c9      	mvns	r1, r1
10002972:	4240      	negs	r0, r0
10002974:	d300      	bcc.n	10002978 <l8_1>
10002976:	3101      	adds	r1, #1

10002978 <l8_1>:
10002978:	0d64      	lsrs	r4, r4, #21
1000297a:	d003      	beq.n	10002984 <l8_2>
1000297c:	1c66      	adds	r6, r4, #1
1000297e:	0af6      	lsrs	r6, r6, #11
10002980:	d007      	beq.n	10002992 <l8_3>
10002982:	1be4      	subs	r4, r4, r7

10002984 <l8_2>:
10002984:	2000      	movs	r0, #0
10002986:	007f      	lsls	r7, r7, #1
10002988:	1c79      	adds	r1, r7, #1
1000298a:	0789      	lsls	r1, r1, #30
1000298c:	1289      	asrs	r1, r1, #10
1000298e:	3c80      	subs	r4, #128	@ 0x80
10002990:	0324      	lsls	r4, r4, #12

10002992 <l8_3>:
10002992:	0d1d      	lsrs	r5, r3, #20
10002994:	0fdf      	lsrs	r7, r3, #31
10002996:	1e6e      	subs	r6, r5, #1
10002998:	0536      	lsls	r6, r6, #20
1000299a:	1b9b      	subs	r3, r3, r6
1000299c:	056d      	lsls	r5, r5, #21
1000299e:	d303      	bcc.n	100029a8 <l9_1>
100029a0:	43db      	mvns	r3, r3
100029a2:	4252      	negs	r2, r2
100029a4:	d300      	bcc.n	100029a8 <l9_1>
100029a6:	3301      	adds	r3, #1

100029a8 <l9_1>:
100029a8:	0d6d      	lsrs	r5, r5, #21
100029aa:	d003      	beq.n	100029b4 <l9_2>
100029ac:	1c6e      	adds	r6, r5, #1
100029ae:	0af6      	lsrs	r6, r6, #11
100029b0:	d007      	beq.n	100029c2 <l9_3>
100029b2:	1bed      	subs	r5, r5, r7

100029b4 <l9_2>:
100029b4:	2200      	movs	r2, #0
100029b6:	007f      	lsls	r7, r7, #1
100029b8:	1c7b      	adds	r3, r7, #1
100029ba:	079b      	lsls	r3, r3, #30
100029bc:	129b      	asrs	r3, r3, #10
100029be:	3d80      	subs	r5, #128	@ 0x80
100029c0:	032d      	lsls	r5, r5, #12

100029c2 <l9_3>:
100029c2:	1b2f      	subs	r7, r5, r4
100029c4:	1b66      	subs	r6, r4, r5
100029c6:	d458      	bmi.n	10002a7a <da_ygtx>
100029c8:	46a4      	mov	ip, r4
100029ca:	2e20      	cmp	r6, #32
100029cc:	da46      	bge.n	10002a5c <da_xrgty>
100029ce:	3720      	adds	r7, #32
100029d0:	0014      	movs	r4, r2
100029d2:	40bc      	lsls	r4, r7

100029d4 <da_xgty0>:
100029d4:	001d      	movs	r5, r3
100029d6:	40bd      	lsls	r5, r7
100029d8:	40f2      	lsrs	r2, r6
100029da:	4133      	asrs	r3, r6
100029dc:	432a      	orrs	r2, r5

100029de <da_add>:
100029de:	1880      	adds	r0, r0, r2
100029e0:	4159      	adcs	r1, r3

100029e2 <da_pack>:
100029e2:	0fcb      	lsrs	r3, r1, #31
100029e4:	d005      	beq.n	100029f2 <da_pack+0x10>
100029e6:	43c9      	mvns	r1, r1
100029e8:	43c0      	mvns	r0, r0
100029ea:	2200      	movs	r2, #0
100029ec:	4264      	negs	r4, r4
100029ee:	4150      	adcs	r0, r2
100029f0:	4151      	adcs	r1, r2
100029f2:	4662      	mov	r2, ip
100029f4:	0d4d      	lsrs	r5, r1, #21
100029f6:	d128      	bne.n	10002a4a <da_0>
100029f8:	0d0d      	lsrs	r5, r1, #20
100029fa:	d107      	bne.n	10002a0c <da_1>
100029fc:	2800      	cmp	r0, #0
100029fe:	d01f      	beq.n	10002a40 <da_5>

10002a00 <da_2>:
10002a00:	1924      	adds	r4, r4, r4
10002a02:	4140      	adcs	r0, r0
10002a04:	4149      	adcs	r1, r1
10002a06:	3a01      	subs	r2, #1
10002a08:	0d0d      	lsrs	r5, r1, #20
10002a0a:	d0f9      	beq.n	10002a00 <da_2>

10002a0c <da_1>:
10002a0c:	0064      	lsls	r4, r4, #1
10002a0e:	d306      	bcc.n	10002a1e <da_3>

10002a10 <da_4>:
10002a10:	3001      	adds	r0, #1
10002a12:	d300      	bcc.n	10002a16 <da_4+0x6>
10002a14:	3101      	adds	r1, #1
10002a16:	2c00      	cmp	r4, #0
10002a18:	d101      	bne.n	10002a1e <da_3>
10002a1a:	0840      	lsrs	r0, r0, #1
10002a1c:	0040      	lsls	r0, r0, #1

10002a1e <da_3>:
10002a1e:	3a01      	subs	r2, #1
10002a20:	d40b      	bmi.n	10002a3a <da_6>
10002a22:	1c94      	adds	r4, r2, #2
10002a24:	0ae4      	lsrs	r4, r4, #11
10002a26:	d104      	bne.n	10002a32 <da_7>
10002a28:	0512      	lsls	r2, r2, #20
10002a2a:	4411      	add	r1, r2
10002a2c:	07db      	lsls	r3, r3, #31
10002a2e:	4419      	add	r1, r3
10002a30:	bdf0      	pop	{r4, r5, r6, r7, pc}

10002a32 <da_7>:
10002a32:	07d9      	lsls	r1, r3, #31
10002a34:	4b20      	ldr	r3, [pc, #128]	@ (10002ab8 <da_xmgty+0x4>)
10002a36:	4319      	orrs	r1, r3
10002a38:	e000      	b.n	10002a3c <da_6+0x2>

10002a3a <da_6>:
10002a3a:	07d9      	lsls	r1, r3, #31
10002a3c:	2000      	movs	r0, #0
10002a3e:	bdf0      	pop	{r4, r5, r6, r7, pc}

10002a40 <da_5>:
10002a40:	2900      	cmp	r1, #0
10002a42:	d1dd      	bne.n	10002a00 <da_2>
10002a44:	2c00      	cmp	r4, #0
10002a46:	d1db      	bne.n	10002a00 <da_2>
10002a48:	bdf0      	pop	{r4, r5, r6, r7, pc}

10002a4a <da_0>:
10002a4a:	3201      	adds	r2, #1
10002a4c:	07c6      	lsls	r6, r0, #31
10002a4e:	0840      	lsrs	r0, r0, #1
10002a50:	07cd      	lsls	r5, r1, #31
10002a52:	4328      	orrs	r0, r5
10002a54:	0849      	lsrs	r1, r1, #1
10002a56:	2e00      	cmp	r6, #0
10002a58:	d0e1      	beq.n	10002a1e <da_3>
10002a5a:	e7d9      	b.n	10002a10 <da_4>

10002a5c <da_xrgty>:
10002a5c:	2e3c      	cmp	r6, #60	@ 0x3c
10002a5e:	da29      	bge.n	10002ab4 <da_xmgty>
10002a60:	3e20      	subs	r6, #32
10002a62:	3740      	adds	r7, #64	@ 0x40
10002a64:	0014      	movs	r4, r2
10002a66:	40bc      	lsls	r4, r7
10002a68:	d000      	beq.n	10002a6c <da_xrgty+0x10>
10002a6a:	2401      	movs	r4, #1
10002a6c:	40f2      	lsrs	r2, r6
10002a6e:	4314      	orrs	r4, r2
10002a70:	001a      	movs	r2, r3
10002a72:	40bb      	lsls	r3, r7
10002a74:	431c      	orrs	r4, r3
10002a76:	17d3      	asrs	r3, r2, #31
10002a78:	e7ac      	b.n	100029d4 <da_xgty0>

10002a7a <da_ygtx>:
10002a7a:	46ac      	mov	ip, r5
10002a7c:	2f20      	cmp	r7, #32
10002a7e:	da08      	bge.n	10002a92 <da_yrgtx>
10002a80:	3620      	adds	r6, #32
10002a82:	0004      	movs	r4, r0
10002a84:	40b4      	lsls	r4, r6

10002a86 <da_ygtx0>:
10002a86:	000d      	movs	r5, r1
10002a88:	40b5      	lsls	r5, r6
10002a8a:	40f8      	lsrs	r0, r7
10002a8c:	4139      	asrs	r1, r7
10002a8e:	4328      	orrs	r0, r5
10002a90:	e7a5      	b.n	100029de <da_add>

10002a92 <da_yrgtx>:
10002a92:	2f3c      	cmp	r7, #60	@ 0x3c
10002a94:	da0c      	bge.n	10002ab0 <da_ymgtx>
10002a96:	3f20      	subs	r7, #32
10002a98:	3640      	adds	r6, #64	@ 0x40
10002a9a:	0004      	movs	r4, r0
10002a9c:	40b4      	lsls	r4, r6
10002a9e:	d000      	beq.n	10002aa2 <da_yrgtx+0x10>
10002aa0:	2401      	movs	r4, #1
10002aa2:	40f8      	lsrs	r0, r7
10002aa4:	4304      	orrs	r4, r0
10002aa6:	0008      	movs	r0, r1
10002aa8:	40b1      	lsls	r1, r6
10002aaa:	430c      	orrs	r4, r1
10002aac:	17c1      	asrs	r1, r0, #31
10002aae:	e7ea      	b.n	10002a86 <da_ygtx0>

10002ab0 <da_ymgtx>:
10002ab0:	0010      	movs	r0, r2
10002ab2:	0019      	movs	r1, r3

10002ab4 <da_xmgty>:
10002ab4:	2400      	movs	r4, #0
10002ab6:	e794      	b.n	100029e2 <da_pack>
10002ab8:	7ff00000 	.word	0x7ff00000

10002abc <dmul_shim>:
10002abc:	b5f0      	push	{r4, r5, r6, r7, lr}
10002abe:	0d0c      	lsrs	r4, r1, #20
10002ac0:	1e66      	subs	r6, r4, #1
10002ac2:	0536      	lsls	r6, r6, #20
10002ac4:	1b89      	subs	r1, r1, r6
10002ac6:	0ae6      	lsrs	r6, r4, #11
10002ac8:	0564      	lsls	r4, r4, #21
10002aca:	0d64      	lsrs	r4, r4, #21
10002acc:	d002      	beq.n	10002ad4 <l12_1>
10002ace:	1c65      	adds	r5, r4, #1
10002ad0:	0aed      	lsrs	r5, r5, #11
10002ad2:	d004      	beq.n	10002ade <l12_2>

10002ad4 <l12_1>:
10002ad4:	2000      	movs	r0, #0
10002ad6:	2101      	movs	r1, #1
10002ad8:	0509      	lsls	r1, r1, #20
10002ada:	3c80      	subs	r4, #128	@ 0x80
10002adc:	0324      	lsls	r4, r4, #12

10002ade <l12_2>:
10002ade:	46a4      	mov	ip, r4
10002ae0:	0d1c      	lsrs	r4, r3, #20
10002ae2:	1e67      	subs	r7, r4, #1
10002ae4:	053f      	lsls	r7, r7, #20
10002ae6:	1bdb      	subs	r3, r3, r7
10002ae8:	0ae7      	lsrs	r7, r4, #11
10002aea:	0564      	lsls	r4, r4, #21
10002aec:	0d64      	lsrs	r4, r4, #21
10002aee:	d002      	beq.n	10002af6 <l13_1>
10002af0:	1c65      	adds	r5, r4, #1
10002af2:	0aed      	lsrs	r5, r5, #11
10002af4:	d004      	beq.n	10002b00 <l13_2>

10002af6 <l13_1>:
10002af6:	2200      	movs	r2, #0
10002af8:	2301      	movs	r3, #1
10002afa:	051b      	lsls	r3, r3, #20
10002afc:	3c80      	subs	r4, #128	@ 0x80
10002afe:	0324      	lsls	r4, r4, #12

10002b00 <l13_2>:
10002b00:	4077      	eors	r7, r6
10002b02:	4464      	add	r4, ip
10002b04:	b497      	push	{r0, r1, r2, r4, r7}
10002b06:	b284      	uxth	r4, r0
10002b08:	b296      	uxth	r6, r2
10002b0a:	4374      	muls	r4, r6
10002b0c:	0c07      	lsrs	r7, r0, #16
10002b0e:	437e      	muls	r6, r7
10002b10:	0c15      	lsrs	r5, r2, #16
10002b12:	436f      	muls	r7, r5
10002b14:	b280      	uxth	r0, r0
10002b16:	4368      	muls	r0, r5
10002b18:	1836      	adds	r6, r6, r0
10002b1a:	d302      	bcc.n	10002b22 <l14_1>
10002b1c:	2001      	movs	r0, #1
10002b1e:	0400      	lsls	r0, r0, #16
10002b20:	183f      	adds	r7, r7, r0

10002b22 <l14_1>:
10002b22:	0430      	lsls	r0, r6, #16
10002b24:	0c35      	lsrs	r5, r6, #16
10002b26:	1900      	adds	r0, r0, r4
10002b28:	417d      	adcs	r5, r7
10002b2a:	4684      	mov	ip, r0
10002b2c:	b288      	uxth	r0, r1
10002b2e:	b29a      	uxth	r2, r3
10002b30:	4350      	muls	r0, r2
10002b32:	0c0c      	lsrs	r4, r1, #16
10002b34:	4362      	muls	r2, r4
10002b36:	0c1f      	lsrs	r7, r3, #16
10002b38:	437c      	muls	r4, r7
10002b3a:	b28e      	uxth	r6, r1
10002b3c:	437e      	muls	r6, r7
10002b3e:	1992      	adds	r2, r2, r6
10002b40:	d302      	bcc.n	10002b48 <l15_1>
10002b42:	2601      	movs	r6, #1
10002b44:	0436      	lsls	r6, r6, #16
10002b46:	19a4      	adds	r4, r4, r6

10002b48 <l15_1>:
10002b48:	0416      	lsls	r6, r2, #16
10002b4a:	0c17      	lsrs	r7, r2, #16
10002b4c:	1836      	adds	r6, r6, r0
10002b4e:	4167      	adcs	r7, r4
10002b50:	bc01      	pop	{r0}
10002b52:	b281      	uxth	r1, r0
10002b54:	b29a      	uxth	r2, r3
10002b56:	4351      	muls	r1, r2
10002b58:	0c04      	lsrs	r4, r0, #16
10002b5a:	4362      	muls	r2, r4
10002b5c:	0c1b      	lsrs	r3, r3, #16
10002b5e:	435c      	muls	r4, r3
10002b60:	b280      	uxth	r0, r0
10002b62:	4358      	muls	r0, r3
10002b64:	1812      	adds	r2, r2, r0
10002b66:	d302      	bcc.n	10002b6e <l16_1>
10002b68:	2001      	movs	r0, #1
10002b6a:	0400      	lsls	r0, r0, #16
10002b6c:	1824      	adds	r4, r4, r0

10002b6e <l16_1>:
10002b6e:	0410      	lsls	r0, r2, #16
10002b70:	0c13      	lsrs	r3, r2, #16
10002b72:	1840      	adds	r0, r0, r1
10002b74:	4163      	adcs	r3, r4
10002b76:	182d      	adds	r5, r5, r0
10002b78:	415e      	adcs	r6, r3
10002b7a:	2000      	movs	r0, #0
10002b7c:	4147      	adcs	r7, r0
10002b7e:	bc06      	pop	{r1, r2}
10002b80:	b288      	uxth	r0, r1
10002b82:	b293      	uxth	r3, r2
10002b84:	4358      	muls	r0, r3
10002b86:	0c0c      	lsrs	r4, r1, #16
10002b88:	4363      	muls	r3, r4
10002b8a:	0c12      	lsrs	r2, r2, #16
10002b8c:	4354      	muls	r4, r2
10002b8e:	b289      	uxth	r1, r1
10002b90:	4351      	muls	r1, r2
10002b92:	185b      	adds	r3, r3, r1
10002b94:	d302      	bcc.n	10002b9c <l17_1>
10002b96:	2101      	movs	r1, #1
10002b98:	0409      	lsls	r1, r1, #16
10002b9a:	1864      	adds	r4, r4, r1

10002b9c <l17_1>:
10002b9c:	0419      	lsls	r1, r3, #16
10002b9e:	0c1a      	lsrs	r2, r3, #16
10002ba0:	1809      	adds	r1, r1, r0
10002ba2:	4162      	adcs	r2, r4
10002ba4:	186d      	adds	r5, r5, r1
10002ba6:	4156      	adcs	r6, r2
10002ba8:	2000      	movs	r0, #0
10002baa:	4147      	adcs	r7, r0
10002bac:	bc18      	pop	{r3, r4}
10002bae:	02f9      	lsls	r1, r7, #11
10002bb0:	0d72      	lsrs	r2, r6, #21
10002bb2:	4311      	orrs	r1, r2
10002bb4:	02f0      	lsls	r0, r6, #11
10002bb6:	0d6a      	lsrs	r2, r5, #21
10002bb8:	4310      	orrs	r0, r2
10002bba:	02ed      	lsls	r5, r5, #11
10002bbc:	0d0a      	lsrs	r2, r1, #20
10002bbe:	d103      	bne.n	10002bc8 <l17_1+0x2c>
10002bc0:	196d      	adds	r5, r5, r5
10002bc2:	4140      	adcs	r0, r0
10002bc4:	4149      	adcs	r1, r1
10002bc6:	3b01      	subs	r3, #1
10002bc8:	4e12      	ldr	r6, [pc, #72]	@ (10002c14 <dm_1+0xa>)
10002bca:	1b9b      	subs	r3, r3, r6
10002bcc:	0076      	lsls	r6, r6, #1
10002bce:	42b3      	cmp	r3, r6
10002bd0:	d20e      	bcs.n	10002bf0 <dm_0>
10002bd2:	006d      	lsls	r5, r5, #1
10002bd4:	d307      	bcc.n	10002be6 <l17_1+0x4a>
10002bd6:	3001      	adds	r0, #1
10002bd8:	2600      	movs	r6, #0
10002bda:	4171      	adcs	r1, r6
10002bdc:	4666      	mov	r6, ip
10002bde:	4335      	orrs	r5, r6
10002be0:	d101      	bne.n	10002be6 <l17_1+0x4a>
10002be2:	0840      	lsrs	r0, r0, #1
10002be4:	0040      	lsls	r0, r0, #1
10002be6:	051b      	lsls	r3, r3, #20
10002be8:	18c9      	adds	r1, r1, r3

10002bea <dm_2>:
10002bea:	07e4      	lsls	r4, r4, #31
10002bec:	4421      	add	r1, r4
10002bee:	bdf0      	pop	{r4, r5, r6, r7, pc}

10002bf0 <dm_0>:
10002bf0:	da0b      	bge.n	10002c0a <dm_1>
10002bf2:	3301      	adds	r3, #1
10002bf4:	d106      	bne.n	10002c04 <dm_0+0x14>
10002bf6:	3001      	adds	r0, #1
10002bf8:	d104      	bne.n	10002c04 <dm_0+0x14>
10002bfa:	3101      	adds	r1, #1
10002bfc:	0d4f      	lsrs	r7, r1, #21
10002bfe:	d001      	beq.n	10002c04 <dm_0+0x14>
10002c00:	0849      	lsrs	r1, r1, #1
10002c02:	e7f2      	b.n	10002bea <dm_2>
10002c04:	07e1      	lsls	r1, r4, #31
10002c06:	2000      	movs	r0, #0
10002c08:	bdf0      	pop	{r4, r5, r6, r7, pc}

10002c0a <dm_1>:
10002c0a:	3601      	adds	r6, #1
10002c0c:	0531      	lsls	r1, r6, #20
10002c0e:	2000      	movs	r0, #0
10002c10:	e7eb      	b.n	10002bea <dm_2>
10002c12:	0000      	.short	0x0000
10002c14:	000003ff 	.word	0x000003ff

10002c18 <ddiv_shim>:
10002c18:	b5f0      	push	{r4, r5, r6, r7, lr}

10002c1a <ddiv0>:
10002c1a:	0d1c      	lsrs	r4, r3, #20
10002c1c:	1e67      	subs	r7, r4, #1
10002c1e:	053f      	lsls	r7, r7, #20
10002c20:	1bdb      	subs	r3, r3, r7
10002c22:	0ae7      	lsrs	r7, r4, #11
10002c24:	0564      	lsls	r4, r4, #21
10002c26:	0d64      	lsrs	r4, r4, #21
10002c28:	d002      	beq.n	10002c30 <l20_1>
10002c2a:	1c66      	adds	r6, r4, #1
10002c2c:	0af6      	lsrs	r6, r6, #11
10002c2e:	d004      	beq.n	10002c3a <l20_2>

10002c30 <l20_1>:
10002c30:	2200      	movs	r2, #0
10002c32:	2301      	movs	r3, #1
10002c34:	051b      	lsls	r3, r3, #20
10002c36:	3c80      	subs	r4, #128	@ 0x80
10002c38:	0324      	lsls	r4, r4, #12

10002c3a <l20_2>:
10002c3a:	25d0      	movs	r5, #208	@ 0xd0
10002c3c:	062d      	lsls	r5, r5, #24
10002c3e:	2600      	movs	r6, #0
10002c40:	43f6      	mvns	r6, r6
10002c42:	662e      	str	r6, [r5, #96]	@ 0x60
10002c44:	091e      	lsrs	r6, r3, #4
10002c46:	666e      	str	r6, [r5, #100]	@ 0x64
10002c48:	0fce      	lsrs	r6, r1, #31
10002c4a:	19f6      	adds	r6, r6, r7
10002c4c:	46b4      	mov	ip, r6
10002c4e:	0049      	lsls	r1, r1, #1
10002c50:	0d4f      	lsrs	r7, r1, #21
10002c52:	d002      	beq.n	10002c5a <l20_2+0x20>
10002c54:	1c7e      	adds	r6, r7, #1
10002c56:	0af6      	lsrs	r6, r6, #11
10002c58:	d003      	beq.n	10002c62 <l20_2+0x28>
10002c5a:	2000      	movs	r0, #0
10002c5c:	2100      	movs	r1, #0
10002c5e:	3f40      	subs	r7, #64	@ 0x40
10002c60:	033f      	lsls	r7, r7, #12
10002c62:	1b3e      	subs	r6, r7, r4
10002c64:	00b6      	lsls	r6, r6, #2
10002c66:	44b4      	add	ip, r6
10002c68:	3f01      	subs	r7, #1
10002c6a:	057f      	lsls	r7, r7, #21
10002c6c:	1bc9      	subs	r1, r1, r7
10002c6e:	0849      	lsrs	r1, r1, #1
10002c70:	6f2e      	ldr	r6, [r5, #112]	@ 0x70
10002c72:	3601      	adds	r6, #1
10002c74:	0876      	lsrs	r6, r6, #1
10002c76:	029c      	lsls	r4, r3, #10
10002c78:	0d95      	lsrs	r5, r2, #22
10002c7a:	4325      	orrs	r5, r4
10002c7c:	4375      	muls	r5, r6
10002c7e:	13ed      	asrs	r5, r5, #15
10002c80:	4375      	muls	r5, r6
10002c82:	13ad      	asrs	r5, r5, #14
10002c84:	3501      	adds	r5, #1
10002c86:	106d      	asrs	r5, r5, #1
10002c88:	03f6      	lsls	r6, r6, #15
10002c8a:	1b76      	subs	r6, r6, r5
10002c8c:	b40c      	push	{r2, r3}
10002c8e:	02cc      	lsls	r4, r1, #11
10002c90:	0d45      	lsrs	r5, r0, #21
10002c92:	432c      	orrs	r4, r5
10002c94:	b2a2      	uxth	r2, r4
10002c96:	b2b3      	uxth	r3, r6
10002c98:	435a      	muls	r2, r3
10002c9a:	0c27      	lsrs	r7, r4, #16
10002c9c:	437b      	muls	r3, r7
10002c9e:	0c35      	lsrs	r5, r6, #16
10002ca0:	436f      	muls	r7, r5
10002ca2:	b2a4      	uxth	r4, r4
10002ca4:	436c      	muls	r4, r5
10002ca6:	191b      	adds	r3, r3, r4
10002ca8:	d302      	bcc.n	10002cb0 <l21_1>
10002caa:	2401      	movs	r4, #1
10002cac:	0424      	lsls	r4, r4, #16
10002cae:	193f      	adds	r7, r7, r4

10002cb0 <l21_1>:
10002cb0:	041c      	lsls	r4, r3, #16
10002cb2:	0c1d      	lsrs	r5, r3, #16
10002cb4:	18a4      	adds	r4, r4, r2
10002cb6:	417d      	adcs	r5, r7
10002cb8:	1924      	adds	r4, r4, r4
10002cba:	416d      	adcs	r5, r5
10002cbc:	9a00      	ldr	r2, [sp, #0]
10002cbe:	b291      	uxth	r1, r2
10002cc0:	b2ac      	uxth	r4, r5
10002cc2:	4361      	muls	r1, r4
10002cc4:	0c17      	lsrs	r7, r2, #16
10002cc6:	437c      	muls	r4, r7
10002cc8:	0c2b      	lsrs	r3, r5, #16
10002cca:	435f      	muls	r7, r3
10002ccc:	b292      	uxth	r2, r2
10002cce:	435a      	muls	r2, r3
10002cd0:	18a4      	adds	r4, r4, r2
10002cd2:	d302      	bcc.n	10002cda <l22_1>
10002cd4:	2201      	movs	r2, #1
10002cd6:	0412      	lsls	r2, r2, #16
10002cd8:	18bf      	adds	r7, r7, r2

10002cda <l22_1>:
10002cda:	0422      	lsls	r2, r4, #16
10002cdc:	0c23      	lsrs	r3, r4, #16
10002cde:	1852      	adds	r2, r2, r1
10002ce0:	417b      	adcs	r3, r7
10002ce2:	9c01      	ldr	r4, [sp, #4]
10002ce4:	436c      	muls	r4, r5
10002ce6:	191b      	adds	r3, r3, r4
10002ce8:	0e52      	lsrs	r2, r2, #25
10002cea:	01d9      	lsls	r1, r3, #7
10002cec:	430a      	orrs	r2, r1
10002cee:	0144      	lsls	r4, r0, #5
10002cf0:	1aa0      	subs	r0, r4, r2
10002cf2:	b281      	uxth	r1, r0
10002cf4:	b2b2      	uxth	r2, r6
10002cf6:	4351      	muls	r1, r2
10002cf8:	1403      	asrs	r3, r0, #16
10002cfa:	435a      	muls	r2, r3
10002cfc:	0c36      	lsrs	r6, r6, #16
10002cfe:	4373      	muls	r3, r6
10002d00:	b287      	uxth	r7, r0
10002d02:	4377      	muls	r7, r6
10002d04:	17d6      	asrs	r6, r2, #31
10002d06:	19d2      	adds	r2, r2, r7
10002d08:	2700      	movs	r7, #0
10002d0a:	417e      	adcs	r6, r7
10002d0c:	0436      	lsls	r6, r6, #16
10002d0e:	199b      	adds	r3, r3, r6
10002d10:	0417      	lsls	r7, r2, #16
10002d12:	0c16      	lsrs	r6, r2, #16
10002d14:	187f      	adds	r7, r7, r1
10002d16:	415e      	adcs	r6, r3
10002d18:	1673      	asrs	r3, r6, #25
10002d1a:	18ed      	adds	r5, r5, r3
10002d1c:	01f3      	lsls	r3, r6, #7
10002d1e:	2600      	movs	r6, #0
10002d20:	3380      	adds	r3, #128	@ 0x80
10002d22:	4175      	adcs	r5, r6
10002d24:	0fa9      	lsrs	r1, r5, #30
10002d26:	d106      	bne.n	10002d36 <dd_0>
10002d28:	0064      	lsls	r4, r4, #1
10002d2a:	0a69      	lsrs	r1, r5, #9
10002d2c:	05e8      	lsls	r0, r5, #23
10002d2e:	0a5b      	lsrs	r3, r3, #9
10002d30:	4318      	orrs	r0, r3
10002d32:	d209      	bcs.n	10002d48 <dd_1>
10002d34:	e02f      	b.n	10002d96 <dd_2>

10002d36 <dd_0>:
10002d36:	2204      	movs	r2, #4
10002d38:	4494      	add	ip, r2
10002d3a:	3380      	adds	r3, #128	@ 0x80
10002d3c:	4175      	adcs	r5, r6
10002d3e:	0aa9      	lsrs	r1, r5, #10
10002d40:	05a8      	lsls	r0, r5, #22
10002d42:	0a9b      	lsrs	r3, r3, #10
10002d44:	4318      	orrs	r0, r3
10002d46:	d326      	bcc.n	10002d96 <dd_2>

10002d48 <dd_1>:
10002d48:	4140      	adcs	r0, r0
10002d4a:	4149      	adcs	r1, r1
10002d4c:	0424      	lsls	r4, r4, #16
10002d4e:	9a00      	ldr	r2, [sp, #0]
10002d50:	9b01      	ldr	r3, [sp, #4]
10002d52:	000d      	movs	r5, r1
10002d54:	4355      	muls	r5, r2
10002d56:	1b64      	subs	r4, r4, r5
10002d58:	4343      	muls	r3, r0
10002d5a:	1ae4      	subs	r4, r4, r3
10002d5c:	b295      	uxth	r5, r2
10002d5e:	b286      	uxth	r6, r0
10002d60:	4375      	muls	r5, r6
10002d62:	0c17      	lsrs	r7, r2, #16
10002d64:	437e      	muls	r6, r7
10002d66:	0c03      	lsrs	r3, r0, #16
10002d68:	435f      	muls	r7, r3
10002d6a:	b292      	uxth	r2, r2
10002d6c:	435a      	muls	r2, r3
10002d6e:	18b6      	adds	r6, r6, r2
10002d70:	d302      	bcc.n	10002d78 <l24_1>
10002d72:	2201      	movs	r2, #1
10002d74:	0412      	lsls	r2, r2, #16
10002d76:	18bf      	adds	r7, r7, r2

10002d78 <l24_1>:
10002d78:	0432      	lsls	r2, r6, #16
10002d7a:	0c33      	lsrs	r3, r6, #16
10002d7c:	1952      	adds	r2, r2, r5
10002d7e:	417b      	adcs	r3, r7
10002d80:	4252      	negs	r2, r2
10002d82:	419c      	sbcs	r4, r3
10002d84:	2c00      	cmp	r4, #0
10002d86:	d402      	bmi.n	10002d8e <l24_1+0x16>
10002d88:	2200      	movs	r2, #0
10002d8a:	3001      	adds	r0, #1
10002d8c:	4151      	adcs	r1, r2
10002d8e:	0840      	lsrs	r0, r0, #1
10002d90:	07ca      	lsls	r2, r1, #31
10002d92:	4310      	orrs	r0, r2
10002d94:	0849      	lsrs	r1, r1, #1

10002d96 <dd_2>:
10002d96:	b002      	add	sp, #8
10002d98:	4662      	mov	r2, ip
10002d9a:	07d7      	lsls	r7, r2, #31
10002d9c:	1092      	asrs	r2, r2, #2
10002d9e:	4b08      	ldr	r3, [pc, #32]	@ (10002dc0 <dd_4+0x6>)
10002da0:	18d2      	adds	r2, r2, r3
10002da2:	4b08      	ldr	r3, [pc, #32]	@ (10002dc4 <dd_4+0xa>)
10002da4:	429a      	cmp	r2, r3
10002da6:	d203      	bcs.n	10002db0 <dd_3>
10002da8:	0512      	lsls	r2, r2, #20
10002daa:	1889      	adds	r1, r1, r2

10002dac <dd_5>:
10002dac:	19c9      	adds	r1, r1, r7
10002dae:	bdf0      	pop	{r4, r5, r6, r7, pc}

10002db0 <dd_3>:
10002db0:	2000      	movs	r0, #0
10002db2:	2a00      	cmp	r2, #0
10002db4:	dc01      	bgt.n	10002dba <dd_4>
10002db6:	0039      	movs	r1, r7
10002db8:	bdf0      	pop	{r4, r5, r6, r7, pc}

10002dba <dd_4>:
10002dba:	3301      	adds	r3, #1
10002dbc:	0519      	lsls	r1, r3, #20
10002dbe:	e7f5      	b.n	10002dac <dd_5>
10002dc0:	000003fd 	.word	0x000003fd
10002dc4:	000007fe 	.word	0x000007fe

10002dc8 <double2uint_shim>:
10002dc8:	2200      	movs	r2, #0

10002dca <double2ufix_shim>:
10002dca:	b500      	push	{lr}
10002dcc:	3220      	adds	r2, #32
10002dce:	f000 f804 	bl	10002dda <double2ufix64_shim>
10002dd2:	0008      	movs	r0, r1
10002dd4:	bd00      	pop	{pc}
	...

10002dd8 <double2uint64_shim>:
10002dd8:	2200      	movs	r2, #0

10002dda <double2ufix64_shim>:
10002dda:	150b      	asrs	r3, r1, #20
10002ddc:	d40a      	bmi.n	10002df4 <ret_dzero>

10002dde <d2fix>:
10002dde:	b510      	push	{r4, lr}
10002de0:	4694      	mov	ip, r2
10002de2:	f000 f831 	bl	10002e48 <dunpacks>
10002de6:	1414      	asrs	r4, r2, #16
10002de8:	3401      	adds	r4, #1
10002dea:	da00      	bge.n	10002dee <d2fix+0x10>
10002dec:	2100      	movs	r1, #0
10002dee:	17cb      	asrs	r3, r1, #31
10002df0:	4c14      	ldr	r4, [pc, #80]	@ (10002e44 <d2fix_a+0x4a>)
10002df2:	4720      	bx	r4

10002df4 <ret_dzero>:
10002df4:	2000      	movs	r0, #0
10002df6:	2100      	movs	r1, #0
10002df8:	4770      	bx	lr

10002dfa <d2fix_a>:
10002dfa:	4462      	add	r2, ip
10002dfc:	3a34      	subs	r2, #52	@ 0x34
10002dfe:	d40c      	bmi.n	10002e1a <d2fix_a+0x20>
10002e00:	2a0c      	cmp	r2, #12
10002e02:	da07      	bge.n	10002e14 <d2fix_a+0x1a>
10002e04:	0004      	movs	r4, r0
10002e06:	4091      	lsls	r1, r2
10002e08:	4090      	lsls	r0, r2
10002e0a:	4252      	negs	r2, r2
10002e0c:	3220      	adds	r2, #32
10002e0e:	40d4      	lsrs	r4, r2
10002e10:	4321      	orrs	r1, r4
10002e12:	bd10      	pop	{r4, pc}
10002e14:	43d8      	mvns	r0, r3
10002e16:	43d9      	mvns	r1, r3
10002e18:	bd10      	pop	{r4, pc}
10002e1a:	3220      	adds	r2, #32
10002e1c:	d407      	bmi.n	10002e2e <d2fix_a+0x34>
10002e1e:	460c      	mov	r4, r1
10002e20:	4094      	lsls	r4, r2
10002e22:	4252      	negs	r2, r2
10002e24:	3220      	adds	r2, #32
10002e26:	4111      	asrs	r1, r2
10002e28:	40d0      	lsrs	r0, r2
10002e2a:	4320      	orrs	r0, r4
10002e2c:	bd10      	pop	{r4, pc}
10002e2e:	0008      	movs	r0, r1
10002e30:	17c9      	asrs	r1, r1, #31
10002e32:	3220      	adds	r2, #32
10002e34:	d403      	bmi.n	10002e3e <d2fix_a+0x44>
10002e36:	4252      	negs	r2, r2
10002e38:	3220      	adds	r2, #32
10002e3a:	4110      	asrs	r0, r2
10002e3c:	bd10      	pop	{r4, pc}
10002e3e:	0018      	movs	r0, r3
10002e40:	0019      	movs	r1, r3
10002e42:	bd10      	pop	{r4, pc}
10002e44:	10002dfb 	.word	0x10002dfb

10002e48 <dunpacks>:
10002e48:	0d0a      	lsrs	r2, r1, #20
10002e4a:	0fcc      	lsrs	r4, r1, #31
10002e4c:	1e53      	subs	r3, r2, #1
10002e4e:	051b      	lsls	r3, r3, #20
10002e50:	1ac9      	subs	r1, r1, r3
10002e52:	0552      	lsls	r2, r2, #21
10002e54:	d303      	bcc.n	10002e5e <l60_1>
10002e56:	43c9      	mvns	r1, r1
10002e58:	4240      	negs	r0, r0
10002e5a:	d300      	bcc.n	10002e5e <l60_1>
10002e5c:	3101      	adds	r1, #1

10002e5e <l60_1>:
10002e5e:	0d52      	lsrs	r2, r2, #21
10002e60:	d003      	beq.n	10002e6a <l60_2>
10002e62:	1c53      	adds	r3, r2, #1
10002e64:	0adb      	lsrs	r3, r3, #11
10002e66:	d007      	beq.n	10002e78 <l60_3>
10002e68:	1b12      	subs	r2, r2, r4

10002e6a <l60_2>:
10002e6a:	2000      	movs	r0, #0
10002e6c:	0064      	lsls	r4, r4, #1
10002e6e:	1c61      	adds	r1, r4, #1
10002e70:	0789      	lsls	r1, r1, #30
10002e72:	1289      	asrs	r1, r1, #10
10002e74:	3a80      	subs	r2, #128	@ 0x80
10002e76:	0312      	lsls	r2, r2, #12

10002e78 <l60_3>:
10002e78:	4b01      	ldr	r3, [pc, #4]	@ (10002e80 <l60_3+0x8>)
10002e7a:	1ad2      	subs	r2, r2, r3
10002e7c:	4770      	bx	lr
10002e7e:	0000      	.short	0x0000
10002e80:	000003ff 	.word	0x000003ff

10002e84 <__wrap___aeabi_lmul>:
10002e84:	4351      	muls	r1, r2
10002e86:	4343      	muls	r3, r0
10002e88:	18c9      	adds	r1, r1, r3
10002e8a:	468c      	mov	ip, r1
10002e8c:	0c11      	lsrs	r1, r2, #16
10002e8e:	b283      	uxth	r3, r0
10002e90:	434b      	muls	r3, r1
10002e92:	b410      	push	{r4}
10002e94:	0c04      	lsrs	r4, r0, #16
10002e96:	4361      	muls	r1, r4
10002e98:	b292      	uxth	r2, r2
10002e9a:	b280      	uxth	r0, r0
10002e9c:	4350      	muls	r0, r2
10002e9e:	4362      	muls	r2, r4
10002ea0:	041c      	lsls	r4, r3, #16
10002ea2:	0c1b      	lsrs	r3, r3, #16
10002ea4:	1900      	adds	r0, r0, r4
10002ea6:	bc10      	pop	{r4}
10002ea8:	4159      	adcs	r1, r3
10002eaa:	0413      	lsls	r3, r2, #16
10002eac:	0c12      	lsrs	r2, r2, #16
10002eae:	18c0      	adds	r0, r0, r3
10002eb0:	4151      	adcs	r1, r2
10002eb2:	4461      	add	r1, ip
10002eb4:	4770      	bx	lr
	...

10002eb8 <__aeabi_float_init>:
10002eb8:	2313      	movs	r3, #19
10002eba:	b510      	push	{r4, lr}
10002ebc:	4812      	ldr	r0, [pc, #72]	@ (10002f08 <__aeabi_float_init+0x50>)
10002ebe:	781c      	ldrb	r4, [r3, #0]
10002ec0:	f7ff f82a 	bl	10001f18 <rom_data_lookup>
10002ec4:	0001      	movs	r1, r0
10002ec6:	2c01      	cmp	r4, #1
10002ec8:	d00a      	beq.n	10002ee0 <__aeabi_float_init+0x28>
10002eca:	dd03      	ble.n	10002ed4 <__aeabi_float_init+0x1c>
10002ecc:	2280      	movs	r2, #128	@ 0x80
10002ece:	480f      	ldr	r0, [pc, #60]	@ (10002f0c <__aeabi_float_init+0x54>)
10002ed0:	f000 f848 	bl	10002f64 <__wrap___aeabi_memcpy>
10002ed4:	480e      	ldr	r0, [pc, #56]	@ (10002f10 <__aeabi_float_init+0x58>)
10002ed6:	f7ff f817 	bl	10001f08 <rom_func_lookup>
10002eda:	4b0e      	ldr	r3, [pc, #56]	@ (10002f14 <__aeabi_float_init+0x5c>)
10002edc:	6018      	str	r0, [r3, #0]
10002ede:	bd10      	pop	{r4, pc}
10002ee0:	4c0a      	ldr	r4, [pc, #40]	@ (10002f0c <__aeabi_float_init+0x54>)
10002ee2:	2254      	movs	r2, #84	@ 0x54
10002ee4:	0020      	movs	r0, r4
10002ee6:	f000 f83d 	bl	10002f64 <__wrap___aeabi_memcpy>
10002eea:	4b0b      	ldr	r3, [pc, #44]	@ (10002f18 <__aeabi_float_init+0x60>)
10002eec:	6563      	str	r3, [r4, #84]	@ 0x54
10002eee:	65a3      	str	r3, [r4, #88]	@ 0x58
10002ef0:	65e3      	str	r3, [r4, #92]	@ 0x5c
10002ef2:	6623      	str	r3, [r4, #96]	@ 0x60
10002ef4:	6663      	str	r3, [r4, #100]	@ 0x64
10002ef6:	66a3      	str	r3, [r4, #104]	@ 0x68
10002ef8:	66e3      	str	r3, [r4, #108]	@ 0x6c
10002efa:	6723      	str	r3, [r4, #112]	@ 0x70
10002efc:	6763      	str	r3, [r4, #116]	@ 0x74
10002efe:	67a3      	str	r3, [r4, #120]	@ 0x78
10002f00:	67e3      	str	r3, [r4, #124]	@ 0x7c
10002f02:	6223      	str	r3, [r4, #32]
10002f04:	61e3      	str	r3, [r4, #28]
10002f06:	e7e5      	b.n	10002ed4 <__aeabi_float_init+0x1c>
10002f08:	00004653 	.word	0x00004653
10002f0c:	20000910 	.word	0x20000910
10002f10:	0000334c 	.word	0x0000334c
10002f14:	20001368 	.word	0x20001368
10002f18:	10002f1d 	.word	0x10002f1d

10002f1c <float_table_shim_on_use_helper>:
10002f1c:	b507      	push	{r0, r1, r2, lr}
10002f1e:	4660      	mov	r0, ip
10002f20:	8801      	ldrh	r1, [r0, #0]
10002f22:	0a0a      	lsrs	r2, r1, #8
10002f24:	3002      	adds	r0, #2
10002f26:	2adf      	cmp	r2, #223	@ 0xdf
10002f28:	d1fa      	bne.n	10002f20 <float_table_shim_on_use_helper+0x4>
10002f2a:	b2c9      	uxtb	r1, r1
10002f2c:	0882      	lsrs	r2, r0, #2
10002f2e:	d304      	bcc.n	10002f3a <float_table_shim_on_use_helper+0x1e>
10002f30:	8802      	ldrh	r2, [r0, #0]
10002f32:	8840      	ldrh	r0, [r0, #2]
10002f34:	0400      	lsls	r0, r0, #16
10002f36:	4310      	orrs	r0, r2
10002f38:	e000      	b.n	10002f3c <float_table_shim_on_use_helper+0x20>
10002f3a:	6800      	ldr	r0, [r0, #0]
10002f3c:	4a01      	ldr	r2, [pc, #4]	@ (10002f44 <float_table_shim_on_use_helper+0x28>)
10002f3e:	5050      	str	r0, [r2, r1]
10002f40:	9003      	str	r0, [sp, #12]
10002f42:	bd07      	pop	{r0, r1, r2, pc}
10002f44:	20000910 	.word	0x20000910

10002f48 <__aeabi_mem_init>:
10002f48:	4801      	ldr	r0, [pc, #4]	@ (10002f50 <__aeabi_mem_init+0x8>)
10002f4a:	2104      	movs	r1, #4
10002f4c:	4b01      	ldr	r3, [pc, #4]	@ (10002f54 <__aeabi_mem_init+0xc>)
10002f4e:	4718      	bx	r3
10002f50:	20000640 	.word	0x20000640
10002f54:	10001f29 	.word	0x10001f29

10002f58 <__wrap_memset>:
10002f58:	4b01      	ldr	r3, [pc, #4]	@ (10002f60 <__wrap_memset+0x8>)
10002f5a:	681b      	ldr	r3, [r3, #0]
10002f5c:	4718      	bx	r3
10002f5e:	0000      	.short	0x0000
10002f60:	20000640 	.word	0x20000640

10002f64 <__wrap___aeabi_memcpy>:
10002f64:	4b01      	ldr	r3, [pc, #4]	@ (10002f6c <__wrap___aeabi_memcpy+0x8>)
10002f66:	685b      	ldr	r3, [r3, #4]
10002f68:	4718      	bx	r3
10002f6a:	0000      	.short	0x0000
10002f6c:	20000640 	.word	0x20000640

10002f70 <_out_null>:
10002f70:	4770      	bx	lr
10002f72:	46c0      	nop			@ (mov r8, r8)

10002f74 <_out_rev>:
10002f74:	b5f8      	push	{r3, r4, r5, r6, r7, lr}
10002f76:	4657      	mov	r7, sl
10002f78:	46de      	mov	lr, fp
10002f7a:	464e      	mov	r6, r9
10002f7c:	4645      	mov	r5, r8
10002f7e:	b5e0      	push	{r5, r6, r7, lr}
10002f80:	4699      	mov	r9, r3
10002f82:	9b0a      	ldr	r3, [sp, #40]	@ 0x28
10002f84:	0007      	movs	r7, r0
10002f86:	469a      	mov	sl, r3
10002f88:	9b0d      	ldr	r3, [sp, #52]	@ 0x34
10002f8a:	4688      	mov	r8, r1
10002f8c:	4693      	mov	fp, r2
10002f8e:	9c0b      	ldr	r4, [sp, #44]	@ 0x2c
10002f90:	079b      	lsls	r3, r3, #30
10002f92:	d13b      	bne.n	1000300c <_out_rev+0x98>
10002f94:	9b0c      	ldr	r3, [sp, #48]	@ 0x30
10002f96:	429c      	cmp	r4, r3
10002f98:	d23d      	bcs.n	10003016 <_out_rev+0xa2>
10002f9a:	1b1e      	subs	r6, r3, r4
10002f9c:	940b      	str	r4, [sp, #44]	@ 0x2c
10002f9e:	0015      	movs	r5, r2
10002fa0:	000c      	movs	r4, r1
10002fa2:	445e      	add	r6, fp
10002fa4:	002a      	movs	r2, r5
10002fa6:	464b      	mov	r3, r9
10002fa8:	3501      	adds	r5, #1
10002faa:	0021      	movs	r1, r4
10002fac:	2020      	movs	r0, #32
10002fae:	47b8      	blx	r7
10002fb0:	42b5      	cmp	r5, r6
10002fb2:	d1f7      	bne.n	10002fa4 <_out_rev+0x30>
10002fb4:	46a0      	mov	r8, r4
10002fb6:	9c0b      	ldr	r4, [sp, #44]	@ 0x2c
10002fb8:	2c00      	cmp	r4, #0
10002fba:	d020      	beq.n	10002ffe <_out_rev+0x8a>
10002fbc:	4645      	mov	r5, r8
10002fbe:	1936      	adds	r6, r6, r4
10002fc0:	4653      	mov	r3, sl
10002fc2:	1b32      	subs	r2, r6, r4
10002fc4:	3c01      	subs	r4, #1
10002fc6:	5d18      	ldrb	r0, [r3, r4]
10002fc8:	0029      	movs	r1, r5
10002fca:	464b      	mov	r3, r9
10002fcc:	47b8      	blx	r7
10002fce:	2c00      	cmp	r4, #0
10002fd0:	d1f6      	bne.n	10002fc0 <_out_rev+0x4c>
10002fd2:	002b      	movs	r3, r5
10002fd4:	0035      	movs	r5, r6
10002fd6:	4698      	mov	r8, r3
10002fd8:	9b0d      	ldr	r3, [sp, #52]	@ 0x34
10002fda:	079b      	lsls	r3, r3, #30
10002fdc:	d50f      	bpl.n	10002ffe <_out_rev+0x8a>
10002fde:	465b      	mov	r3, fp
10002fe0:	1aec      	subs	r4, r5, r3
10002fe2:	9b0c      	ldr	r3, [sp, #48]	@ 0x30
10002fe4:	42a3      	cmp	r3, r4
10002fe6:	d90a      	bls.n	10002ffe <_out_rev+0x8a>
10002fe8:	4646      	mov	r6, r8
10002fea:	4698      	mov	r8, r3
10002fec:	002a      	movs	r2, r5
10002fee:	464b      	mov	r3, r9
10002ff0:	0031      	movs	r1, r6
10002ff2:	2020      	movs	r0, #32
10002ff4:	3401      	adds	r4, #1
10002ff6:	47b8      	blx	r7
10002ff8:	3501      	adds	r5, #1
10002ffa:	4544      	cmp	r4, r8
10002ffc:	d3f6      	bcc.n	10002fec <_out_rev+0x78>
10002ffe:	0028      	movs	r0, r5
10003000:	bcf0      	pop	{r4, r5, r6, r7}
10003002:	46bb      	mov	fp, r7
10003004:	46b2      	mov	sl, r6
10003006:	46a9      	mov	r9, r5
10003008:	46a0      	mov	r8, r4
1000300a:	bdf8      	pop	{r3, r4, r5, r6, r7, pc}
1000300c:	0016      	movs	r6, r2
1000300e:	0015      	movs	r5, r2
10003010:	2c00      	cmp	r4, #0
10003012:	d1d3      	bne.n	10002fbc <_out_rev+0x48>
10003014:	e7e0      	b.n	10002fd8 <_out_rev+0x64>
10003016:	0016      	movs	r6, r2
10003018:	0015      	movs	r5, r2
1000301a:	2c00      	cmp	r4, #0
1000301c:	d1ce      	bne.n	10002fbc <_out_rev+0x48>
1000301e:	e7ee      	b.n	10002ffe <_out_rev+0x8a>

10003020 <_ntoa_format>:
10003020:	b5f0      	push	{r4, r5, r6, r7, lr}
10003022:	4645      	mov	r5, r8
10003024:	46de      	mov	lr, fp
10003026:	4657      	mov	r7, sl
10003028:	464e      	mov	r6, r9
1000302a:	b5e0      	push	{r5, r6, r7, lr}
1000302c:	b085      	sub	sp, #20
1000302e:	469c      	mov	ip, r3
10003030:	ab10      	add	r3, sp, #64	@ 0x40
10003032:	781b      	ldrb	r3, [r3, #0]
10003034:	9f14      	ldr	r7, [sp, #80]	@ 0x50
10003036:	4693      	mov	fp, r2
10003038:	4698      	mov	r8, r3
1000303a:	9c0f      	ldr	r4, [sp, #60]	@ 0x3c
1000303c:	9e12      	ldr	r6, [sp, #72]	@ 0x48
1000303e:	9d13      	ldr	r5, [sp, #76]	@ 0x4c
10003040:	07bb      	lsls	r3, r7, #30
10003042:	d44c      	bmi.n	100030de <_ntoa_format+0xbe>
10003044:	2d00      	cmp	r5, #0
10003046:	d142      	bne.n	100030ce <_ntoa_format+0xae>
10003048:	42b4      	cmp	r4, r6
1000304a:	d248      	bcs.n	100030de <_ntoa_format+0xbe>
1000304c:	2301      	movs	r3, #1
1000304e:	403b      	ands	r3, r7
10003050:	4699      	mov	r9, r3
10003052:	9b0e      	ldr	r3, [sp, #56]	@ 0x38
10003054:	3b01      	subs	r3, #1
10003056:	469a      	mov	sl, r3
10003058:	2330      	movs	r3, #48	@ 0x30
1000305a:	e004      	b.n	10003066 <_ntoa_format+0x46>
1000305c:	4652      	mov	r2, sl
1000305e:	3401      	adds	r4, #1
10003060:	5513      	strb	r3, [r2, r4]
10003062:	42a6      	cmp	r6, r4
10003064:	d901      	bls.n	1000306a <_ntoa_format+0x4a>
10003066:	2c20      	cmp	r4, #32
10003068:	d1f8      	bne.n	1000305c <_ntoa_format+0x3c>
1000306a:	464b      	mov	r3, r9
1000306c:	2b00      	cmp	r3, #0
1000306e:	d100      	bne.n	10003072 <_ntoa_format+0x52>
10003070:	e083      	b.n	1000317a <_ntoa_format+0x15a>
10003072:	9b0e      	ldr	r3, [sp, #56]	@ 0x38
10003074:	3b01      	subs	r3, #1
10003076:	4699      	mov	r9, r3
10003078:	2330      	movs	r3, #48	@ 0x30
1000307a:	42a5      	cmp	r5, r4
1000307c:	d805      	bhi.n	1000308a <_ntoa_format+0x6a>
1000307e:	e02e      	b.n	100030de <_ntoa_format+0xbe>
10003080:	464a      	mov	r2, r9
10003082:	3401      	adds	r4, #1
10003084:	5513      	strb	r3, [r2, r4]
10003086:	42ac      	cmp	r4, r5
10003088:	d029      	beq.n	100030de <_ntoa_format+0xbe>
1000308a:	2c20      	cmp	r4, #32
1000308c:	d1f8      	bne.n	10003080 <_ntoa_format+0x60>
1000308e:	06fb      	lsls	r3, r7, #27
10003090:	d50c      	bpl.n	100030ac <_ntoa_format+0x8c>
10003092:	057b      	lsls	r3, r7, #21
10003094:	d454      	bmi.n	10003140 <_ntoa_format+0x120>
10003096:	42a6      	cmp	r6, r4
10003098:	d063      	beq.n	10003162 <_ntoa_format+0x142>
1000309a:	42a5      	cmp	r5, r4
1000309c:	d061      	beq.n	10003162 <_ntoa_format+0x142>
1000309e:	9b11      	ldr	r3, [sp, #68]	@ 0x44
100030a0:	2b10      	cmp	r3, #16
100030a2:	d050      	beq.n	10003146 <_ntoa_format+0x126>
100030a4:	2b02      	cmp	r3, #2
100030a6:	d057      	beq.n	10003158 <_ntoa_format+0x138>
100030a8:	2c20      	cmp	r4, #32
100030aa:	d132      	bne.n	10003112 <_ntoa_format+0xf2>
100030ac:	2320      	movs	r3, #32
100030ae:	9301      	str	r3, [sp, #4]
100030b0:	9b0e      	ldr	r3, [sp, #56]	@ 0x38
100030b2:	465a      	mov	r2, fp
100030b4:	9300      	str	r3, [sp, #0]
100030b6:	9703      	str	r7, [sp, #12]
100030b8:	4663      	mov	r3, ip
100030ba:	9502      	str	r5, [sp, #8]
100030bc:	f7ff ff5a 	bl	10002f74 <_out_rev>
100030c0:	b005      	add	sp, #20
100030c2:	bcf0      	pop	{r4, r5, r6, r7}
100030c4:	46bb      	mov	fp, r7
100030c6:	46b2      	mov	sl, r6
100030c8:	46a9      	mov	r9, r5
100030ca:	46a0      	mov	r8, r4
100030cc:	bdf0      	pop	{r4, r5, r6, r7, pc}
100030ce:	2301      	movs	r3, #1
100030d0:	403b      	ands	r3, r7
100030d2:	4699      	mov	r9, r3
100030d4:	2301      	movs	r3, #1
100030d6:	423b      	tst	r3, r7
100030d8:	d12a      	bne.n	10003130 <_ntoa_format+0x110>
100030da:	42b4      	cmp	r4, r6
100030dc:	d3b9      	bcc.n	10003052 <_ntoa_format+0x32>
100030de:	06fb      	lsls	r3, r7, #27
100030e0:	d51c      	bpl.n	1000311c <_ntoa_format+0xfc>
100030e2:	057b      	lsls	r3, r7, #21
100030e4:	d4db      	bmi.n	1000309e <_ntoa_format+0x7e>
100030e6:	2c00      	cmp	r4, #0
100030e8:	d1d5      	bne.n	10003096 <_ntoa_format+0x76>
100030ea:	9b11      	ldr	r3, [sp, #68]	@ 0x44
100030ec:	2b10      	cmp	r3, #16
100030ee:	d05b      	beq.n	100031a8 <_ntoa_format+0x188>
100030f0:	9b11      	ldr	r3, [sp, #68]	@ 0x44
100030f2:	2b02      	cmp	r3, #2
100030f4:	d06b      	beq.n	100031ce <_ntoa_format+0x1ae>
100030f6:	2330      	movs	r3, #48	@ 0x30
100030f8:	2401      	movs	r4, #1
100030fa:	9a0e      	ldr	r2, [sp, #56]	@ 0x38
100030fc:	7013      	strb	r3, [r2, #0]
100030fe:	4643      	mov	r3, r8
10003100:	2b00      	cmp	r3, #0
10003102:	d110      	bne.n	10003126 <_ntoa_format+0x106>
10003104:	077b      	lsls	r3, r7, #29
10003106:	d53e      	bpl.n	10003186 <_ntoa_format+0x166>
10003108:	262b      	movs	r6, #43	@ 0x2b
1000310a:	9a0e      	ldr	r2, [sp, #56]	@ 0x38
1000310c:	1c63      	adds	r3, r4, #1
1000310e:	5516      	strb	r6, [r2, r4]
10003110:	e7cd      	b.n	100030ae <_ntoa_format+0x8e>
10003112:	0023      	movs	r3, r4
10003114:	3401      	adds	r4, #1
10003116:	2630      	movs	r6, #48	@ 0x30
10003118:	9a0e      	ldr	r2, [sp, #56]	@ 0x38
1000311a:	54d6      	strb	r6, [r2, r3]
1000311c:	2c20      	cmp	r4, #32
1000311e:	d0c5      	beq.n	100030ac <_ntoa_format+0x8c>
10003120:	4643      	mov	r3, r8
10003122:	2b00      	cmp	r3, #0
10003124:	d0ee      	beq.n	10003104 <_ntoa_format+0xe4>
10003126:	262d      	movs	r6, #45	@ 0x2d
10003128:	9a0e      	ldr	r2, [sp, #56]	@ 0x38
1000312a:	1c63      	adds	r3, r4, #1
1000312c:	5516      	strb	r6, [r2, r4]
1000312e:	e7be      	b.n	100030ae <_ntoa_format+0x8e>
10003130:	4643      	mov	r3, r8
10003132:	2b00      	cmp	r3, #0
10003134:	d02f      	beq.n	10003196 <_ntoa_format+0x176>
10003136:	3d01      	subs	r5, #1
10003138:	42b4      	cmp	r4, r6
1000313a:	d200      	bcs.n	1000313e <_ntoa_format+0x11e>
1000313c:	e789      	b.n	10003052 <_ntoa_format+0x32>
1000313e:	e798      	b.n	10003072 <_ntoa_format+0x52>
10003140:	9b11      	ldr	r3, [sp, #68]	@ 0x44
10003142:	2b10      	cmp	r3, #16
10003144:	d1b2      	bne.n	100030ac <_ntoa_format+0x8c>
10003146:	06bb      	lsls	r3, r7, #26
10003148:	d537      	bpl.n	100031ba <_ntoa_format+0x19a>
1000314a:	2c20      	cmp	r4, #32
1000314c:	d0ae      	beq.n	100030ac <_ntoa_format+0x8c>
1000314e:	2358      	movs	r3, #88	@ 0x58
10003150:	9a0e      	ldr	r2, [sp, #56]	@ 0x38
10003152:	5513      	strb	r3, [r2, r4]
10003154:	3401      	adds	r4, #1
10003156:	e7a7      	b.n	100030a8 <_ntoa_format+0x88>
10003158:	2c20      	cmp	r4, #32
1000315a:	d0a7      	beq.n	100030ac <_ntoa_format+0x8c>
1000315c:	0023      	movs	r3, r4
1000315e:	3401      	adds	r4, #1
10003160:	e007      	b.n	10003172 <_ntoa_format+0x152>
10003162:	1e63      	subs	r3, r4, #1
10003164:	2c01      	cmp	r4, #1
10003166:	d0c0      	beq.n	100030ea <_ntoa_format+0xca>
10003168:	9a11      	ldr	r2, [sp, #68]	@ 0x44
1000316a:	2a10      	cmp	r2, #16
1000316c:	d031      	beq.n	100031d2 <_ntoa_format+0x1b2>
1000316e:	2a02      	cmp	r2, #2
10003170:	d1d1      	bne.n	10003116 <_ntoa_format+0xf6>
10003172:	2662      	movs	r6, #98	@ 0x62
10003174:	9a0e      	ldr	r2, [sp, #56]	@ 0x38
10003176:	54d6      	strb	r6, [r2, r3]
10003178:	e796      	b.n	100030a8 <_ntoa_format+0x88>
1000317a:	06fb      	lsls	r3, r7, #27
1000317c:	d5ce      	bpl.n	1000311c <_ntoa_format+0xfc>
1000317e:	057b      	lsls	r3, r7, #21
10003180:	d400      	bmi.n	10003184 <_ntoa_format+0x164>
10003182:	e788      	b.n	10003096 <_ntoa_format+0x76>
10003184:	e78b      	b.n	1000309e <_ntoa_format+0x7e>
10003186:	0023      	movs	r3, r4
10003188:	073e      	lsls	r6, r7, #28
1000318a:	d590      	bpl.n	100030ae <_ntoa_format+0x8e>
1000318c:	2620      	movs	r6, #32
1000318e:	9a0e      	ldr	r2, [sp, #56]	@ 0x38
10003190:	3301      	adds	r3, #1
10003192:	5516      	strb	r6, [r2, r4]
10003194:	e78b      	b.n	100030ae <_ntoa_format+0x8e>
10003196:	230c      	movs	r3, #12
10003198:	403b      	ands	r3, r7
1000319a:	1e5a      	subs	r2, r3, #1
1000319c:	4193      	sbcs	r3, r2
1000319e:	1aed      	subs	r5, r5, r3
100031a0:	42b4      	cmp	r4, r6
100031a2:	d200      	bcs.n	100031a6 <_ntoa_format+0x186>
100031a4:	e755      	b.n	10003052 <_ntoa_format+0x32>
100031a6:	e764      	b.n	10003072 <_ntoa_format+0x52>
100031a8:	06bb      	lsls	r3, r7, #26
100031aa:	d40e      	bmi.n	100031ca <_ntoa_format+0x1aa>
100031ac:	2378      	movs	r3, #120	@ 0x78
100031ae:	9a0e      	ldr	r2, [sp, #56]	@ 0x38
100031b0:	2402      	movs	r4, #2
100031b2:	7013      	strb	r3, [r2, #0]
100031b4:	2330      	movs	r3, #48	@ 0x30
100031b6:	7053      	strb	r3, [r2, #1]
100031b8:	e7a1      	b.n	100030fe <_ntoa_format+0xde>
100031ba:	2c20      	cmp	r4, #32
100031bc:	d100      	bne.n	100031c0 <_ntoa_format+0x1a0>
100031be:	e775      	b.n	100030ac <_ntoa_format+0x8c>
100031c0:	2378      	movs	r3, #120	@ 0x78
100031c2:	9a0e      	ldr	r2, [sp, #56]	@ 0x38
100031c4:	5513      	strb	r3, [r2, r4]
100031c6:	3401      	adds	r4, #1
100031c8:	e76e      	b.n	100030a8 <_ntoa_format+0x88>
100031ca:	2358      	movs	r3, #88	@ 0x58
100031cc:	e7ef      	b.n	100031ae <_ntoa_format+0x18e>
100031ce:	3360      	adds	r3, #96	@ 0x60
100031d0:	e7ed      	b.n	100031ae <_ntoa_format+0x18e>
100031d2:	9a0e      	ldr	r2, [sp, #56]	@ 0x38
100031d4:	1ea6      	subs	r6, r4, #2
100031d6:	4691      	mov	r9, r2
100031d8:	444e      	add	r6, r9
100031da:	06ba      	lsls	r2, r7, #26
100031dc:	d502      	bpl.n	100031e4 <_ntoa_format+0x1c4>
100031de:	2258      	movs	r2, #88	@ 0x58
100031e0:	7032      	strb	r2, [r6, #0]
100031e2:	e798      	b.n	10003116 <_ntoa_format+0xf6>
100031e4:	2278      	movs	r2, #120	@ 0x78
100031e6:	7032      	strb	r2, [r6, #0]
100031e8:	e795      	b.n	10003116 <_ntoa_format+0xf6>
100031ea:	46c0      	nop			@ (mov r8, r8)

100031ec <_out_char>:
100031ec:	b510      	push	{r4, lr}
100031ee:	2800      	cmp	r0, #0
100031f0:	d100      	bne.n	100031f4 <_out_char+0x8>
100031f2:	bd10      	pop	{r4, pc}
100031f4:	f001 fc80 	bl	10004af8 <__wrap_putchar>
100031f8:	e7fb      	b.n	100031f2 <_out_char+0x6>
100031fa:	46c0      	nop			@ (mov r8, r8)

100031fc <_out_fct>:
100031fc:	000b      	movs	r3, r1
100031fe:	b510      	push	{r4, lr}
10003200:	2800      	cmp	r0, #0
10003202:	d002      	beq.n	1000320a <_out_fct+0xe>
10003204:	6849      	ldr	r1, [r1, #4]
10003206:	681b      	ldr	r3, [r3, #0]
10003208:	4798      	blx	r3
1000320a:	bd10      	pop	{r4, pc}

1000320c <_ftoa>:
1000320c:	b5f0      	push	{r4, r5, r6, r7, lr}
1000320e:	4657      	mov	r7, sl
10003210:	46de      	mov	lr, fp
10003212:	464e      	mov	r6, r9
10003214:	4645      	mov	r5, r8
10003216:	b5e0      	push	{r5, r6, r7, lr}
10003218:	b095      	sub	sp, #84	@ 0x54
1000321a:	4683      	mov	fp, r0
1000321c:	000f      	movs	r7, r1
1000321e:	4692      	mov	sl, r2
10003220:	4698      	mov	r8, r3
10003222:	9a1e      	ldr	r2, [sp, #120]	@ 0x78
10003224:	9b1f      	ldr	r3, [sp, #124]	@ 0x7c
10003226:	0010      	movs	r0, r2
10003228:	0019      	movs	r1, r3
1000322a:	9e20      	ldr	r6, [sp, #128]	@ 0x80
1000322c:	f7ff facf 	bl	100027ce <__wrap___aeabi_dcmpun>
10003230:	2800      	cmp	r0, #0
10003232:	d000      	beq.n	10003236 <_ftoa+0x2a>
10003234:	e1ea      	b.n	1000360c <_ftoa+0x400>
10003236:	981e      	ldr	r0, [sp, #120]	@ 0x78
10003238:	991f      	ldr	r1, [sp, #124]	@ 0x7c
1000323a:	2201      	movs	r2, #1
1000323c:	4bc5      	ldr	r3, [pc, #788]	@ (10003554 <_ftoa+0x348>)
1000323e:	4252      	negs	r2, r2
10003240:	f7ff faaa 	bl	10002798 <__wrap___aeabi_dcmplt>
10003244:	2800      	cmp	r0, #0
10003246:	d000      	beq.n	1000324a <_ftoa+0x3e>
10003248:	e114      	b.n	10003474 <_ftoa+0x268>
1000324a:	981e      	ldr	r0, [sp, #120]	@ 0x78
1000324c:	991f      	ldr	r1, [sp, #124]	@ 0x7c
1000324e:	2201      	movs	r2, #1
10003250:	4bc1      	ldr	r3, [pc, #772]	@ (10003558 <_ftoa+0x34c>)
10003252:	4252      	negs	r2, r2
10003254:	f7ff fab6 	bl	100027c4 <__wrap___aeabi_dcmpgt>
10003258:	2800      	cmp	r0, #0
1000325a:	d000      	beq.n	1000325e <_ftoa+0x52>
1000325c:	e0e9      	b.n	10003432 <_ftoa+0x226>
1000325e:	981e      	ldr	r0, [sp, #120]	@ 0x78
10003260:	991f      	ldr	r1, [sp, #124]	@ 0x7c
10003262:	2200      	movs	r2, #0
10003264:	4bbd      	ldr	r3, [pc, #756]	@ (1000355c <_ftoa+0x350>)
10003266:	f7ff faad 	bl	100027c4 <__wrap___aeabi_dcmpgt>
1000326a:	2800      	cmp	r0, #0
1000326c:	d000      	beq.n	10003270 <_ftoa+0x64>
1000326e:	e0c8      	b.n	10003402 <_ftoa+0x1f6>
10003270:	981e      	ldr	r0, [sp, #120]	@ 0x78
10003272:	991f      	ldr	r1, [sp, #124]	@ 0x7c
10003274:	2200      	movs	r2, #0
10003276:	4bba      	ldr	r3, [pc, #744]	@ (10003560 <_ftoa+0x354>)
10003278:	f7ff fa8e 	bl	10002798 <__wrap___aeabi_dcmplt>
1000327c:	2800      	cmp	r0, #0
1000327e:	d000      	beq.n	10003282 <_ftoa+0x76>
10003280:	e0bf      	b.n	10003402 <_ftoa+0x1f6>
10003282:	981e      	ldr	r0, [sp, #120]	@ 0x78
10003284:	991f      	ldr	r1, [sp, #124]	@ 0x7c
10003286:	2200      	movs	r2, #0
10003288:	2300      	movs	r3, #0
1000328a:	f7ff fa85 	bl	10002798 <__wrap___aeabi_dcmplt>
1000328e:	2800      	cmp	r0, #0
10003290:	d000      	beq.n	10003294 <_ftoa+0x88>
10003292:	e0e4      	b.n	1000345e <_ftoa+0x252>
10003294:	2300      	movs	r3, #0
10003296:	930b      	str	r3, [sp, #44]	@ 0x2c
10003298:	9b22      	ldr	r3, [sp, #136]	@ 0x88
1000329a:	055b      	lsls	r3, r3, #21
1000329c:	d400      	bmi.n	100032a0 <_ftoa+0x94>
1000329e:	2606      	movs	r6, #6
100032a0:	2400      	movs	r4, #0
100032a2:	2330      	movs	r3, #48	@ 0x30
100032a4:	e007      	b.n	100032b6 <_ftoa+0xaa>
100032a6:	2117      	movs	r1, #23
100032a8:	aa06      	add	r2, sp, #24
100032aa:	3401      	adds	r4, #1
100032ac:	1852      	adds	r2, r2, r1
100032ae:	5513      	strb	r3, [r2, r4]
100032b0:	3e01      	subs	r6, #1
100032b2:	2c20      	cmp	r4, #32
100032b4:	d001      	beq.n	100032ba <_ftoa+0xae>
100032b6:	2e09      	cmp	r6, #9
100032b8:	d8f5      	bhi.n	100032a6 <_ftoa+0x9a>
100032ba:	981e      	ldr	r0, [sp, #120]	@ 0x78
100032bc:	991f      	ldr	r1, [sp, #124]	@ 0x7c
100032be:	f7ff faaf 	bl	10002820 <__wrap___aeabi_d2iz>
100032c2:	4ba8      	ldr	r3, [pc, #672]	@ (10003564 <_ftoa+0x358>)
100032c4:	00f2      	lsls	r2, r6, #3
100032c6:	189b      	adds	r3, r3, r2
100032c8:	681a      	ldr	r2, [r3, #0]
100032ca:	685b      	ldr	r3, [r3, #4]
100032cc:	0005      	movs	r5, r0
100032ce:	9208      	str	r2, [sp, #32]
100032d0:	9309      	str	r3, [sp, #36]	@ 0x24
100032d2:	f7ff fa8d 	bl	100027f0 <__wrap___aeabi_i2d>
100032d6:	0002      	movs	r2, r0
100032d8:	000b      	movs	r3, r1
100032da:	981e      	ldr	r0, [sp, #120]	@ 0x78
100032dc:	991f      	ldr	r1, [sp, #124]	@ 0x7c
100032de:	f7ff f9e8 	bl	100026b2 <__wrap___aeabi_dsub>
100032e2:	9a08      	ldr	r2, [sp, #32]
100032e4:	9b09      	ldr	r3, [sp, #36]	@ 0x24
100032e6:	f7ff fa14 	bl	10002712 <__wrap___aeabi_dmul>
100032ea:	9006      	str	r0, [sp, #24]
100032ec:	9107      	str	r1, [sp, #28]
100032ee:	f7ff fabb 	bl	10002868 <__wrap___aeabi_d2uiz>
100032f2:	4681      	mov	r9, r0
100032f4:	f7ff fa78 	bl	100027e8 <__wrap___aeabi_ui2d>
100032f8:	0002      	movs	r2, r0
100032fa:	000b      	movs	r3, r1
100032fc:	9806      	ldr	r0, [sp, #24]
100032fe:	9907      	ldr	r1, [sp, #28]
10003300:	f7ff f9d7 	bl	100026b2 <__wrap___aeabi_dsub>
10003304:	2200      	movs	r2, #0
10003306:	4b98      	ldr	r3, [pc, #608]	@ (10003568 <_ftoa+0x35c>)
10003308:	9006      	str	r0, [sp, #24]
1000330a:	9107      	str	r1, [sp, #28]
1000330c:	f7ff fa5a 	bl	100027c4 <__wrap___aeabi_dcmpgt>
10003310:	2800      	cmp	r0, #0
10003312:	d100      	bne.n	10003316 <_ftoa+0x10a>
10003314:	e10d      	b.n	10003532 <_ftoa+0x326>
10003316:	2301      	movs	r3, #1
10003318:	469c      	mov	ip, r3
1000331a:	44e1      	add	r9, ip
1000331c:	4648      	mov	r0, r9
1000331e:	f7ff fa63 	bl	100027e8 <__wrap___aeabi_ui2d>
10003322:	0002      	movs	r2, r0
10003324:	000b      	movs	r3, r1
10003326:	9808      	ldr	r0, [sp, #32]
10003328:	9909      	ldr	r1, [sp, #36]	@ 0x24
1000332a:	f7ff fa3b 	bl	100027a4 <__wrap___aeabi_dcmple>
1000332e:	2800      	cmp	r0, #0
10003330:	d002      	beq.n	10003338 <_ftoa+0x12c>
10003332:	2300      	movs	r3, #0
10003334:	4699      	mov	r9, r3
10003336:	3501      	adds	r5, #1
10003338:	2e00      	cmp	r6, #0
1000333a:	d100      	bne.n	1000333e <_ftoa+0x132>
1000333c:	e0d9      	b.n	100034f2 <_ftoa+0x2e6>
1000333e:	9506      	str	r5, [sp, #24]
10003340:	464d      	mov	r5, r9
10003342:	46b9      	mov	r9, r7
10003344:	e014      	b.n	10003370 <_ftoa+0x164>
10003346:	aa06      	add	r2, sp, #24
10003348:	4694      	mov	ip, r2
1000334a:	2317      	movs	r3, #23
1000334c:	210a      	movs	r1, #10
1000334e:	4463      	add	r3, ip
10003350:	0028      	movs	r0, r5
10003352:	3401      	adds	r4, #1
10003354:	191f      	adds	r7, r3, r4
10003356:	f7fe ff71 	bl	1000223c <__wrap___aeabi_uidiv>
1000335a:	3130      	adds	r1, #48	@ 0x30
1000335c:	7039      	strb	r1, [r7, #0]
1000335e:	0028      	movs	r0, r5
10003360:	210a      	movs	r1, #10
10003362:	3e01      	subs	r6, #1
10003364:	f7fe ff6a 	bl	1000223c <__wrap___aeabi_uidiv>
10003368:	2d09      	cmp	r5, #9
1000336a:	d800      	bhi.n	1000336e <_ftoa+0x162>
1000336c:	e117      	b.n	1000359e <_ftoa+0x392>
1000336e:	0005      	movs	r5, r0
10003370:	2c20      	cmp	r4, #32
10003372:	d1e8      	bne.n	10003346 <_ftoa+0x13a>
10003374:	464f      	mov	r7, r9
10003376:	9d06      	ldr	r5, [sp, #24]
10003378:	2420      	movs	r4, #32
1000337a:	ae0c      	add	r6, sp, #48	@ 0x30
1000337c:	aa06      	add	r2, sp, #24
1000337e:	2317      	movs	r3, #23
10003380:	4694      	mov	ip, r2
10003382:	4463      	add	r3, ip
10003384:	4699      	mov	r9, r3
10003386:	465b      	mov	r3, fp
10003388:	46b3      	mov	fp, r6
1000338a:	9306      	str	r3, [sp, #24]
1000338c:	e00f      	b.n	100033ae <_ftoa+0x1a2>
1000338e:	464b      	mov	r3, r9
10003390:	0028      	movs	r0, r5
10003392:	210a      	movs	r1, #10
10003394:	3401      	adds	r4, #1
10003396:	18e6      	adds	r6, r4, r3
10003398:	f7fe ff28 	bl	100021ec <__wrap___aeabi_idiv>
1000339c:	3130      	adds	r1, #48	@ 0x30
1000339e:	0028      	movs	r0, r5
100033a0:	7031      	strb	r1, [r6, #0]
100033a2:	210a      	movs	r1, #10
100033a4:	f7fe ff22 	bl	100021ec <__wrap___aeabi_idiv>
100033a8:	1e05      	subs	r5, r0, #0
100033aa:	d100      	bne.n	100033ae <_ftoa+0x1a2>
100033ac:	e0e4      	b.n	10003578 <_ftoa+0x36c>
100033ae:	2c20      	cmp	r4, #32
100033b0:	d1ed      	bne.n	1000338e <_ftoa+0x182>
100033b2:	9b06      	ldr	r3, [sp, #24]
100033b4:	465e      	mov	r6, fp
100033b6:	469b      	mov	fp, r3
100033b8:	2303      	movs	r3, #3
100033ba:	9a22      	ldr	r2, [sp, #136]	@ 0x88
100033bc:	4013      	ands	r3, r2
100033be:	2b01      	cmp	r3, #1
100033c0:	d118      	bne.n	100033f4 <_ftoa+0x1e8>
100033c2:	9b21      	ldr	r3, [sp, #132]	@ 0x84
100033c4:	2b00      	cmp	r3, #0
100033c6:	d015      	beq.n	100033f4 <_ftoa+0x1e8>
100033c8:	9b0b      	ldr	r3, [sp, #44]	@ 0x2c
100033ca:	2b00      	cmp	r3, #0
100033cc:	d100      	bne.n	100033d0 <_ftoa+0x1c4>
100033ce:	e0fd      	b.n	100035cc <_ftoa+0x3c0>
100033d0:	9b21      	ldr	r3, [sp, #132]	@ 0x84
100033d2:	3b01      	subs	r3, #1
100033d4:	9321      	str	r3, [sp, #132]	@ 0x84
100033d6:	2b20      	cmp	r3, #32
100033d8:	d90c      	bls.n	100033f4 <_ftoa+0x1e8>
100033da:	2330      	movs	r3, #48	@ 0x30
100033dc:	9a21      	ldr	r2, [sp, #132]	@ 0x84
100033de:	e007      	b.n	100033f0 <_ftoa+0x1e4>
100033e0:	2017      	movs	r0, #23
100033e2:	a906      	add	r1, sp, #24
100033e4:	3401      	adds	r4, #1
100033e6:	1809      	adds	r1, r1, r0
100033e8:	550b      	strb	r3, [r1, r4]
100033ea:	4294      	cmp	r4, r2
100033ec:	d300      	bcc.n	100033f0 <_ftoa+0x1e4>
100033ee:	e0cc      	b.n	1000358a <_ftoa+0x37e>
100033f0:	2c20      	cmp	r4, #32
100033f2:	d1f5      	bne.n	100033e0 <_ftoa+0x1d4>
100033f4:	9b22      	ldr	r3, [sp, #136]	@ 0x88
100033f6:	9401      	str	r4, [sp, #4]
100033f8:	9303      	str	r3, [sp, #12]
100033fa:	9b21      	ldr	r3, [sp, #132]	@ 0x84
100033fc:	9600      	str	r6, [sp, #0]
100033fe:	9302      	str	r3, [sp, #8]
10003400:	e022      	b.n	10003448 <_ftoa+0x23c>
10003402:	9b22      	ldr	r3, [sp, #136]	@ 0x88
10003404:	4652      	mov	r2, sl
10003406:	9304      	str	r3, [sp, #16]
10003408:	9b21      	ldr	r3, [sp, #132]	@ 0x84
1000340a:	0039      	movs	r1, r7
1000340c:	9303      	str	r3, [sp, #12]
1000340e:	4658      	mov	r0, fp
10003410:	9b1e      	ldr	r3, [sp, #120]	@ 0x78
10003412:	9c1f      	ldr	r4, [sp, #124]	@ 0x7c
10003414:	9602      	str	r6, [sp, #8]
10003416:	9300      	str	r3, [sp, #0]
10003418:	9401      	str	r4, [sp, #4]
1000341a:	4643      	mov	r3, r8
1000341c:	f000 f94a 	bl	100036b4 <_etoa>
10003420:	0004      	movs	r4, r0
10003422:	0020      	movs	r0, r4
10003424:	b015      	add	sp, #84	@ 0x54
10003426:	bcf0      	pop	{r4, r5, r6, r7}
10003428:	46bb      	mov	fp, r7
1000342a:	46b2      	mov	sl, r6
1000342c:	46a9      	mov	r9, r5
1000342e:	46a0      	mov	r8, r4
10003430:	bdf0      	pop	{r4, r5, r6, r7, pc}
10003432:	9b22      	ldr	r3, [sp, #136]	@ 0x88
10003434:	075b      	lsls	r3, r3, #29
10003436:	d40f      	bmi.n	10003458 <_ftoa+0x24c>
10003438:	2203      	movs	r2, #3
1000343a:	4b4c      	ldr	r3, [pc, #304]	@ (1000356c <_ftoa+0x360>)
1000343c:	9922      	ldr	r1, [sp, #136]	@ 0x88
1000343e:	9201      	str	r2, [sp, #4]
10003440:	9103      	str	r1, [sp, #12]
10003442:	9921      	ldr	r1, [sp, #132]	@ 0x84
10003444:	9300      	str	r3, [sp, #0]
10003446:	9102      	str	r1, [sp, #8]
10003448:	4643      	mov	r3, r8
1000344a:	4652      	mov	r2, sl
1000344c:	0039      	movs	r1, r7
1000344e:	4658      	mov	r0, fp
10003450:	f7ff fd90 	bl	10002f74 <_out_rev>
10003454:	0004      	movs	r4, r0
10003456:	e7e4      	b.n	10003422 <_ftoa+0x216>
10003458:	2204      	movs	r2, #4
1000345a:	4b45      	ldr	r3, [pc, #276]	@ (10003570 <_ftoa+0x364>)
1000345c:	e7ee      	b.n	1000343c <_ftoa+0x230>
1000345e:	9a1e      	ldr	r2, [sp, #120]	@ 0x78
10003460:	9b1f      	ldr	r3, [sp, #124]	@ 0x7c
10003462:	2000      	movs	r0, #0
10003464:	2100      	movs	r1, #0
10003466:	f7ff f924 	bl	100026b2 <__wrap___aeabi_dsub>
1000346a:	2301      	movs	r3, #1
1000346c:	901e      	str	r0, [sp, #120]	@ 0x78
1000346e:	911f      	str	r1, [sp, #124]	@ 0x7c
10003470:	930b      	str	r3, [sp, #44]	@ 0x2c
10003472:	e711      	b.n	10003298 <_ftoa+0x8c>
10003474:	9b22      	ldr	r3, [sp, #136]	@ 0x88
10003476:	4654      	mov	r4, sl
10003478:	079b      	lsls	r3, r3, #30
1000347a:	d111      	bne.n	100034a0 <_ftoa+0x294>
1000347c:	9b21      	ldr	r3, [sp, #132]	@ 0x84
1000347e:	2b04      	cmp	r3, #4
10003480:	d90e      	bls.n	100034a0 <_ftoa+0x294>
10003482:	9b21      	ldr	r3, [sp, #132]	@ 0x84
10003484:	4655      	mov	r5, sl
10003486:	469c      	mov	ip, r3
10003488:	465e      	mov	r6, fp
1000348a:	3c04      	subs	r4, #4
1000348c:	4464      	add	r4, ip
1000348e:	002a      	movs	r2, r5
10003490:	4643      	mov	r3, r8
10003492:	3501      	adds	r5, #1
10003494:	0039      	movs	r1, r7
10003496:	2020      	movs	r0, #32
10003498:	47b0      	blx	r6
1000349a:	42a5      	cmp	r5, r4
1000349c:	d1f7      	bne.n	1000348e <_ftoa+0x282>
1000349e:	46b3      	mov	fp, r6
100034a0:	4d34      	ldr	r5, [pc, #208]	@ (10003574 <_ftoa+0x368>)
100034a2:	0026      	movs	r6, r4
100034a4:	1f2b      	subs	r3, r5, #4
100034a6:	4699      	mov	r9, r3
100034a8:	465b      	mov	r3, fp
100034aa:	46a3      	mov	fp, r4
100034ac:	001c      	movs	r4, r3
100034ae:	0032      	movs	r2, r6
100034b0:	78e8      	ldrb	r0, [r5, #3]
100034b2:	4643      	mov	r3, r8
100034b4:	0039      	movs	r1, r7
100034b6:	3d01      	subs	r5, #1
100034b8:	47a0      	blx	r4
100034ba:	3601      	adds	r6, #1
100034bc:	454d      	cmp	r5, r9
100034be:	d1f6      	bne.n	100034ae <_ftoa+0x2a2>
100034c0:	0023      	movs	r3, r4
100034c2:	465c      	mov	r4, fp
100034c4:	469b      	mov	fp, r3
100034c6:	9b22      	ldr	r3, [sp, #136]	@ 0x88
100034c8:	3404      	adds	r4, #4
100034ca:	079b      	lsls	r3, r3, #30
100034cc:	d5a9      	bpl.n	10003422 <_ftoa+0x216>
100034ce:	4653      	mov	r3, sl
100034d0:	9a21      	ldr	r2, [sp, #132]	@ 0x84
100034d2:	1ae3      	subs	r3, r4, r3
100034d4:	429a      	cmp	r2, r3
100034d6:	d9a4      	bls.n	10003422 <_ftoa+0x216>
100034d8:	465e      	mov	r6, fp
100034da:	0015      	movs	r5, r2
100034dc:	0022      	movs	r2, r4
100034de:	4643      	mov	r3, r8
100034e0:	0039      	movs	r1, r7
100034e2:	2020      	movs	r0, #32
100034e4:	47b0      	blx	r6
100034e6:	4653      	mov	r3, sl
100034e8:	3401      	adds	r4, #1
100034ea:	1ae3      	subs	r3, r4, r3
100034ec:	429d      	cmp	r5, r3
100034ee:	d8f5      	bhi.n	100034dc <_ftoa+0x2d0>
100034f0:	e797      	b.n	10003422 <_ftoa+0x216>
100034f2:	0028      	movs	r0, r5
100034f4:	f7ff f97c 	bl	100027f0 <__wrap___aeabi_i2d>
100034f8:	0002      	movs	r2, r0
100034fa:	000b      	movs	r3, r1
100034fc:	981e      	ldr	r0, [sp, #120]	@ 0x78
100034fe:	991f      	ldr	r1, [sp, #124]	@ 0x7c
10003500:	f7ff f8d7 	bl	100026b2 <__wrap___aeabi_dsub>
10003504:	2200      	movs	r2, #0
10003506:	4b18      	ldr	r3, [pc, #96]	@ (10003568 <_ftoa+0x35c>)
10003508:	9006      	str	r0, [sp, #24]
1000350a:	9107      	str	r1, [sp, #28]
1000350c:	f7ff f944 	bl	10002798 <__wrap___aeabi_dcmplt>
10003510:	ae0c      	add	r6, sp, #48	@ 0x30
10003512:	2800      	cmp	r0, #0
10003514:	d000      	beq.n	10003518 <_ftoa+0x30c>
10003516:	e731      	b.n	1000337c <_ftoa+0x170>
10003518:	9806      	ldr	r0, [sp, #24]
1000351a:	9907      	ldr	r1, [sp, #28]
1000351c:	2200      	movs	r2, #0
1000351e:	4b12      	ldr	r3, [pc, #72]	@ (10003568 <_ftoa+0x35c>)
10003520:	f7ff f950 	bl	100027c4 <__wrap___aeabi_dcmpgt>
10003524:	2800      	cmp	r0, #0
10003526:	d000      	beq.n	1000352a <_ftoa+0x31e>
10003528:	e728      	b.n	1000337c <_ftoa+0x170>
1000352a:	2301      	movs	r3, #1
1000352c:	3501      	adds	r5, #1
1000352e:	439d      	bics	r5, r3
10003530:	e724      	b.n	1000337c <_ftoa+0x170>
10003532:	2200      	movs	r2, #0
10003534:	9806      	ldr	r0, [sp, #24]
10003536:	9907      	ldr	r1, [sp, #28]
10003538:	4b0b      	ldr	r3, [pc, #44]	@ (10003568 <_ftoa+0x35c>)
1000353a:	f7ff f92d 	bl	10002798 <__wrap___aeabi_dcmplt>
1000353e:	2800      	cmp	r0, #0
10003540:	d000      	beq.n	10003544 <_ftoa+0x338>
10003542:	e6f9      	b.n	10003338 <_ftoa+0x12c>
10003544:	464b      	mov	r3, r9
10003546:	2b00      	cmp	r3, #0
10003548:	d15c      	bne.n	10003604 <_ftoa+0x3f8>
1000354a:	2301      	movs	r3, #1
1000354c:	469c      	mov	ip, r3
1000354e:	44e1      	add	r9, ip
10003550:	e6f2      	b.n	10003338 <_ftoa+0x12c>
10003552:	46c0      	nop			@ (mov r8, r8)
10003554:	ffefffff 	.word	0xffefffff
10003558:	7fefffff 	.word	0x7fefffff
1000355c:	41cdcd65 	.word	0x41cdcd65
10003560:	c1cdcd65 	.word	0xc1cdcd65
10003564:	10008fd8 	.word	0x10008fd8
10003568:	3fe00000 	.word	0x3fe00000
1000356c:	10008cf0 	.word	0x10008cf0
10003570:	10008ce8 	.word	0x10008ce8
10003574:	10008cf8 	.word	0x10008cf8
10003578:	9b06      	ldr	r3, [sp, #24]
1000357a:	465e      	mov	r6, fp
1000357c:	469b      	mov	fp, r3
1000357e:	2303      	movs	r3, #3
10003580:	9a22      	ldr	r2, [sp, #136]	@ 0x88
10003582:	4013      	ands	r3, r2
10003584:	2b01      	cmp	r3, #1
10003586:	d100      	bne.n	1000358a <_ftoa+0x37e>
10003588:	e081      	b.n	1000368e <_ftoa+0x482>
1000358a:	2c20      	cmp	r4, #32
1000358c:	d100      	bne.n	10003590 <_ftoa+0x384>
1000358e:	e731      	b.n	100033f4 <_ftoa+0x1e8>
10003590:	9b0b      	ldr	r3, [sp, #44]	@ 0x2c
10003592:	2b00      	cmp	r3, #0
10003594:	d027      	beq.n	100035e6 <_ftoa+0x3da>
10003596:	232d      	movs	r3, #45	@ 0x2d
10003598:	5533      	strb	r3, [r6, r4]
1000359a:	3401      	adds	r4, #1
1000359c:	e72a      	b.n	100033f4 <_ftoa+0x1e8>
1000359e:	464f      	mov	r7, r9
100035a0:	9d06      	ldr	r5, [sp, #24]
100035a2:	2c20      	cmp	r4, #32
100035a4:	d100      	bne.n	100035a8 <_ftoa+0x39c>
100035a6:	e6e7      	b.n	10003378 <_ftoa+0x16c>
100035a8:	2230      	movs	r2, #48	@ 0x30
100035aa:	1933      	adds	r3, r6, r4
100035ac:	e007      	b.n	100035be <_ftoa+0x3b2>
100035ae:	2017      	movs	r0, #23
100035b0:	a906      	add	r1, sp, #24
100035b2:	3401      	adds	r4, #1
100035b4:	1809      	adds	r1, r1, r0
100035b6:	550a      	strb	r2, [r1, r4]
100035b8:	2c20      	cmp	r4, #32
100035ba:	d100      	bne.n	100035be <_ftoa+0x3b2>
100035bc:	e6dc      	b.n	10003378 <_ftoa+0x16c>
100035be:	42a3      	cmp	r3, r4
100035c0:	d1f5      	bne.n	100035ae <_ftoa+0x3a2>
100035c2:	222e      	movs	r2, #46	@ 0x2e
100035c4:	ae0c      	add	r6, sp, #48	@ 0x30
100035c6:	3401      	adds	r4, #1
100035c8:	54f2      	strb	r2, [r6, r3]
100035ca:	e6d7      	b.n	1000337c <_ftoa+0x170>
100035cc:	230c      	movs	r3, #12
100035ce:	9a22      	ldr	r2, [sp, #136]	@ 0x88
100035d0:	4213      	tst	r3, r2
100035d2:	d057      	beq.n	10003684 <_ftoa+0x478>
100035d4:	9b21      	ldr	r3, [sp, #132]	@ 0x84
100035d6:	3b01      	subs	r3, #1
100035d8:	9321      	str	r3, [sp, #132]	@ 0x84
100035da:	42a3      	cmp	r3, r4
100035dc:	d900      	bls.n	100035e0 <_ftoa+0x3d4>
100035de:	e6fc      	b.n	100033da <_ftoa+0x1ce>
100035e0:	2c20      	cmp	r4, #32
100035e2:	d100      	bne.n	100035e6 <_ftoa+0x3da>
100035e4:	e706      	b.n	100033f4 <_ftoa+0x1e8>
100035e6:	9b22      	ldr	r3, [sp, #136]	@ 0x88
100035e8:	075b      	lsls	r3, r3, #29
100035ea:	d503      	bpl.n	100035f4 <_ftoa+0x3e8>
100035ec:	232b      	movs	r3, #43	@ 0x2b
100035ee:	5533      	strb	r3, [r6, r4]
100035f0:	3401      	adds	r4, #1
100035f2:	e6ff      	b.n	100033f4 <_ftoa+0x1e8>
100035f4:	9b22      	ldr	r3, [sp, #136]	@ 0x88
100035f6:	071b      	lsls	r3, r3, #28
100035f8:	d400      	bmi.n	100035fc <_ftoa+0x3f0>
100035fa:	e6fb      	b.n	100033f4 <_ftoa+0x1e8>
100035fc:	2320      	movs	r3, #32
100035fe:	5533      	strb	r3, [r6, r4]
10003600:	3401      	adds	r4, #1
10003602:	e6f7      	b.n	100033f4 <_ftoa+0x1e8>
10003604:	07db      	lsls	r3, r3, #31
10003606:	d400      	bmi.n	1000360a <_ftoa+0x3fe>
10003608:	e696      	b.n	10003338 <_ftoa+0x12c>
1000360a:	e79e      	b.n	1000354a <_ftoa+0x33e>
1000360c:	9b22      	ldr	r3, [sp, #136]	@ 0x88
1000360e:	4655      	mov	r5, sl
10003610:	079b      	lsls	r3, r3, #30
10003612:	d111      	bne.n	10003638 <_ftoa+0x42c>
10003614:	9b21      	ldr	r3, [sp, #132]	@ 0x84
10003616:	2b03      	cmp	r3, #3
10003618:	d90e      	bls.n	10003638 <_ftoa+0x42c>
1000361a:	9b21      	ldr	r3, [sp, #132]	@ 0x84
1000361c:	4654      	mov	r4, sl
1000361e:	469c      	mov	ip, r3
10003620:	465e      	mov	r6, fp
10003622:	3d03      	subs	r5, #3
10003624:	4465      	add	r5, ip
10003626:	0022      	movs	r2, r4
10003628:	4643      	mov	r3, r8
1000362a:	3401      	adds	r4, #1
1000362c:	0039      	movs	r1, r7
1000362e:	2020      	movs	r0, #32
10003630:	47b0      	blx	r6
10003632:	42ac      	cmp	r4, r5
10003634:	d1f7      	bne.n	10003626 <_ftoa+0x41a>
10003636:	46b3      	mov	fp, r6
10003638:	46b9      	mov	r9, r7
1000363a:	465f      	mov	r7, fp
1000363c:	4e1c      	ldr	r6, [pc, #112]	@ (100036b0 <_ftoa+0x4a4>)
1000363e:	1cec      	adds	r4, r5, #3
10003640:	002a      	movs	r2, r5
10003642:	78b0      	ldrb	r0, [r6, #2]
10003644:	4643      	mov	r3, r8
10003646:	4649      	mov	r1, r9
10003648:	3501      	adds	r5, #1
1000364a:	47b8      	blx	r7
1000364c:	3e01      	subs	r6, #1
1000364e:	42ac      	cmp	r4, r5
10003650:	d1f6      	bne.n	10003640 <_ftoa+0x434>
10003652:	9b22      	ldr	r3, [sp, #136]	@ 0x88
10003654:	46bb      	mov	fp, r7
10003656:	464f      	mov	r7, r9
10003658:	079b      	lsls	r3, r3, #30
1000365a:	d400      	bmi.n	1000365e <_ftoa+0x452>
1000365c:	e6e1      	b.n	10003422 <_ftoa+0x216>
1000365e:	4653      	mov	r3, sl
10003660:	9a21      	ldr	r2, [sp, #132]	@ 0x84
10003662:	1ae3      	subs	r3, r4, r3
10003664:	429a      	cmp	r2, r3
10003666:	d800      	bhi.n	1000366a <_ftoa+0x45e>
10003668:	e6db      	b.n	10003422 <_ftoa+0x216>
1000366a:	465e      	mov	r6, fp
1000366c:	0015      	movs	r5, r2
1000366e:	0022      	movs	r2, r4
10003670:	4643      	mov	r3, r8
10003672:	0039      	movs	r1, r7
10003674:	2020      	movs	r0, #32
10003676:	47b0      	blx	r6
10003678:	4653      	mov	r3, sl
1000367a:	3401      	adds	r4, #1
1000367c:	1ae3      	subs	r3, r4, r3
1000367e:	42ab      	cmp	r3, r5
10003680:	d3f5      	bcc.n	1000366e <_ftoa+0x462>
10003682:	e6ce      	b.n	10003422 <_ftoa+0x216>
10003684:	9b21      	ldr	r3, [sp, #132]	@ 0x84
10003686:	42a3      	cmp	r3, r4
10003688:	d900      	bls.n	1000368c <_ftoa+0x480>
1000368a:	e6a6      	b.n	100033da <_ftoa+0x1ce>
1000368c:	e6b2      	b.n	100033f4 <_ftoa+0x1e8>
1000368e:	9b21      	ldr	r3, [sp, #132]	@ 0x84
10003690:	2b00      	cmp	r3, #0
10003692:	d100      	bne.n	10003696 <_ftoa+0x48a>
10003694:	e779      	b.n	1000358a <_ftoa+0x37e>
10003696:	9b0b      	ldr	r3, [sp, #44]	@ 0x2c
10003698:	2b00      	cmp	r3, #0
1000369a:	d097      	beq.n	100035cc <_ftoa+0x3c0>
1000369c:	9b21      	ldr	r3, [sp, #132]	@ 0x84
1000369e:	3b01      	subs	r3, #1
100036a0:	9321      	str	r3, [sp, #132]	@ 0x84
100036a2:	429c      	cmp	r4, r3
100036a4:	d200      	bcs.n	100036a8 <_ftoa+0x49c>
100036a6:	e698      	b.n	100033da <_ftoa+0x1ce>
100036a8:	2c20      	cmp	r4, #32
100036aa:	d000      	beq.n	100036ae <_ftoa+0x4a2>
100036ac:	e773      	b.n	10003596 <_ftoa+0x38a>
100036ae:	e6a1      	b.n	100033f4 <_ftoa+0x1e8>
100036b0:	10008cf4 	.word	0x10008cf4

100036b4 <_etoa>:
100036b4:	b5f0      	push	{r4, r5, r6, r7, lr}
100036b6:	46de      	mov	lr, fp
100036b8:	4657      	mov	r7, sl
100036ba:	464e      	mov	r6, r9
100036bc:	4645      	mov	r5, r8
100036be:	b5e0      	push	{r5, r6, r7, lr}
100036c0:	b099      	sub	sp, #100	@ 0x64
100036c2:	4681      	mov	r9, r0
100036c4:	468b      	mov	fp, r1
100036c6:	4692      	mov	sl, r2
100036c8:	4698      	mov	r8, r3
100036ca:	9a22      	ldr	r2, [sp, #136]	@ 0x88
100036cc:	9b23      	ldr	r3, [sp, #140]	@ 0x8c
100036ce:	0010      	movs	r0, r2
100036d0:	0019      	movs	r1, r3
100036d2:	f7ff f87c 	bl	100027ce <__wrap___aeabi_dcmpun>
100036d6:	2800      	cmp	r0, #0
100036d8:	d000      	beq.n	100036dc <_etoa+0x28>
100036da:	e0ca      	b.n	10003872 <_etoa+0x1be>
100036dc:	9822      	ldr	r0, [sp, #136]	@ 0x88
100036de:	9923      	ldr	r1, [sp, #140]	@ 0x8c
100036e0:	2201      	movs	r2, #1
100036e2:	4b82      	ldr	r3, [pc, #520]	@ (100038ec <_etoa+0x238>)
100036e4:	4252      	negs	r2, r2
100036e6:	f7ff f86d 	bl	100027c4 <__wrap___aeabi_dcmpgt>
100036ea:	2800      	cmp	r0, #0
100036ec:	d000      	beq.n	100036f0 <_etoa+0x3c>
100036ee:	e0c0      	b.n	10003872 <_etoa+0x1be>
100036f0:	9822      	ldr	r0, [sp, #136]	@ 0x88
100036f2:	9923      	ldr	r1, [sp, #140]	@ 0x8c
100036f4:	2201      	movs	r2, #1
100036f6:	4b7e      	ldr	r3, [pc, #504]	@ (100038f0 <_etoa+0x23c>)
100036f8:	4252      	negs	r2, r2
100036fa:	f7ff f84d 	bl	10002798 <__wrap___aeabi_dcmplt>
100036fe:	2800      	cmp	r0, #0
10003700:	d000      	beq.n	10003704 <_etoa+0x50>
10003702:	e0b6      	b.n	10003872 <_etoa+0x1be>
10003704:	9822      	ldr	r0, [sp, #136]	@ 0x88
10003706:	9923      	ldr	r1, [sp, #140]	@ 0x8c
10003708:	2200      	movs	r2, #0
1000370a:	2300      	movs	r3, #0
1000370c:	f7ff f844 	bl	10002798 <__wrap___aeabi_dcmplt>
10003710:	2800      	cmp	r0, #0
10003712:	d000      	beq.n	10003716 <_etoa+0x62>
10003714:	e1c9      	b.n	10003aaa <_etoa+0x3f6>
10003716:	9b22      	ldr	r3, [sp, #136]	@ 0x88
10003718:	9c23      	ldr	r4, [sp, #140]	@ 0x8c
1000371a:	9308      	str	r3, [sp, #32]
1000371c:	9409      	str	r4, [sp, #36]	@ 0x24
1000371e:	9808      	ldr	r0, [sp, #32]
10003720:	9909      	ldr	r1, [sp, #36]	@ 0x24
10003722:	2380      	movs	r3, #128	@ 0x80
10003724:	9a26      	ldr	r2, [sp, #152]	@ 0x98
10003726:	00db      	lsls	r3, r3, #3
10003728:	401a      	ands	r2, r3
1000372a:	920d      	str	r2, [sp, #52]	@ 0x34
1000372c:	2280      	movs	r2, #128	@ 0x80
1000372e:	9c26      	ldr	r4, [sp, #152]	@ 0x98
10003730:	0112      	lsls	r2, r2, #4
10003732:	4014      	ands	r4, r2
10003734:	0022      	movs	r2, r4
10003736:	940b      	str	r4, [sp, #44]	@ 0x2c
10003738:	9c26      	ldr	r4, [sp, #152]	@ 0x98
1000373a:	0007      	movs	r7, r0
1000373c:	000e      	movs	r6, r1
1000373e:	421c      	tst	r4, r3
10003740:	d000      	beq.n	10003744 <_etoa+0x90>
10003742:	e0ad      	b.n	100038a0 <_etoa+0x1ec>
10003744:	000b      	movs	r3, r1
10003746:	4303      	orrs	r3, r0
10003748:	d000      	beq.n	1000374c <_etoa+0x98>
1000374a:	e0d5      	b.n	100038f8 <_etoa+0x244>
1000374c:	2a00      	cmp	r2, #0
1000374e:	d000      	beq.n	10003752 <_etoa+0x9e>
10003750:	e20a      	b.n	10003b68 <_etoa+0x4b4>
10003752:	0022      	movs	r2, r4
10003754:	3306      	adds	r3, #6
10003756:	9324      	str	r3, [sp, #144]	@ 0x90
10003758:	2302      	movs	r3, #2
1000375a:	4013      	ands	r3, r2
1000375c:	930c      	str	r3, [sp, #48]	@ 0x30
1000375e:	2302      	movs	r3, #2
10003760:	4213      	tst	r3, r2
10003762:	d000      	beq.n	10003766 <_etoa+0xb2>
10003764:	e202      	b.n	10003b6c <_etoa+0x4b8>
10003766:	9b25      	ldr	r3, [sp, #148]	@ 0x94
10003768:	2b04      	cmp	r3, #4
1000376a:	d200      	bcs.n	1000376e <_etoa+0xba>
1000376c:	e20f      	b.n	10003b8e <_etoa+0x4da>
1000376e:	3b04      	subs	r3, #4
10003770:	930b      	str	r3, [sp, #44]	@ 0x2c
10003772:	2300      	movs	r3, #0
10003774:	2504      	movs	r5, #4
10003776:	930a      	str	r3, [sp, #40]	@ 0x28
10003778:	2200      	movs	r2, #0
1000377a:	9822      	ldr	r0, [sp, #136]	@ 0x88
1000377c:	9923      	ldr	r1, [sp, #140]	@ 0x8c
1000377e:	2300      	movs	r3, #0
10003780:	f7ff f80a 	bl	10002798 <__wrap___aeabi_dcmplt>
10003784:	2800      	cmp	r0, #0
10003786:	d000      	beq.n	1000378a <_etoa+0xd6>
10003788:	e203      	b.n	10003b92 <_etoa+0x4de>
1000378a:	4b5a      	ldr	r3, [pc, #360]	@ (100038f4 <_etoa+0x240>)
1000378c:	9a26      	ldr	r2, [sp, #152]	@ 0x98
1000378e:	4013      	ands	r3, r2
10003790:	9304      	str	r3, [sp, #16]
10003792:	9b0b      	ldr	r3, [sp, #44]	@ 0x2c
10003794:	9303      	str	r3, [sp, #12]
10003796:	9b24      	ldr	r3, [sp, #144]	@ 0x90
10003798:	9302      	str	r3, [sp, #8]
1000379a:	9b08      	ldr	r3, [sp, #32]
1000379c:	9c09      	ldr	r4, [sp, #36]	@ 0x24
1000379e:	9300      	str	r3, [sp, #0]
100037a0:	9401      	str	r4, [sp, #4]
100037a2:	4659      	mov	r1, fp
100037a4:	4643      	mov	r3, r8
100037a6:	4652      	mov	r2, sl
100037a8:	4648      	mov	r0, r9
100037aa:	f7ff fd2f 	bl	1000320c <_ftoa>
100037ae:	0002      	movs	r2, r0
100037b0:	2020      	movs	r0, #32
100037b2:	9b26      	ldr	r3, [sp, #152]	@ 0x98
100037b4:	271f      	movs	r7, #31
100037b6:	4003      	ands	r3, r0
100037b8:	4259      	negs	r1, r3
100037ba:	414b      	adcs	r3, r1
100037bc:	425b      	negs	r3, r3
100037be:	4018      	ands	r0, r3
100037c0:	1c53      	adds	r3, r2, #1
100037c2:	9308      	str	r3, [sp, #32]
100037c4:	4659      	mov	r1, fp
100037c6:	4643      	mov	r3, r8
100037c8:	3045      	adds	r0, #69	@ 0x45
100037ca:	47c8      	blx	r9
100037cc:	9a0a      	ldr	r2, [sp, #40]	@ 0x28
100037ce:	17d3      	asrs	r3, r2, #31
100037d0:	18d4      	adds	r4, r2, r3
100037d2:	405c      	eors	r4, r3
100037d4:	0fd3      	lsrs	r3, r2, #31
100037d6:	930a      	str	r3, [sp, #40]	@ 0x28
100037d8:	1e6b      	subs	r3, r5, #1
100037da:	930b      	str	r3, [sp, #44]	@ 0x2c
100037dc:	ab08      	add	r3, sp, #32
100037de:	469c      	mov	ip, r3
100037e0:	2500      	movs	r5, #0
100037e2:	4467      	add	r7, ip
100037e4:	e001      	b.n	100037ea <_etoa+0x136>
100037e6:	2d20      	cmp	r5, #32
100037e8:	d00f      	beq.n	1000380a <_etoa+0x156>
100037ea:	0020      	movs	r0, r4
100037ec:	210a      	movs	r1, #10
100037ee:	f7fe fd25 	bl	1000223c <__wrap___aeabi_uidiv>
100037f2:	3501      	adds	r5, #1
100037f4:	197e      	adds	r6, r7, r5
100037f6:	3130      	adds	r1, #48	@ 0x30
100037f8:	7031      	strb	r1, [r6, #0]
100037fa:	0020      	movs	r0, r4
100037fc:	210a      	movs	r1, #10
100037fe:	f7fe fd1d 	bl	1000223c <__wrap___aeabi_uidiv>
10003802:	0026      	movs	r6, r4
10003804:	0004      	movs	r4, r0
10003806:	2e09      	cmp	r6, #9
10003808:	d8ed      	bhi.n	100037e6 <_etoa+0x132>
1000380a:	2305      	movs	r3, #5
1000380c:	9306      	str	r3, [sp, #24]
1000380e:	9b0b      	ldr	r3, [sp, #44]	@ 0x2c
10003810:	4659      	mov	r1, fp
10003812:	9305      	str	r3, [sp, #20]
10003814:	2300      	movs	r3, #0
10003816:	9304      	str	r3, [sp, #16]
10003818:	330a      	adds	r3, #10
1000381a:	9303      	str	r3, [sp, #12]
1000381c:	9b0a      	ldr	r3, [sp, #40]	@ 0x28
1000381e:	4648      	mov	r0, r9
10003820:	9302      	str	r3, [sp, #8]
10003822:	ab10      	add	r3, sp, #64	@ 0x40
10003824:	9300      	str	r3, [sp, #0]
10003826:	9a08      	ldr	r2, [sp, #32]
10003828:	4643      	mov	r3, r8
1000382a:	9501      	str	r5, [sp, #4]
1000382c:	f7ff fbf8 	bl	10003020 <_ntoa_format>
10003830:	9b0c      	ldr	r3, [sp, #48]	@ 0x30
10003832:	2b00      	cmp	r3, #0
10003834:	d02d      	beq.n	10003892 <_etoa+0x1de>
10003836:	4653      	mov	r3, sl
10003838:	1ac4      	subs	r4, r0, r3
1000383a:	9b25      	ldr	r3, [sp, #148]	@ 0x94
1000383c:	42a3      	cmp	r3, r4
1000383e:	d928      	bls.n	10003892 <_etoa+0x1de>
10003840:	464d      	mov	r5, r9
10003842:	465f      	mov	r7, fp
10003844:	4681      	mov	r9, r0
10003846:	001e      	movs	r6, r3
10003848:	4653      	mov	r3, sl
1000384a:	0039      	movs	r1, r7
1000384c:	191a      	adds	r2, r3, r4
1000384e:	2020      	movs	r0, #32
10003850:	4643      	mov	r3, r8
10003852:	3401      	adds	r4, #1
10003854:	47a8      	blx	r5
10003856:	42a6      	cmp	r6, r4
10003858:	d8f6      	bhi.n	10003848 <_etoa+0x194>
1000385a:	4653      	mov	r3, sl
1000385c:	4648      	mov	r0, r9
1000385e:	9925      	ldr	r1, [sp, #148]	@ 0x94
10003860:	1ac2      	subs	r2, r0, r3
10003862:	3201      	adds	r2, #1
10003864:	2300      	movs	r3, #0
10003866:	4291      	cmp	r1, r2
10003868:	d300      	bcc.n	1000386c <_etoa+0x1b8>
1000386a:	e186      	b.n	10003b7a <_etoa+0x4c6>
1000386c:	3001      	adds	r0, #1
1000386e:	1818      	adds	r0, r3, r0
10003870:	e00f      	b.n	10003892 <_etoa+0x1de>
10003872:	9b26      	ldr	r3, [sp, #152]	@ 0x98
10003874:	9304      	str	r3, [sp, #16]
10003876:	9b25      	ldr	r3, [sp, #148]	@ 0x94
10003878:	9303      	str	r3, [sp, #12]
1000387a:	9b24      	ldr	r3, [sp, #144]	@ 0x90
1000387c:	9302      	str	r3, [sp, #8]
1000387e:	9b22      	ldr	r3, [sp, #136]	@ 0x88
10003880:	9c23      	ldr	r4, [sp, #140]	@ 0x8c
10003882:	9300      	str	r3, [sp, #0]
10003884:	9401      	str	r4, [sp, #4]
10003886:	4643      	mov	r3, r8
10003888:	4652      	mov	r2, sl
1000388a:	4659      	mov	r1, fp
1000388c:	4648      	mov	r0, r9
1000388e:	f7ff fcbd 	bl	1000320c <_ftoa>
10003892:	b019      	add	sp, #100	@ 0x64
10003894:	bcf0      	pop	{r4, r5, r6, r7}
10003896:	46bb      	mov	fp, r7
10003898:	46b2      	mov	sl, r6
1000389a:	46a9      	mov	r9, r5
1000389c:	46a0      	mov	r8, r4
1000389e:	bdf0      	pop	{r4, r5, r6, r7, pc}
100038a0:	4301      	orrs	r1, r0
100038a2:	d12b      	bne.n	100038fc <_etoa+0x248>
100038a4:	9b0b      	ldr	r3, [sp, #44]	@ 0x2c
100038a6:	0022      	movs	r2, r4
100038a8:	2b00      	cmp	r3, #0
100038aa:	d100      	bne.n	100038ae <_etoa+0x1fa>
100038ac:	e754      	b.n	10003758 <_etoa+0xa4>
100038ae:	2300      	movs	r3, #0
100038b0:	930a      	str	r3, [sp, #40]	@ 0x28
100038b2:	9b24      	ldr	r3, [sp, #144]	@ 0x90
100038b4:	9a0a      	ldr	r2, [sp, #40]	@ 0x28
100038b6:	2400      	movs	r4, #0
100038b8:	4293      	cmp	r3, r2
100038ba:	dd00      	ble.n	100038be <_etoa+0x20a>
100038bc:	e185      	b.n	10003bca <_etoa+0x516>
100038be:	9822      	ldr	r0, [sp, #136]	@ 0x88
100038c0:	9923      	ldr	r1, [sp, #140]	@ 0x8c
100038c2:	2200      	movs	r2, #0
100038c4:	2300      	movs	r3, #0
100038c6:	f7fe ff67 	bl	10002798 <__wrap___aeabi_dcmplt>
100038ca:	2800      	cmp	r0, #0
100038cc:	d000      	beq.n	100038d0 <_etoa+0x21c>
100038ce:	e135      	b.n	10003b3c <_etoa+0x488>
100038d0:	9b26      	ldr	r3, [sp, #152]	@ 0x98
100038d2:	4a08      	ldr	r2, [pc, #32]	@ (100038f4 <_etoa+0x240>)
100038d4:	9402      	str	r4, [sp, #8]
100038d6:	401a      	ands	r2, r3
100038d8:	2380      	movs	r3, #128	@ 0x80
100038da:	00db      	lsls	r3, r3, #3
100038dc:	4313      	orrs	r3, r2
100038de:	9304      	str	r3, [sp, #16]
100038e0:	9b25      	ldr	r3, [sp, #148]	@ 0x94
100038e2:	9303      	str	r3, [sp, #12]
100038e4:	9b08      	ldr	r3, [sp, #32]
100038e6:	9c09      	ldr	r4, [sp, #36]	@ 0x24
100038e8:	e7cb      	b.n	10003882 <_etoa+0x1ce>
100038ea:	46c0      	nop			@ (mov r8, r8)
100038ec:	7fefffff 	.word	0x7fefffff
100038f0:	ffefffff 	.word	0xffefffff
100038f4:	fffff7ff 	.word	0xfffff7ff
100038f8:	2306      	movs	r3, #6
100038fa:	9324      	str	r3, [sp, #144]	@ 0x90
100038fc:	4bb4      	ldr	r3, [pc, #720]	@ (10003bd0 <_etoa+0x51c>)
100038fe:	0070      	lsls	r0, r6, #1
10003900:	469c      	mov	ip, r3
10003902:	0d40      	lsrs	r0, r0, #21
10003904:	4460      	add	r0, ip
10003906:	f7fe ff73 	bl	100027f0 <__wrap___aeabi_i2d>
1000390a:	4ab2      	ldr	r2, [pc, #712]	@ (10003bd4 <_etoa+0x520>)
1000390c:	4bb2      	ldr	r3, [pc, #712]	@ (10003bd8 <_etoa+0x524>)
1000390e:	f7fe ff00 	bl	10002712 <__wrap___aeabi_dmul>
10003912:	4ab2      	ldr	r2, [pc, #712]	@ (10003bdc <_etoa+0x528>)
10003914:	4bb2      	ldr	r3, [pc, #712]	@ (10003be0 <_etoa+0x52c>)
10003916:	f7fe fed5 	bl	100026c4 <__wrap___aeabi_dadd>
1000391a:	0336      	lsls	r6, r6, #12
1000391c:	4bb1      	ldr	r3, [pc, #708]	@ (10003be4 <_etoa+0x530>)
1000391e:	0b36      	lsrs	r6, r6, #12
10003920:	4333      	orrs	r3, r6
10003922:	0004      	movs	r4, r0
10003924:	000d      	movs	r5, r1
10003926:	0038      	movs	r0, r7
10003928:	0019      	movs	r1, r3
1000392a:	2200      	movs	r2, #0
1000392c:	4bae      	ldr	r3, [pc, #696]	@ (10003be8 <_etoa+0x534>)
1000392e:	f7fe fec0 	bl	100026b2 <__wrap___aeabi_dsub>
10003932:	4aae      	ldr	r2, [pc, #696]	@ (10003bec <_etoa+0x538>)
10003934:	4bae      	ldr	r3, [pc, #696]	@ (10003bf0 <_etoa+0x53c>)
10003936:	f7fe feec 	bl	10002712 <__wrap___aeabi_dmul>
1000393a:	0002      	movs	r2, r0
1000393c:	000b      	movs	r3, r1
1000393e:	0020      	movs	r0, r4
10003940:	0029      	movs	r1, r5
10003942:	f7fe febf 	bl	100026c4 <__wrap___aeabi_dadd>
10003946:	f7fe ff6b 	bl	10002820 <__wrap___aeabi_d2iz>
1000394a:	900a      	str	r0, [sp, #40]	@ 0x28
1000394c:	f7fe ff50 	bl	100027f0 <__wrap___aeabi_i2d>
10003950:	4aa8      	ldr	r2, [pc, #672]	@ (10003bf4 <_etoa+0x540>)
10003952:	4ba9      	ldr	r3, [pc, #676]	@ (10003bf8 <_etoa+0x544>)
10003954:	0004      	movs	r4, r0
10003956:	000d      	movs	r5, r1
10003958:	f7fe fedb 	bl	10002712 <__wrap___aeabi_dmul>
1000395c:	2200      	movs	r2, #0
1000395e:	4ba7      	ldr	r3, [pc, #668]	@ (10003bfc <_etoa+0x548>)
10003960:	f7fe feb0 	bl	100026c4 <__wrap___aeabi_dadd>
10003964:	f7fe ff5c 	bl	10002820 <__wrap___aeabi_d2iz>
10003968:	4aa5      	ldr	r2, [pc, #660]	@ (10003c00 <_etoa+0x54c>)
1000396a:	0006      	movs	r6, r0
1000396c:	4ba5      	ldr	r3, [pc, #660]	@ (10003c04 <_etoa+0x550>)
1000396e:	0020      	movs	r0, r4
10003970:	0029      	movs	r1, r5
10003972:	f7fe fece 	bl	10002712 <__wrap___aeabi_dmul>
10003976:	0004      	movs	r4, r0
10003978:	0030      	movs	r0, r6
1000397a:	000d      	movs	r5, r1
1000397c:	960c      	str	r6, [sp, #48]	@ 0x30
1000397e:	f7fe ff37 	bl	100027f0 <__wrap___aeabi_i2d>
10003982:	4aa1      	ldr	r2, [pc, #644]	@ (10003c08 <_etoa+0x554>)
10003984:	4ba1      	ldr	r3, [pc, #644]	@ (10003c0c <_etoa+0x558>)
10003986:	f7fe fec4 	bl	10002712 <__wrap___aeabi_dmul>
1000398a:	0002      	movs	r2, r0
1000398c:	000b      	movs	r3, r1
1000398e:	0020      	movs	r0, r4
10003990:	0029      	movs	r1, r5
10003992:	f7fe fe8e 	bl	100026b2 <__wrap___aeabi_dsub>
10003996:	0002      	movs	r2, r0
10003998:	000b      	movs	r3, r1
1000399a:	0006      	movs	r6, r0
1000399c:	000f      	movs	r7, r1
1000399e:	f7fe feb8 	bl	10002712 <__wrap___aeabi_dmul>
100039a2:	0032      	movs	r2, r6
100039a4:	0004      	movs	r4, r0
100039a6:	000d      	movs	r5, r1
100039a8:	003b      	movs	r3, r7
100039aa:	0030      	movs	r0, r6
100039ac:	0039      	movs	r1, r7
100039ae:	f7fe fe89 	bl	100026c4 <__wrap___aeabi_dadd>
100039b2:	2200      	movs	r2, #0
100039b4:	900e      	str	r0, [sp, #56]	@ 0x38
100039b6:	910f      	str	r1, [sp, #60]	@ 0x3c
100039b8:	4b95      	ldr	r3, [pc, #596]	@ (10003c10 <_etoa+0x55c>)
100039ba:	0020      	movs	r0, r4
100039bc:	0029      	movs	r1, r5
100039be:	f7fe fe8a 	bl	100026d6 <__wrap___aeabi_ddiv>
100039c2:	2200      	movs	r2, #0
100039c4:	4b93      	ldr	r3, [pc, #588]	@ (10003c14 <_etoa+0x560>)
100039c6:	f7fe fe7d 	bl	100026c4 <__wrap___aeabi_dadd>
100039ca:	0002      	movs	r2, r0
100039cc:	000b      	movs	r3, r1
100039ce:	0020      	movs	r0, r4
100039d0:	0029      	movs	r1, r5
100039d2:	f7fe fe80 	bl	100026d6 <__wrap___aeabi_ddiv>
100039d6:	2200      	movs	r2, #0
100039d8:	4b8f      	ldr	r3, [pc, #572]	@ (10003c18 <_etoa+0x564>)
100039da:	f7fe fe73 	bl	100026c4 <__wrap___aeabi_dadd>
100039de:	0002      	movs	r2, r0
100039e0:	000b      	movs	r3, r1
100039e2:	0020      	movs	r0, r4
100039e4:	0029      	movs	r1, r5
100039e6:	f7fe fe76 	bl	100026d6 <__wrap___aeabi_ddiv>
100039ea:	000d      	movs	r5, r1
100039ec:	2180      	movs	r1, #128	@ 0x80
100039ee:	0004      	movs	r4, r0
100039f0:	0032      	movs	r2, r6
100039f2:	003b      	movs	r3, r7
100039f4:	2000      	movs	r0, #0
100039f6:	05c9      	lsls	r1, r1, #23
100039f8:	f7fe fe5b 	bl	100026b2 <__wrap___aeabi_dsub>
100039fc:	0002      	movs	r2, r0
100039fe:	000b      	movs	r3, r1
10003a00:	0020      	movs	r0, r4
10003a02:	0029      	movs	r1, r5
10003a04:	f7fe fe5e 	bl	100026c4 <__wrap___aeabi_dadd>
10003a08:	0002      	movs	r2, r0
10003a0a:	000b      	movs	r3, r1
10003a0c:	980e      	ldr	r0, [sp, #56]	@ 0x38
10003a0e:	990f      	ldr	r1, [sp, #60]	@ 0x3c
10003a10:	f7fe fe61 	bl	100026d6 <__wrap___aeabi_ddiv>
10003a14:	2200      	movs	r2, #0
10003a16:	4b73      	ldr	r3, [pc, #460]	@ (10003be4 <_etoa+0x530>)
10003a18:	f7fe fe54 	bl	100026c4 <__wrap___aeabi_dadd>
10003a1c:	4b7f      	ldr	r3, [pc, #508]	@ (10003c1c <_etoa+0x568>)
10003a1e:	9c0c      	ldr	r4, [sp, #48]	@ 0x30
10003a20:	469c      	mov	ip, r3
10003a22:	4464      	add	r4, ip
10003a24:	2200      	movs	r2, #0
10003a26:	0523      	lsls	r3, r4, #20
10003a28:	f7fe fe73 	bl	10002712 <__wrap___aeabi_dmul>
10003a2c:	0006      	movs	r6, r0
10003a2e:	000f      	movs	r7, r1
10003a30:	0002      	movs	r2, r0
10003a32:	000b      	movs	r3, r1
10003a34:	9808      	ldr	r0, [sp, #32]
10003a36:	9909      	ldr	r1, [sp, #36]	@ 0x24
10003a38:	f7fe feae 	bl	10002798 <__wrap___aeabi_dcmplt>
10003a3c:	2800      	cmp	r0, #0
10003a3e:	d00a      	beq.n	10003a56 <_etoa+0x3a2>
10003a40:	9b0a      	ldr	r3, [sp, #40]	@ 0x28
10003a42:	0030      	movs	r0, r6
10003a44:	3b01      	subs	r3, #1
10003a46:	0039      	movs	r1, r7
10003a48:	930a      	str	r3, [sp, #40]	@ 0x28
10003a4a:	2200      	movs	r2, #0
10003a4c:	4b71      	ldr	r3, [pc, #452]	@ (10003c14 <_etoa+0x560>)
10003a4e:	f7fe fe42 	bl	100026d6 <__wrap___aeabi_ddiv>
10003a52:	0006      	movs	r6, r0
10003a54:	000f      	movs	r7, r1
10003a56:	9a0a      	ldr	r2, [sp, #40]	@ 0x28
10003a58:	0033      	movs	r3, r6
10003a5a:	3263      	adds	r2, #99	@ 0x63
10003a5c:	0039      	movs	r1, r7
10003a5e:	2ac6      	cmp	r2, #198	@ 0xc6
10003a60:	d812      	bhi.n	10003a88 <_etoa+0x3d4>
10003a62:	2202      	movs	r2, #2
10003a64:	9826      	ldr	r0, [sp, #152]	@ 0x98
10003a66:	2504      	movs	r5, #4
10003a68:	4010      	ands	r0, r2
10003a6a:	9a0b      	ldr	r2, [sp, #44]	@ 0x2c
10003a6c:	900c      	str	r0, [sp, #48]	@ 0x30
10003a6e:	2a00      	cmp	r2, #0
10003a70:	d125      	bne.n	10003abe <_etoa+0x40a>
10003a72:	9b25      	ldr	r3, [sp, #148]	@ 0x94
10003a74:	2b04      	cmp	r3, #4
10003a76:	d905      	bls.n	10003a84 <_etoa+0x3d0>
10003a78:	2800      	cmp	r0, #0
10003a7a:	d000      	beq.n	10003a7e <_etoa+0x3ca>
10003a7c:	e0a1      	b.n	10003bc2 <_etoa+0x50e>
10003a7e:	9b25      	ldr	r3, [sp, #148]	@ 0x94
10003a80:	3b04      	subs	r3, #4
10003a82:	930b      	str	r3, [sp, #44]	@ 0x2c
10003a84:	2504      	movs	r5, #4
10003a86:	e041      	b.n	10003b0c <_etoa+0x458>
10003a88:	2202      	movs	r2, #2
10003a8a:	9826      	ldr	r0, [sp, #152]	@ 0x98
10003a8c:	4010      	ands	r0, r2
10003a8e:	9a0b      	ldr	r2, [sp, #44]	@ 0x2c
10003a90:	900c      	str	r0, [sp, #48]	@ 0x30
10003a92:	2a00      	cmp	r2, #0
10003a94:	d112      	bne.n	10003abc <_etoa+0x408>
10003a96:	9b25      	ldr	r3, [sp, #148]	@ 0x94
10003a98:	2b05      	cmp	r3, #5
10003a9a:	d976      	bls.n	10003b8a <_etoa+0x4d6>
10003a9c:	2800      	cmp	r0, #0
10003a9e:	d172      	bne.n	10003b86 <_etoa+0x4d2>
10003aa0:	9b25      	ldr	r3, [sp, #148]	@ 0x94
10003aa2:	2505      	movs	r5, #5
10003aa4:	3b05      	subs	r3, #5
10003aa6:	930b      	str	r3, [sp, #44]	@ 0x2c
10003aa8:	e034      	b.n	10003b14 <_etoa+0x460>
10003aaa:	2280      	movs	r2, #128	@ 0x80
10003aac:	0612      	lsls	r2, r2, #24
10003aae:	4694      	mov	ip, r2
10003ab0:	9b22      	ldr	r3, [sp, #136]	@ 0x88
10003ab2:	9308      	str	r3, [sp, #32]
10003ab4:	9b23      	ldr	r3, [sp, #140]	@ 0x8c
10003ab6:	4463      	add	r3, ip
10003ab8:	9309      	str	r3, [sp, #36]	@ 0x24
10003aba:	e630      	b.n	1000371e <_etoa+0x6a>
10003abc:	2505      	movs	r5, #5
10003abe:	430b      	orrs	r3, r1
10003ac0:	d100      	bne.n	10003ac4 <_etoa+0x410>
10003ac2:	e6f6      	b.n	100038b2 <_etoa+0x1fe>
10003ac4:	9808      	ldr	r0, [sp, #32]
10003ac6:	9909      	ldr	r1, [sp, #36]	@ 0x24
10003ac8:	4a55      	ldr	r2, [pc, #340]	@ (10003c20 <_etoa+0x56c>)
10003aca:	4b56      	ldr	r3, [pc, #344]	@ (10003c24 <_etoa+0x570>)
10003acc:	f7fe fe72 	bl	100027b4 <__wrap___aeabi_dcmpge>
10003ad0:	2800      	cmp	r0, #0
10003ad2:	d008      	beq.n	10003ae6 <_etoa+0x432>
10003ad4:	9808      	ldr	r0, [sp, #32]
10003ad6:	9909      	ldr	r1, [sp, #36]	@ 0x24
10003ad8:	2200      	movs	r2, #0
10003ada:	4b53      	ldr	r3, [pc, #332]	@ (10003c28 <_etoa+0x574>)
10003adc:	f7fe fe5c 	bl	10002798 <__wrap___aeabi_dcmplt>
10003ae0:	2800      	cmp	r0, #0
10003ae2:	d000      	beq.n	10003ae6 <_etoa+0x432>
10003ae4:	e6e5      	b.n	100038b2 <_etoa+0x1fe>
10003ae6:	9b24      	ldr	r3, [sp, #144]	@ 0x90
10003ae8:	2b00      	cmp	r3, #0
10003aea:	d01c      	beq.n	10003b26 <_etoa+0x472>
10003aec:	9b0d      	ldr	r3, [sp, #52]	@ 0x34
10003aee:	2b00      	cmp	r3, #0
10003af0:	d019      	beq.n	10003b26 <_etoa+0x472>
10003af2:	9b24      	ldr	r3, [sp, #144]	@ 0x90
10003af4:	3b01      	subs	r3, #1
10003af6:	9324      	str	r3, [sp, #144]	@ 0x90
10003af8:	9b25      	ldr	r3, [sp, #148]	@ 0x94
10003afa:	42ab      	cmp	r3, r5
10003afc:	d904      	bls.n	10003b08 <_etoa+0x454>
10003afe:	9b0c      	ldr	r3, [sp, #48]	@ 0x30
10003b00:	2b00      	cmp	r3, #0
10003b02:	d05a      	beq.n	10003bba <_etoa+0x506>
10003b04:	2302      	movs	r3, #2
10003b06:	930c      	str	r3, [sp, #48]	@ 0x30
10003b08:	2300      	movs	r3, #0
10003b0a:	930b      	str	r3, [sp, #44]	@ 0x2c
10003b0c:	9b0a      	ldr	r3, [sp, #40]	@ 0x28
10003b0e:	2b00      	cmp	r3, #0
10003b10:	d100      	bne.n	10003b14 <_etoa+0x460>
10003b12:	e631      	b.n	10003778 <_etoa+0xc4>
10003b14:	9808      	ldr	r0, [sp, #32]
10003b16:	9909      	ldr	r1, [sp, #36]	@ 0x24
10003b18:	0032      	movs	r2, r6
10003b1a:	003b      	movs	r3, r7
10003b1c:	f7fe fddb 	bl	100026d6 <__wrap___aeabi_ddiv>
10003b20:	9008      	str	r0, [sp, #32]
10003b22:	9109      	str	r1, [sp, #36]	@ 0x24
10003b24:	e628      	b.n	10003778 <_etoa+0xc4>
10003b26:	9b25      	ldr	r3, [sp, #148]	@ 0x94
10003b28:	42ab      	cmp	r3, r5
10003b2a:	d9ed      	bls.n	10003b08 <_etoa+0x454>
10003b2c:	9b0c      	ldr	r3, [sp, #48]	@ 0x30
10003b2e:	2b00      	cmp	r3, #0
10003b30:	d043      	beq.n	10003bba <_etoa+0x506>
10003b32:	2300      	movs	r3, #0
10003b34:	930b      	str	r3, [sp, #44]	@ 0x2c
10003b36:	3302      	adds	r3, #2
10003b38:	930c      	str	r3, [sp, #48]	@ 0x30
10003b3a:	e7e7      	b.n	10003b0c <_etoa+0x458>
10003b3c:	2080      	movs	r0, #128	@ 0x80
10003b3e:	9b26      	ldr	r3, [sp, #152]	@ 0x98
10003b40:	4a3a      	ldr	r2, [pc, #232]	@ (10003c2c <_etoa+0x578>)
10003b42:	0600      	lsls	r0, r0, #24
10003b44:	401a      	ands	r2, r3
10003b46:	2380      	movs	r3, #128	@ 0x80
10003b48:	4684      	mov	ip, r0
10003b4a:	9402      	str	r4, [sp, #8]
10003b4c:	9c08      	ldr	r4, [sp, #32]
10003b4e:	9d09      	ldr	r5, [sp, #36]	@ 0x24
10003b50:	0029      	movs	r1, r5
10003b52:	00db      	lsls	r3, r3, #3
10003b54:	4313      	orrs	r3, r2
10003b56:	9304      	str	r3, [sp, #16]
10003b58:	9b25      	ldr	r3, [sp, #148]	@ 0x94
10003b5a:	4461      	add	r1, ip
10003b5c:	0022      	movs	r2, r4
10003b5e:	9303      	str	r3, [sp, #12]
10003b60:	000b      	movs	r3, r1
10003b62:	9200      	str	r2, [sp, #0]
10003b64:	9301      	str	r3, [sp, #4]
10003b66:	e68e      	b.n	10003886 <_etoa+0x1d2>
10003b68:	2405      	movs	r4, #5
10003b6a:	e6a8      	b.n	100038be <_etoa+0x20a>
10003b6c:	2300      	movs	r3, #0
10003b6e:	930b      	str	r3, [sp, #44]	@ 0x2c
10003b70:	930a      	str	r3, [sp, #40]	@ 0x28
10003b72:	3302      	adds	r3, #2
10003b74:	2504      	movs	r5, #4
10003b76:	930c      	str	r3, [sp, #48]	@ 0x30
10003b78:	e5fe      	b.n	10003778 <_etoa+0xc4>
10003b7a:	4653      	mov	r3, sl
10003b7c:	468c      	mov	ip, r1
10003b7e:	3b01      	subs	r3, #1
10003b80:	4463      	add	r3, ip
10003b82:	1a1b      	subs	r3, r3, r0
10003b84:	e672      	b.n	1000386c <_etoa+0x1b8>
10003b86:	2302      	movs	r3, #2
10003b88:	930c      	str	r3, [sp, #48]	@ 0x30
10003b8a:	2505      	movs	r5, #5
10003b8c:	e7c2      	b.n	10003b14 <_etoa+0x460>
10003b8e:	2304      	movs	r3, #4
10003b90:	e5ed      	b.n	1000376e <_etoa+0xba>
10003b92:	2080      	movs	r0, #128	@ 0x80
10003b94:	9e08      	ldr	r6, [sp, #32]
10003b96:	9f09      	ldr	r7, [sp, #36]	@ 0x24
10003b98:	0600      	lsls	r0, r0, #24
10003b9a:	0039      	movs	r1, r7
10003b9c:	4684      	mov	ip, r0
10003b9e:	9a26      	ldr	r2, [sp, #152]	@ 0x98
10003ba0:	4b22      	ldr	r3, [pc, #136]	@ (10003c2c <_etoa+0x578>)
10003ba2:	4461      	add	r1, ip
10003ba4:	4013      	ands	r3, r2
10003ba6:	9304      	str	r3, [sp, #16]
10003ba8:	9b0b      	ldr	r3, [sp, #44]	@ 0x2c
10003baa:	0032      	movs	r2, r6
10003bac:	9303      	str	r3, [sp, #12]
10003bae:	9b24      	ldr	r3, [sp, #144]	@ 0x90
10003bb0:	9302      	str	r3, [sp, #8]
10003bb2:	000b      	movs	r3, r1
10003bb4:	9200      	str	r2, [sp, #0]
10003bb6:	9301      	str	r3, [sp, #4]
10003bb8:	e5f3      	b.n	100037a2 <_etoa+0xee>
10003bba:	9b25      	ldr	r3, [sp, #148]	@ 0x94
10003bbc:	1b5b      	subs	r3, r3, r5
10003bbe:	930b      	str	r3, [sp, #44]	@ 0x2c
10003bc0:	e7a4      	b.n	10003b0c <_etoa+0x458>
10003bc2:	2302      	movs	r3, #2
10003bc4:	2504      	movs	r5, #4
10003bc6:	930c      	str	r3, [sp, #48]	@ 0x30
10003bc8:	e7a0      	b.n	10003b0c <_etoa+0x458>
10003bca:	1a9c      	subs	r4, r3, r2
10003bcc:	3c01      	subs	r4, #1
10003bce:	e676      	b.n	100038be <_etoa+0x20a>
10003bd0:	fffffc01 	.word	0xfffffc01
10003bd4:	509f79fb 	.word	0x509f79fb
10003bd8:	3fd34413 	.word	0x3fd34413
10003bdc:	8b60c8b3 	.word	0x8b60c8b3
10003be0:	3fc68a28 	.word	0x3fc68a28
10003be4:	3ff00000 	.word	0x3ff00000
10003be8:	3ff80000 	.word	0x3ff80000
10003bec:	636f4361 	.word	0x636f4361
10003bf0:	3fd287a7 	.word	0x3fd287a7
10003bf4:	0979a371 	.word	0x0979a371
10003bf8:	400a934f 	.word	0x400a934f
10003bfc:	3fe00000 	.word	0x3fe00000
10003c00:	bbb55516 	.word	0xbbb55516
10003c04:	40026bb1 	.word	0x40026bb1
10003c08:	fefa39ef 	.word	0xfefa39ef
10003c0c:	3fe62e42 	.word	0x3fe62e42
10003c10:	402c0000 	.word	0x402c0000
10003c14:	40240000 	.word	0x40240000
10003c18:	40180000 	.word	0x40180000
10003c1c:	000003ff 	.word	0x000003ff
10003c20:	eb1c432d 	.word	0xeb1c432d
10003c24:	3f1a36e2 	.word	0x3f1a36e2
10003c28:	412e8480 	.word	0x412e8480
10003c2c:	fffff7ff 	.word	0xfffff7ff

10003c30 <_vsnprintf>:
10003c30:	b5f0      	push	{r4, r5, r6, r7, lr}
10003c32:	46de      	mov	lr, fp
10003c34:	4657      	mov	r7, sl
10003c36:	464e      	mov	r6, r9
10003c38:	4645      	mov	r5, r8
10003c3a:	b5e0      	push	{r5, r6, r7, lr}
10003c3c:	b0a5      	sub	sp, #148	@ 0x94
10003c3e:	001e      	movs	r6, r3
10003c40:	9b2e      	ldr	r3, [sp, #184]	@ 0xb8
10003c42:	4692      	mov	sl, r2
10003c44:	930c      	str	r3, [sp, #48]	@ 0x30
10003c46:	4acd      	ldr	r2, [pc, #820]	@ (10003f7c <_vsnprintf+0x34c>)
10003c48:	4bcd      	ldr	r3, [pc, #820]	@ (10003f80 <_vsnprintf+0x350>)
10003c4a:	4680      	mov	r8, r0
10003c4c:	468b      	mov	fp, r1
10003c4e:	601a      	str	r2, [r3, #0]
10003c50:	2900      	cmp	r1, #0
10003c52:	d100      	bne.n	10003c56 <_vsnprintf+0x26>
10003c54:	e1ea      	b.n	1000402c <_vsnprintf+0x3fc>
10003c56:	2300      	movs	r3, #0
10003c58:	7830      	ldrb	r0, [r6, #0]
10003c5a:	4699      	mov	r9, r3
10003c5c:	2800      	cmp	r0, #0
10003c5e:	d100      	bne.n	10003c62 <_vsnprintf+0x32>
10003c60:	e1ec      	b.n	1000403c <_vsnprintf+0x40c>
10003c62:	4bc8      	ldr	r3, [pc, #800]	@ (10003f84 <_vsnprintf+0x354>)
10003c64:	464c      	mov	r4, r9
10003c66:	930b      	str	r3, [sp, #44]	@ 0x2c
10003c68:	4bc7      	ldr	r3, [pc, #796]	@ (10003f88 <_vsnprintf+0x358>)
10003c6a:	4645      	mov	r5, r8
10003c6c:	4657      	mov	r7, sl
10003c6e:	930e      	str	r3, [sp, #56]	@ 0x38
10003c70:	e00a      	b.n	10003c88 <_vsnprintf+0x58>
10003c72:	1c63      	adds	r3, r4, #1
10003c74:	4698      	mov	r8, r3
10003c76:	0022      	movs	r2, r4
10003c78:	003b      	movs	r3, r7
10003c7a:	4659      	mov	r1, fp
10003c7c:	47a8      	blx	r5
10003c7e:	4644      	mov	r4, r8
10003c80:	7830      	ldrb	r0, [r6, #0]
10003c82:	2800      	cmp	r0, #0
10003c84:	d100      	bne.n	10003c88 <_vsnprintf+0x58>
10003c86:	e087      	b.n	10003d98 <_vsnprintf+0x168>
10003c88:	3601      	adds	r6, #1
10003c8a:	2825      	cmp	r0, #37	@ 0x25
10003c8c:	d1f1      	bne.n	10003c72 <_vsnprintf+0x42>
10003c8e:	2308      	movs	r3, #8
10003c90:	469a      	mov	sl, r3
10003c92:	3b04      	subs	r3, #4
10003c94:	4699      	mov	r9, r3
10003c96:	3b02      	subs	r3, #2
10003c98:	4698      	mov	r8, r3
10003c9a:	3b01      	subs	r3, #1
10003c9c:	2200      	movs	r2, #0
10003c9e:	469c      	mov	ip, r3
10003ca0:	940d      	str	r4, [sp, #52]	@ 0x34
10003ca2:	7830      	ldrb	r0, [r6, #0]
10003ca4:	1c71      	adds	r1, r6, #1
10003ca6:	0003      	movs	r3, r0
10003ca8:	3b20      	subs	r3, #32
10003caa:	b2db      	uxtb	r3, r3
10003cac:	2b10      	cmp	r3, #16
10003cae:	d803      	bhi.n	10003cb8 <_vsnprintf+0x88>
10003cb0:	9c0b      	ldr	r4, [sp, #44]	@ 0x2c
10003cb2:	009b      	lsls	r3, r3, #2
10003cb4:	58e3      	ldr	r3, [r4, r3]
10003cb6:	469f      	mov	pc, r3
10003cb8:	0003      	movs	r3, r0
10003cba:	3b30      	subs	r3, #48	@ 0x30
10003cbc:	4689      	mov	r9, r1
10003cbe:	9c0d      	ldr	r4, [sp, #52]	@ 0x34
10003cc0:	2b09      	cmp	r3, #9
10003cc2:	d93a      	bls.n	10003d3a <_vsnprintf+0x10a>
10003cc4:	2300      	movs	r3, #0
10003cc6:	4698      	mov	r8, r3
10003cc8:	282a      	cmp	r0, #42	@ 0x2a
10003cca:	d100      	bne.n	10003cce <_vsnprintf+0x9e>
10003ccc:	e0c1      	b.n	10003e52 <_vsnprintf+0x222>
10003cce:	2300      	movs	r3, #0
10003cd0:	469a      	mov	sl, r3
10003cd2:	282e      	cmp	r0, #46	@ 0x2e
10003cd4:	d04b      	beq.n	10003d6e <_vsnprintf+0x13e>
10003cd6:	0003      	movs	r3, r0
10003cd8:	3b68      	subs	r3, #104	@ 0x68
10003cda:	b2db      	uxtb	r3, r3
10003cdc:	2b12      	cmp	r3, #18
10003cde:	d81e      	bhi.n	10003d1e <_vsnprintf+0xee>
10003ce0:	990e      	ldr	r1, [sp, #56]	@ 0x38
10003ce2:	009b      	lsls	r3, r3, #2
10003ce4:	58cb      	ldr	r3, [r1, r3]
10003ce6:	469f      	mov	pc, r3
10003ce8:	4663      	mov	r3, ip
10003cea:	000e      	movs	r6, r1
10003cec:	431a      	orrs	r2, r3
10003cee:	e7d8      	b.n	10003ca2 <_vsnprintf+0x72>
10003cf0:	4643      	mov	r3, r8
10003cf2:	000e      	movs	r6, r1
10003cf4:	431a      	orrs	r2, r3
10003cf6:	e7d4      	b.n	10003ca2 <_vsnprintf+0x72>
10003cf8:	464b      	mov	r3, r9
10003cfa:	000e      	movs	r6, r1
10003cfc:	431a      	orrs	r2, r3
10003cfe:	e7d0      	b.n	10003ca2 <_vsnprintf+0x72>
10003d00:	2310      	movs	r3, #16
10003d02:	000e      	movs	r6, r1
10003d04:	431a      	orrs	r2, r3
10003d06:	e7cc      	b.n	10003ca2 <_vsnprintf+0x72>
10003d08:	4653      	mov	r3, sl
10003d0a:	000e      	movs	r6, r1
10003d0c:	431a      	orrs	r2, r3
10003d0e:	e7c8      	b.n	10003ca2 <_vsnprintf+0x72>
10003d10:	2380      	movs	r3, #128	@ 0x80
10003d12:	005b      	lsls	r3, r3, #1
10003d14:	431a      	orrs	r2, r3
10003d16:	3bff      	subs	r3, #255	@ 0xff
10003d18:	469c      	mov	ip, r3
10003d1a:	7870      	ldrb	r0, [r6, #1]
10003d1c:	44e1      	add	r9, ip
10003d1e:	464e      	mov	r6, r9
10003d20:	2867      	cmp	r0, #103	@ 0x67
10003d22:	d84f      	bhi.n	10003dc4 <_vsnprintf+0x194>
10003d24:	2824      	cmp	r0, #36	@ 0x24
10003d26:	d9a4      	bls.n	10003c72 <_vsnprintf+0x42>
10003d28:	0003      	movs	r3, r0
10003d2a:	3b25      	subs	r3, #37	@ 0x25
10003d2c:	b2db      	uxtb	r3, r3
10003d2e:	2b42      	cmp	r3, #66	@ 0x42
10003d30:	d89f      	bhi.n	10003c72 <_vsnprintf+0x42>
10003d32:	4996      	ldr	r1, [pc, #600]	@ (10003f8c <_vsnprintf+0x35c>)
10003d34:	009b      	lsls	r3, r3, #2
10003d36:	58cb      	ldr	r3, [r1, r3]
10003d38:	469f      	mov	pc, r3
10003d3a:	2300      	movs	r3, #0
10003d3c:	4694      	mov	ip, r2
10003d3e:	001e      	movs	r6, r3
10003d40:	e000      	b.n	10003d44 <_vsnprintf+0x114>
10003d42:	3101      	adds	r1, #1
10003d44:	00b3      	lsls	r3, r6, #2
10003d46:	199b      	adds	r3, r3, r6
10003d48:	005b      	lsls	r3, r3, #1
10003d4a:	181e      	adds	r6, r3, r0
10003d4c:	7808      	ldrb	r0, [r1, #0]
10003d4e:	3e30      	subs	r6, #48	@ 0x30
10003d50:	0003      	movs	r3, r0
10003d52:	3b30      	subs	r3, #48	@ 0x30
10003d54:	2b09      	cmp	r3, #9
10003d56:	d9f4      	bls.n	10003d42 <_vsnprintf+0x112>
10003d58:	2301      	movs	r3, #1
10003d5a:	4662      	mov	r2, ip
10003d5c:	4689      	mov	r9, r1
10003d5e:	469c      	mov	ip, r3
10003d60:	2300      	movs	r3, #0
10003d62:	46b0      	mov	r8, r6
10003d64:	469a      	mov	sl, r3
10003d66:	000e      	movs	r6, r1
10003d68:	44e1      	add	r9, ip
10003d6a:	282e      	cmp	r0, #46	@ 0x2e
10003d6c:	d1b3      	bne.n	10003cd6 <_vsnprintf+0xa6>
10003d6e:	2130      	movs	r1, #48	@ 0x30
10003d70:	2080      	movs	r0, #128	@ 0x80
10003d72:	4249      	negs	r1, r1
10003d74:	468c      	mov	ip, r1
10003d76:	00c0      	lsls	r0, r0, #3
10003d78:	4302      	orrs	r2, r0
10003d7a:	7870      	ldrb	r0, [r6, #1]
10003d7c:	464b      	mov	r3, r9
10003d7e:	4484      	add	ip, r0
10003d80:	4661      	mov	r1, ip
10003d82:	2909      	cmp	r1, #9
10003d84:	d800      	bhi.n	10003d88 <_vsnprintf+0x158>
10003d86:	e16c      	b.n	10004062 <_vsnprintf+0x432>
10003d88:	282a      	cmp	r0, #42	@ 0x2a
10003d8a:	d100      	bne.n	10003d8e <_vsnprintf+0x15e>
10003d8c:	e17a      	b.n	10004084 <_vsnprintf+0x454>
10003d8e:	2301      	movs	r3, #1
10003d90:	469c      	mov	ip, r3
10003d92:	464e      	mov	r6, r9
10003d94:	44e1      	add	r9, ip
10003d96:	e79e      	b.n	10003cd6 <_vsnprintf+0xa6>
10003d98:	46a1      	mov	r9, r4
10003d9a:	46a8      	mov	r8, r5
10003d9c:	46ba      	mov	sl, r7
10003d9e:	45ca      	cmp	sl, r9
10003da0:	d803      	bhi.n	10003daa <_vsnprintf+0x17a>
10003da2:	2301      	movs	r3, #1
10003da4:	425b      	negs	r3, r3
10003da6:	4453      	add	r3, sl
10003da8:	4699      	mov	r9, r3
10003daa:	4653      	mov	r3, sl
10003dac:	464a      	mov	r2, r9
10003dae:	4659      	mov	r1, fp
10003db0:	2000      	movs	r0, #0
10003db2:	47c0      	blx	r8
10003db4:	0020      	movs	r0, r4
10003db6:	b025      	add	sp, #148	@ 0x94
10003db8:	bcf0      	pop	{r4, r5, r6, r7}
10003dba:	46bb      	mov	fp, r7
10003dbc:	46b2      	mov	sl, r6
10003dbe:	46a9      	mov	r9, r5
10003dc0:	46a0      	mov	r8, r4
10003dc2:	bdf0      	pop	{r4, r5, r6, r7, pc}
10003dc4:	0003      	movs	r3, r0
10003dc6:	3b69      	subs	r3, #105	@ 0x69
10003dc8:	b2db      	uxtb	r3, r3
10003dca:	930d      	str	r3, [sp, #52]	@ 0x34
10003dcc:	2b0f      	cmp	r3, #15
10003dce:	d900      	bls.n	10003dd2 <_vsnprintf+0x1a2>
10003dd0:	e74f      	b.n	10003c72 <_vsnprintf+0x42>
10003dd2:	2101      	movs	r1, #1
10003dd4:	4099      	lsls	r1, r3
10003dd6:	468c      	mov	ip, r1
10003dd8:	496d      	ldr	r1, [pc, #436]	@ (10003f90 <_vsnprintf+0x360>)
10003dda:	4689      	mov	r9, r1
10003ddc:	4661      	mov	r1, ip
10003dde:	464b      	mov	r3, r9
10003de0:	4019      	ands	r1, r3
10003de2:	910f      	str	r1, [sp, #60]	@ 0x3c
10003de4:	4663      	mov	r3, ip
10003de6:	4649      	mov	r1, r9
10003de8:	420b      	tst	r3, r1
10003dea:	d000      	beq.n	10003dee <_vsnprintf+0x1be>
10003dec:	e128      	b.n	10004040 <_vsnprintf+0x410>
10003dee:	9b0d      	ldr	r3, [sp, #52]	@ 0x34
10003df0:	2b0a      	cmp	r3, #10
10003df2:	d03a      	beq.n	10003e6a <_vsnprintf+0x23a>
10003df4:	2b07      	cmp	r3, #7
10003df6:	d000      	beq.n	10003dfa <_vsnprintf+0x1ca>
10003df8:	e73b      	b.n	10003c72 <_vsnprintf+0x42>
10003dfa:	9b0c      	ldr	r3, [sp, #48]	@ 0x30
10003dfc:	0019      	movs	r1, r3
10003dfe:	c908      	ldmia	r1!, {r3}
10003e00:	4688      	mov	r8, r1
10003e02:	2b00      	cmp	r3, #0
10003e04:	d100      	bne.n	10003e08 <_vsnprintf+0x1d8>
10003e06:	e14b      	b.n	100040a0 <_vsnprintf+0x470>
10003e08:	2021      	movs	r0, #33	@ 0x21
10003e0a:	4302      	orrs	r2, r0
10003e0c:	4691      	mov	r9, r2
10003e0e:	a914      	add	r1, sp, #80	@ 0x50
10003e10:	468c      	mov	ip, r1
10003e12:	221f      	movs	r2, #31
10003e14:	210f      	movs	r1, #15
10003e16:	4462      	add	r2, ip
10003e18:	468c      	mov	ip, r1
10003e1a:	4651      	mov	r1, sl
10003e1c:	950d      	str	r5, [sp, #52]	@ 0x34
10003e1e:	910c      	str	r1, [sp, #48]	@ 0x30
10003e20:	46a2      	mov	sl, r4
10003e22:	0015      	movs	r5, r2
10003e24:	990f      	ldr	r1, [sp, #60]	@ 0x3c
10003e26:	e002      	b.n	10003e2e <_vsnprintf+0x1fe>
10003e28:	2920      	cmp	r1, #32
10003e2a:	d00c      	beq.n	10003e46 <_vsnprintf+0x216>
10003e2c:	0013      	movs	r3, r2
10003e2e:	4664      	mov	r4, ip
10003e30:	401c      	ands	r4, r3
10003e32:	0020      	movs	r0, r4
10003e34:	3037      	adds	r0, #55	@ 0x37
10003e36:	2c09      	cmp	r4, #9
10003e38:	d800      	bhi.n	10003e3c <_vsnprintf+0x20c>
10003e3a:	3807      	subs	r0, #7
10003e3c:	3101      	adds	r1, #1
10003e3e:	5468      	strb	r0, [r5, r1]
10003e40:	091a      	lsrs	r2, r3, #4
10003e42:	2b0f      	cmp	r3, #15
10003e44:	d8f0      	bhi.n	10003e28 <_vsnprintf+0x1f8>
10003e46:	9b0c      	ldr	r3, [sp, #48]	@ 0x30
10003e48:	4654      	mov	r4, sl
10003e4a:	9d0d      	ldr	r5, [sp, #52]	@ 0x34
10003e4c:	469a      	mov	sl, r3
10003e4e:	910f      	str	r1, [sp, #60]	@ 0x3c
10003e50:	e133      	b.n	100040ba <_vsnprintf+0x48a>
10003e52:	9b0c      	ldr	r3, [sp, #48]	@ 0x30
10003e54:	cb02      	ldmia	r3!, {r1}
10003e56:	4688      	mov	r8, r1
10003e58:	2900      	cmp	r1, #0
10003e5a:	db47      	blt.n	10003eec <_vsnprintf+0x2bc>
10003e5c:	930c      	str	r3, [sp, #48]	@ 0x30
10003e5e:	2301      	movs	r3, #1
10003e60:	469c      	mov	ip, r3
10003e62:	7870      	ldrb	r0, [r6, #1]
10003e64:	464e      	mov	r6, r9
10003e66:	44e1      	add	r9, ip
10003e68:	e731      	b.n	10003cce <_vsnprintf+0x9e>
10003e6a:	9b0c      	ldr	r3, [sp, #48]	@ 0x30
10003e6c:	cb02      	ldmia	r3!, {r1}
10003e6e:	9314      	str	r3, [sp, #80]	@ 0x50
10003e70:	4653      	mov	r3, sl
10003e72:	2b00      	cmp	r3, #0
10003e74:	d100      	bne.n	10003e78 <_vsnprintf+0x248>
10003e76:	e138      	b.n	100040ea <_vsnprintf+0x4ba>
10003e78:	469c      	mov	ip, r3
10003e7a:	7808      	ldrb	r0, [r1, #0]
10003e7c:	000b      	movs	r3, r1
10003e7e:	900c      	str	r0, [sp, #48]	@ 0x30
10003e80:	448c      	add	ip, r1
10003e82:	2800      	cmp	r0, #0
10003e84:	d101      	bne.n	10003e8a <_vsnprintf+0x25a>
10003e86:	f000 fc98 	bl	100047ba <_vsnprintf+0xb8a>
10003e8a:	4689      	mov	r9, r1
10003e8c:	4661      	mov	r1, ip
10003e8e:	4694      	mov	ip, r2
10003e90:	e003      	b.n	10003e9a <_vsnprintf+0x26a>
10003e92:	785a      	ldrb	r2, [r3, #1]
10003e94:	3301      	adds	r3, #1
10003e96:	2a00      	cmp	r2, #0
10003e98:	d001      	beq.n	10003e9e <_vsnprintf+0x26e>
10003e9a:	428b      	cmp	r3, r1
10003e9c:	d1f9      	bne.n	10003e92 <_vsnprintf+0x262>
10003e9e:	4649      	mov	r1, r9
10003ea0:	4662      	mov	r2, ip
10003ea2:	1a5b      	subs	r3, r3, r1
10003ea4:	900c      	str	r0, [sp, #48]	@ 0x30
10003ea6:	930f      	str	r3, [sp, #60]	@ 0x3c
10003ea8:	0553      	lsls	r3, r2, #21
10003eaa:	d500      	bpl.n	10003eae <_vsnprintf+0x27e>
10003eac:	e120      	b.n	100040f0 <_vsnprintf+0x4c0>
10003eae:	2302      	movs	r3, #2
10003eb0:	0018      	movs	r0, r3
10003eb2:	4010      	ands	r0, r2
10003eb4:	900d      	str	r0, [sp, #52]	@ 0x34
10003eb6:	4213      	tst	r3, r2
10003eb8:	d100      	bne.n	10003ebc <_vsnprintf+0x28c>
10003eba:	e3cb      	b.n	10004654 <_vsnprintf+0xa24>
10003ebc:	930d      	str	r3, [sp, #52]	@ 0x34
10003ebe:	1b0b      	subs	r3, r1, r4
10003ec0:	46b1      	mov	r9, r6
10003ec2:	469a      	mov	sl, r3
10003ec4:	465e      	mov	r6, fp
10003ec6:	980c      	ldr	r0, [sp, #48]	@ 0x30
10003ec8:	0022      	movs	r2, r4
10003eca:	003b      	movs	r3, r7
10003ecc:	0031      	movs	r1, r6
10003ece:	47a8      	blx	r5
10003ed0:	4653      	mov	r3, sl
10003ed2:	3401      	adds	r4, #1
10003ed4:	5d18      	ldrb	r0, [r3, r4]
10003ed6:	2800      	cmp	r0, #0
10003ed8:	d1f6      	bne.n	10003ec8 <_vsnprintf+0x298>
10003eda:	46b3      	mov	fp, r6
10003edc:	464e      	mov	r6, r9
10003ede:	9b0d      	ldr	r3, [sp, #52]	@ 0x34
10003ee0:	2b00      	cmp	r3, #0
10003ee2:	d000      	beq.n	10003ee6 <_vsnprintf+0x2b6>
10003ee4:	e1c7      	b.n	10004276 <_vsnprintf+0x646>
10003ee6:	9b14      	ldr	r3, [sp, #80]	@ 0x50
10003ee8:	930c      	str	r3, [sp, #48]	@ 0x30
10003eea:	e6c9      	b.n	10003c80 <_vsnprintf+0x50>
10003eec:	930c      	str	r3, [sp, #48]	@ 0x30
10003eee:	2301      	movs	r3, #1
10003ef0:	469c      	mov	ip, r3
10003ef2:	3828      	subs	r0, #40	@ 0x28
10003ef4:	4249      	negs	r1, r1
10003ef6:	4302      	orrs	r2, r0
10003ef8:	4688      	mov	r8, r1
10003efa:	7870      	ldrb	r0, [r6, #1]
10003efc:	464e      	mov	r6, r9
10003efe:	44e1      	add	r9, ip
10003f00:	e6e5      	b.n	10003cce <_vsnprintf+0x9e>
10003f02:	7870      	ldrb	r0, [r6, #1]
10003f04:	286c      	cmp	r0, #108	@ 0x6c
10003f06:	d100      	bne.n	10003f0a <_vsnprintf+0x2da>
10003f08:	e17f      	b.n	1000420a <_vsnprintf+0x5da>
10003f0a:	2380      	movs	r3, #128	@ 0x80
10003f0c:	005b      	lsls	r3, r3, #1
10003f0e:	431a      	orrs	r2, r3
10003f10:	3bff      	subs	r3, #255	@ 0xff
10003f12:	469c      	mov	ip, r3
10003f14:	44e1      	add	r9, ip
10003f16:	e702      	b.n	10003d1e <_vsnprintf+0xee>
10003f18:	2380      	movs	r3, #128	@ 0x80
10003f1a:	009b      	lsls	r3, r3, #2
10003f1c:	431a      	orrs	r2, r3
10003f1e:	2301      	movs	r3, #1
10003f20:	469c      	mov	ip, r3
10003f22:	7870      	ldrb	r0, [r6, #1]
10003f24:	44e1      	add	r9, ip
10003f26:	e6fa      	b.n	10003d1e <_vsnprintf+0xee>
10003f28:	7870      	ldrb	r0, [r6, #1]
10003f2a:	2868      	cmp	r0, #104	@ 0x68
10003f2c:	d100      	bne.n	10003f30 <_vsnprintf+0x300>
10003f2e:	e173      	b.n	10004218 <_vsnprintf+0x5e8>
10003f30:	2380      	movs	r3, #128	@ 0x80
10003f32:	431a      	orrs	r2, r3
10003f34:	3b7f      	subs	r3, #127	@ 0x7f
10003f36:	469c      	mov	ip, r3
10003f38:	44e1      	add	r9, ip
10003f3a:	e6f0      	b.n	10003d1e <_vsnprintf+0xee>
10003f3c:	2867      	cmp	r0, #103	@ 0x67
10003f3e:	d100      	bne.n	10003f42 <_vsnprintf+0x312>
10003f40:	e103      	b.n	1000414a <_vsnprintf+0x51a>
10003f42:	2847      	cmp	r0, #71	@ 0x47
10003f44:	d100      	bne.n	10003f48 <_vsnprintf+0x318>
10003f46:	e15a      	b.n	100041fe <_vsnprintf+0x5ce>
10003f48:	2845      	cmp	r0, #69	@ 0x45
10003f4a:	d100      	bne.n	10003f4e <_vsnprintf+0x31e>
10003f4c:	e15a      	b.n	10004204 <_vsnprintf+0x5d4>
10003f4e:	9204      	str	r2, [sp, #16]
10003f50:	2107      	movs	r1, #7
10003f52:	4642      	mov	r2, r8
10003f54:	9b0c      	ldr	r3, [sp, #48]	@ 0x30
10003f56:	9203      	str	r2, [sp, #12]
10003f58:	3307      	adds	r3, #7
10003f5a:	4652      	mov	r2, sl
10003f5c:	438b      	bics	r3, r1
10003f5e:	0019      	movs	r1, r3
10003f60:	9202      	str	r2, [sp, #8]
10003f62:	c90c      	ldmia	r1!, {r2, r3}
10003f64:	0028      	movs	r0, r5
10003f66:	9200      	str	r2, [sp, #0]
10003f68:	9301      	str	r3, [sp, #4]
10003f6a:	910c      	str	r1, [sp, #48]	@ 0x30
10003f6c:	0022      	movs	r2, r4
10003f6e:	003b      	movs	r3, r7
10003f70:	4659      	mov	r1, fp
10003f72:	f7ff fb9f 	bl	100036b4 <_etoa>
10003f76:	0004      	movs	r4, r0
10003f78:	e682      	b.n	10003c80 <_vsnprintf+0x50>
10003f7a:	46c0      	nop			@ (mov r8, r8)
10003f7c:	10003c31 	.word	0x10003c31
10003f80:	20001334 	.word	0x20001334
10003f84:	10008e38 	.word	0x10008e38
10003f88:	10008e7c 	.word	0x10008e7c
10003f8c:	10008ec8 	.word	0x10008ec8
10003f90:	00009041 	.word	0x00009041
10003f94:	2846      	cmp	r0, #70	@ 0x46
10003f96:	d100      	bne.n	10003f9a <_vsnprintf+0x36a>
10003f98:	e0db      	b.n	10004152 <_vsnprintf+0x522>
10003f9a:	9204      	str	r2, [sp, #16]
10003f9c:	2107      	movs	r1, #7
10003f9e:	4642      	mov	r2, r8
10003fa0:	9b0c      	ldr	r3, [sp, #48]	@ 0x30
10003fa2:	9203      	str	r2, [sp, #12]
10003fa4:	3307      	adds	r3, #7
10003fa6:	4652      	mov	r2, sl
10003fa8:	438b      	bics	r3, r1
10003faa:	0019      	movs	r1, r3
10003fac:	9202      	str	r2, [sp, #8]
10003fae:	c90c      	ldmia	r1!, {r2, r3}
10003fb0:	0028      	movs	r0, r5
10003fb2:	9200      	str	r2, [sp, #0]
10003fb4:	9301      	str	r3, [sp, #4]
10003fb6:	910c      	str	r1, [sp, #48]	@ 0x30
10003fb8:	0022      	movs	r2, r4
10003fba:	003b      	movs	r3, r7
10003fbc:	4659      	mov	r1, fp
10003fbe:	f7ff f925 	bl	1000320c <_ftoa>
10003fc2:	0004      	movs	r4, r0
10003fc4:	e65c      	b.n	10003c80 <_vsnprintf+0x50>
10003fc6:	1c63      	adds	r3, r4, #1
10003fc8:	4698      	mov	r8, r3
10003fca:	0022      	movs	r2, r4
10003fcc:	003b      	movs	r3, r7
10003fce:	4659      	mov	r1, fp
10003fd0:	2025      	movs	r0, #37	@ 0x25
10003fd2:	47a8      	blx	r5
10003fd4:	4644      	mov	r4, r8
10003fd6:	e653      	b.n	10003c80 <_vsnprintf+0x50>
10003fd8:	9b0c      	ldr	r3, [sp, #48]	@ 0x30
10003fda:	3304      	adds	r3, #4
10003fdc:	930d      	str	r3, [sp, #52]	@ 0x34
10003fde:	1c63      	adds	r3, r4, #1
10003fe0:	4699      	mov	r9, r3
10003fe2:	0792      	lsls	r2, r2, #30
10003fe4:	d400      	bmi.n	10003fe8 <_vsnprintf+0x3b8>
10003fe6:	e122      	b.n	1000422e <_vsnprintf+0x5fe>
10003fe8:	9b0c      	ldr	r3, [sp, #48]	@ 0x30
10003fea:	0022      	movs	r2, r4
10003fec:	7818      	ldrb	r0, [r3, #0]
10003fee:	4659      	mov	r1, fp
10003ff0:	003b      	movs	r3, r7
10003ff2:	47a8      	blx	r5
10003ff4:	4643      	mov	r3, r8
10003ff6:	4444      	add	r4, r8
10003ff8:	2b01      	cmp	r3, #1
10003ffa:	d800      	bhi.n	10003ffe <_vsnprintf+0x3ce>
10003ffc:	e285      	b.n	1000450a <_vsnprintf+0x8da>
10003ffe:	0033      	movs	r3, r6
10004000:	46b8      	mov	r8, r7
10004002:	002e      	movs	r6, r5
10004004:	465f      	mov	r7, fp
10004006:	0025      	movs	r5, r4
10004008:	464c      	mov	r4, r9
1000400a:	4699      	mov	r9, r3
1000400c:	0022      	movs	r2, r4
1000400e:	4643      	mov	r3, r8
10004010:	3401      	adds	r4, #1
10004012:	0039      	movs	r1, r7
10004014:	2020      	movs	r0, #32
10004016:	47b0      	blx	r6
10004018:	42ac      	cmp	r4, r5
1000401a:	d1f7      	bne.n	1000400c <_vsnprintf+0x3dc>
1000401c:	002c      	movs	r4, r5
1000401e:	46bb      	mov	fp, r7
10004020:	0035      	movs	r5, r6
10004022:	4647      	mov	r7, r8
10004024:	464e      	mov	r6, r9
10004026:	9b0d      	ldr	r3, [sp, #52]	@ 0x34
10004028:	930c      	str	r3, [sp, #48]	@ 0x30
1000402a:	e629      	b.n	10003c80 <_vsnprintf+0x50>
1000402c:	4bdb      	ldr	r3, [pc, #876]	@ (1000439c <_vsnprintf+0x76c>)
1000402e:	7830      	ldrb	r0, [r6, #0]
10004030:	4698      	mov	r8, r3
10004032:	2300      	movs	r3, #0
10004034:	4699      	mov	r9, r3
10004036:	2800      	cmp	r0, #0
10004038:	d000      	beq.n	1000403c <_vsnprintf+0x40c>
1000403a:	e612      	b.n	10003c62 <_vsnprintf+0x32>
1000403c:	2400      	movs	r4, #0
1000403e:	e6ae      	b.n	10003d9e <_vsnprintf+0x16e>
10004040:	286f      	cmp	r0, #111	@ 0x6f
10004042:	d100      	bne.n	10004046 <_vsnprintf+0x416>
10004044:	e088      	b.n	10004158 <_vsnprintf+0x528>
10004046:	d800      	bhi.n	1000404a <_vsnprintf+0x41a>
10004048:	e30b      	b.n	10004662 <_vsnprintf+0xa32>
1000404a:	2310      	movs	r3, #16
1000404c:	2878      	cmp	r0, #120	@ 0x78
1000404e:	d100      	bne.n	10004052 <_vsnprintf+0x422>
10004050:	e0cf      	b.n	100041f2 <_vsnprintf+0x5c2>
10004052:	439a      	bics	r2, r3
10004054:	230a      	movs	r3, #10
10004056:	469c      	mov	ip, r3
10004058:	2300      	movs	r3, #0
1000405a:	930f      	str	r3, [sp, #60]	@ 0x3c
1000405c:	330a      	adds	r3, #10
1000405e:	930d      	str	r3, [sp, #52]	@ 0x34
10004060:	e080      	b.n	10004164 <_vsnprintf+0x534>
10004062:	4656      	mov	r6, sl
10004064:	00b1      	lsls	r1, r6, #2
10004066:	1989      	adds	r1, r1, r6
10004068:	0049      	lsls	r1, r1, #1
1000406a:	3301      	adds	r3, #1
1000406c:	180e      	adds	r6, r1, r0
1000406e:	7818      	ldrb	r0, [r3, #0]
10004070:	3e30      	subs	r6, #48	@ 0x30
10004072:	0001      	movs	r1, r0
10004074:	3930      	subs	r1, #48	@ 0x30
10004076:	2909      	cmp	r1, #9
10004078:	d9f4      	bls.n	10004064 <_vsnprintf+0x434>
1000407a:	46b2      	mov	sl, r6
1000407c:	001e      	movs	r6, r3
1000407e:	3301      	adds	r3, #1
10004080:	4699      	mov	r9, r3
10004082:	e628      	b.n	10003cd6 <_vsnprintf+0xa6>
10004084:	9b0c      	ldr	r3, [sp, #48]	@ 0x30
10004086:	3602      	adds	r6, #2
10004088:	cb02      	ldmia	r3!, {r1}
1000408a:	468a      	mov	sl, r1
1000408c:	43c9      	mvns	r1, r1
1000408e:	4650      	mov	r0, sl
10004090:	17c9      	asrs	r1, r1, #31
10004092:	4008      	ands	r0, r1
10004094:	4682      	mov	sl, r0
10004096:	930c      	str	r3, [sp, #48]	@ 0x30
10004098:	7830      	ldrb	r0, [r6, #0]
1000409a:	1c73      	adds	r3, r6, #1
1000409c:	4699      	mov	r9, r3
1000409e:	e61a      	b.n	10003cd6 <_vsnprintf+0xa6>
100040a0:	2310      	movs	r3, #16
100040a2:	0010      	movs	r0, r2
100040a4:	4398      	bics	r0, r3
100040a6:	3311      	adds	r3, #17
100040a8:	4318      	orrs	r0, r3
100040aa:	4681      	mov	r9, r0
100040ac:	2080      	movs	r0, #128	@ 0x80
100040ae:	0013      	movs	r3, r2
100040b0:	00c0      	lsls	r0, r0, #3
100040b2:	4003      	ands	r3, r0
100040b4:	4202      	tst	r2, r0
100040b6:	d100      	bne.n	100040ba <_vsnprintf+0x48a>
100040b8:	e6a9      	b.n	10003e0e <_vsnprintf+0x1de>
100040ba:	464b      	mov	r3, r9
100040bc:	9306      	str	r3, [sp, #24]
100040be:	2308      	movs	r3, #8
100040c0:	9305      	str	r3, [sp, #20]
100040c2:	4653      	mov	r3, sl
100040c4:	9304      	str	r3, [sp, #16]
100040c6:	2310      	movs	r3, #16
100040c8:	9303      	str	r3, [sp, #12]
100040ca:	2300      	movs	r3, #0
100040cc:	9302      	str	r3, [sp, #8]
100040ce:	9b0f      	ldr	r3, [sp, #60]	@ 0x3c
100040d0:	0022      	movs	r2, r4
100040d2:	9301      	str	r3, [sp, #4]
100040d4:	ab1c      	add	r3, sp, #112	@ 0x70
100040d6:	9300      	str	r3, [sp, #0]
100040d8:	4659      	mov	r1, fp
100040da:	003b      	movs	r3, r7
100040dc:	0028      	movs	r0, r5
100040de:	f7fe ff9f 	bl	10003020 <_ntoa_format>
100040e2:	4643      	mov	r3, r8
100040e4:	0004      	movs	r4, r0
100040e6:	930c      	str	r3, [sp, #48]	@ 0x30
100040e8:	e5ca      	b.n	10003c80 <_vsnprintf+0x50>
100040ea:	2301      	movs	r3, #1
100040ec:	425b      	negs	r3, r3
100040ee:	e6c3      	b.n	10003e78 <_vsnprintf+0x248>
100040f0:	9b0f      	ldr	r3, [sp, #60]	@ 0x3c
100040f2:	4553      	cmp	r3, sl
100040f4:	d901      	bls.n	100040fa <_vsnprintf+0x4ca>
100040f6:	4653      	mov	r3, sl
100040f8:	930f      	str	r3, [sp, #60]	@ 0x3c
100040fa:	2302      	movs	r3, #2
100040fc:	0018      	movs	r0, r3
100040fe:	4010      	ands	r0, r2
10004100:	900d      	str	r0, [sp, #52]	@ 0x34
10004102:	4213      	tst	r3, r2
10004104:	d100      	bne.n	10004108 <_vsnprintf+0x4d8>
10004106:	e1b7      	b.n	10004478 <_vsnprintf+0x848>
10004108:	930d      	str	r3, [sp, #52]	@ 0x34
1000410a:	46d1      	mov	r9, sl
1000410c:	1b0b      	subs	r3, r1, r4
1000410e:	469a      	mov	sl, r3
10004110:	0033      	movs	r3, r6
10004112:	44a1      	add	r9, r4
10004114:	002e      	movs	r6, r5
10004116:	0022      	movs	r2, r4
10004118:	464d      	mov	r5, r9
1000411a:	980c      	ldr	r0, [sp, #48]	@ 0x30
1000411c:	46b9      	mov	r9, r7
1000411e:	465f      	mov	r7, fp
10004120:	469b      	mov	fp, r3
10004122:	e008      	b.n	10004136 <_vsnprintf+0x506>
10004124:	464b      	mov	r3, r9
10004126:	0039      	movs	r1, r7
10004128:	1c54      	adds	r4, r2, #1
1000412a:	47b0      	blx	r6
1000412c:	4653      	mov	r3, sl
1000412e:	5d18      	ldrb	r0, [r3, r4]
10004130:	2800      	cmp	r0, #0
10004132:	d077      	beq.n	10004224 <_vsnprintf+0x5f4>
10004134:	0022      	movs	r2, r4
10004136:	4295      	cmp	r5, r2
10004138:	d1f4      	bne.n	10004124 <_vsnprintf+0x4f4>
1000413a:	465b      	mov	r3, fp
1000413c:	46bb      	mov	fp, r7
1000413e:	464f      	mov	r7, r9
10004140:	46a9      	mov	r9, r5
10004142:	0035      	movs	r5, r6
10004144:	464c      	mov	r4, r9
10004146:	001e      	movs	r6, r3
10004148:	e6c9      	b.n	10003ede <_vsnprintf+0x2ae>
1000414a:	2380      	movs	r3, #128	@ 0x80
1000414c:	011b      	lsls	r3, r3, #4
1000414e:	431a      	orrs	r2, r3
10004150:	e6fd      	b.n	10003f4e <_vsnprintf+0x31e>
10004152:	2320      	movs	r3, #32
10004154:	431a      	orrs	r2, r3
10004156:	e720      	b.n	10003f9a <_vsnprintf+0x36a>
10004158:	2308      	movs	r3, #8
1000415a:	469c      	mov	ip, r3
1000415c:	2300      	movs	r3, #0
1000415e:	930f      	str	r3, [sp, #60]	@ 0x3c
10004160:	3308      	adds	r3, #8
10004162:	930d      	str	r3, [sp, #52]	@ 0x34
10004164:	2380      	movs	r3, #128	@ 0x80
10004166:	0011      	movs	r1, r2
10004168:	00db      	lsls	r3, r3, #3
1000416a:	4019      	ands	r1, r3
1000416c:	421a      	tst	r2, r3
1000416e:	d100      	bne.n	10004172 <_vsnprintf+0x542>
10004170:	e116      	b.n	100043a0 <_vsnprintf+0x770>
10004172:	230d      	movs	r3, #13
10004174:	439a      	bics	r2, r3
10004176:	0010      	movs	r0, r2
10004178:	2380      	movs	r3, #128	@ 0x80
1000417a:	0002      	movs	r2, r0
1000417c:	009b      	lsls	r3, r3, #2
1000417e:	401a      	ands	r2, r3
10004180:	9214      	str	r2, [sp, #80]	@ 0x50
10004182:	4218      	tst	r0, r3
10004184:	d000      	beq.n	10004188 <_vsnprintf+0x558>
10004186:	e1c2      	b.n	1000450e <_vsnprintf+0x8de>
10004188:	2380      	movs	r3, #128	@ 0x80
1000418a:	0002      	movs	r2, r0
1000418c:	005b      	lsls	r3, r3, #1
1000418e:	401a      	ands	r2, r3
10004190:	4691      	mov	r9, r2
10004192:	9a0c      	ldr	r2, [sp, #48]	@ 0x30
10004194:	3204      	adds	r2, #4
10004196:	920f      	str	r2, [sp, #60]	@ 0x3c
10004198:	4218      	tst	r0, r3
1000419a:	d000      	beq.n	1000419e <_vsnprintf+0x56e>
1000419c:	e2b7      	b.n	1000470e <_vsnprintf+0xade>
1000419e:	0643      	lsls	r3, r0, #25
100041a0:	d500      	bpl.n	100041a4 <_vsnprintf+0x574>
100041a2:	e19f      	b.n	100044e4 <_vsnprintf+0x8b4>
100041a4:	0603      	lsls	r3, r0, #24
100041a6:	d400      	bmi.n	100041aa <_vsnprintf+0x57a>
100041a8:	e319      	b.n	100047de <_vsnprintf+0xbae>
100041aa:	9b0c      	ldr	r3, [sp, #48]	@ 0x30
100041ac:	881b      	ldrh	r3, [r3, #0]
100041ae:	9309      	str	r3, [sp, #36]	@ 0x24
100041b0:	2b00      	cmp	r3, #0
100041b2:	d000      	beq.n	100041b6 <_vsnprintf+0x586>
100041b4:	e1fc      	b.n	100045b0 <_vsnprintf+0x980>
100041b6:	3310      	adds	r3, #16
100041b8:	4398      	bics	r0, r3
100041ba:	2900      	cmp	r1, #0
100041bc:	d100      	bne.n	100041c0 <_vsnprintf+0x590>
100041be:	e1f7      	b.n	100045b0 <_vsnprintf+0x980>
100041c0:	2300      	movs	r3, #0
100041c2:	4699      	mov	r9, r3
100041c4:	4643      	mov	r3, r8
100041c6:	9305      	str	r3, [sp, #20]
100041c8:	4653      	mov	r3, sl
100041ca:	9304      	str	r3, [sp, #16]
100041cc:	9b0d      	ldr	r3, [sp, #52]	@ 0x34
100041ce:	9006      	str	r0, [sp, #24]
100041d0:	9303      	str	r3, [sp, #12]
100041d2:	2300      	movs	r3, #0
100041d4:	e0d2      	b.n	1000437c <_vsnprintf+0x74c>
100041d6:	2858      	cmp	r0, #88	@ 0x58
100041d8:	d008      	beq.n	100041ec <_vsnprintf+0x5bc>
100041da:	2862      	cmp	r0, #98	@ 0x62
100041dc:	d167      	bne.n	100042ae <_vsnprintf+0x67e>
100041de:	2302      	movs	r3, #2
100041e0:	469c      	mov	ip, r3
100041e2:	2300      	movs	r3, #0
100041e4:	930f      	str	r3, [sp, #60]	@ 0x3c
100041e6:	3302      	adds	r3, #2
100041e8:	930d      	str	r3, [sp, #52]	@ 0x34
100041ea:	e7bb      	b.n	10004164 <_vsnprintf+0x534>
100041ec:	2320      	movs	r3, #32
100041ee:	431a      	orrs	r2, r3
100041f0:	3b10      	subs	r3, #16
100041f2:	469c      	mov	ip, r3
100041f4:	2300      	movs	r3, #0
100041f6:	930f      	str	r3, [sp, #60]	@ 0x3c
100041f8:	3310      	adds	r3, #16
100041fa:	930d      	str	r3, [sp, #52]	@ 0x34
100041fc:	e7b2      	b.n	10004164 <_vsnprintf+0x534>
100041fe:	2380      	movs	r3, #128	@ 0x80
10004200:	011b      	lsls	r3, r3, #4
10004202:	431a      	orrs	r2, r3
10004204:	2320      	movs	r3, #32
10004206:	431a      	orrs	r2, r3
10004208:	e6a1      	b.n	10003f4e <_vsnprintf+0x31e>
1000420a:	23c0      	movs	r3, #192	@ 0xc0
1000420c:	009b      	lsls	r3, r3, #2
1000420e:	431a      	orrs	r2, r3
10004210:	1cf3      	adds	r3, r6, #3
10004212:	4699      	mov	r9, r3
10004214:	78b0      	ldrb	r0, [r6, #2]
10004216:	e582      	b.n	10003d1e <_vsnprintf+0xee>
10004218:	23c0      	movs	r3, #192	@ 0xc0
1000421a:	431a      	orrs	r2, r3
1000421c:	1cf3      	adds	r3, r6, #3
1000421e:	4699      	mov	r9, r3
10004220:	78b0      	ldrb	r0, [r6, #2]
10004222:	e57c      	b.n	10003d1e <_vsnprintf+0xee>
10004224:	0035      	movs	r5, r6
10004226:	465e      	mov	r6, fp
10004228:	46bb      	mov	fp, r7
1000422a:	464f      	mov	r7, r9
1000422c:	e657      	b.n	10003ede <_vsnprintf+0x2ae>
1000422e:	4643      	mov	r3, r8
10004230:	2b01      	cmp	r3, #1
10004232:	d800      	bhi.n	10004236 <_vsnprintf+0x606>
10004234:	e163      	b.n	100044fe <_vsnprintf+0x8ce>
10004236:	1e63      	subs	r3, r4, #1
10004238:	4443      	add	r3, r8
1000423a:	469a      	mov	sl, r3
1000423c:	0033      	movs	r3, r6
1000423e:	46b9      	mov	r9, r7
10004240:	002e      	movs	r6, r5
10004242:	465f      	mov	r7, fp
10004244:	4655      	mov	r5, sl
10004246:	469b      	mov	fp, r3
10004248:	46a2      	mov	sl, r4
1000424a:	0022      	movs	r2, r4
1000424c:	464b      	mov	r3, r9
1000424e:	3401      	adds	r4, #1
10004250:	0039      	movs	r1, r7
10004252:	2020      	movs	r0, #32
10004254:	47b0      	blx	r6
10004256:	42ac      	cmp	r4, r5
10004258:	d1f7      	bne.n	1000424a <_vsnprintf+0x61a>
1000425a:	0035      	movs	r5, r6
1000425c:	465e      	mov	r6, fp
1000425e:	46bb      	mov	fp, r7
10004260:	464f      	mov	r7, r9
10004262:	46a1      	mov	r9, r4
10004264:	4654      	mov	r4, sl
10004266:	9b0c      	ldr	r3, [sp, #48]	@ 0x30
10004268:	464a      	mov	r2, r9
1000426a:	7818      	ldrb	r0, [r3, #0]
1000426c:	4659      	mov	r1, fp
1000426e:	003b      	movs	r3, r7
10004270:	4444      	add	r4, r8
10004272:	47a8      	blx	r5
10004274:	e6d7      	b.n	10004026 <_vsnprintf+0x3f6>
10004276:	46a1      	mov	r9, r4
10004278:	9b0f      	ldr	r3, [sp, #60]	@ 0x3c
1000427a:	4598      	cmp	r8, r3
1000427c:	d800      	bhi.n	10004280 <_vsnprintf+0x650>
1000427e:	e632      	b.n	10003ee6 <_vsnprintf+0x2b6>
10004280:	4444      	add	r4, r8
10004282:	1ae4      	subs	r4, r4, r3
10004284:	0033      	movs	r3, r6
10004286:	46b8      	mov	r8, r7
10004288:	002e      	movs	r6, r5
1000428a:	465f      	mov	r7, fp
1000428c:	0025      	movs	r5, r4
1000428e:	464c      	mov	r4, r9
10004290:	4699      	mov	r9, r3
10004292:	0022      	movs	r2, r4
10004294:	4643      	mov	r3, r8
10004296:	3401      	adds	r4, #1
10004298:	0039      	movs	r1, r7
1000429a:	2020      	movs	r0, #32
1000429c:	47b0      	blx	r6
1000429e:	42ac      	cmp	r4, r5
100042a0:	d1f7      	bne.n	10004292 <_vsnprintf+0x662>
100042a2:	002c      	movs	r4, r5
100042a4:	46bb      	mov	fp, r7
100042a6:	0035      	movs	r5, r6
100042a8:	4647      	mov	r7, r8
100042aa:	464e      	mov	r6, r9
100042ac:	e61b      	b.n	10003ee6 <_vsnprintf+0x2b6>
100042ae:	2380      	movs	r3, #128	@ 0x80
100042b0:	0010      	movs	r0, r2
100042b2:	00db      	lsls	r3, r3, #3
100042b4:	4018      	ands	r0, r3
100042b6:	421a      	tst	r2, r3
100042b8:	d100      	bne.n	100042bc <_vsnprintf+0x68c>
100042ba:	e10f      	b.n	100044dc <_vsnprintf+0x8ac>
100042bc:	2111      	movs	r1, #17
100042be:	0018      	movs	r0, r3
100042c0:	438a      	bics	r2, r1
100042c2:	920d      	str	r2, [sp, #52]	@ 0x34
100042c4:	9a0d      	ldr	r2, [sp, #52]	@ 0x34
100042c6:	2380      	movs	r3, #128	@ 0x80
100042c8:	0011      	movs	r1, r2
100042ca:	009b      	lsls	r3, r3, #2
100042cc:	4019      	ands	r1, r3
100042ce:	468c      	mov	ip, r1
100042d0:	421a      	tst	r2, r3
100042d2:	d169      	bne.n	100043a8 <_vsnprintf+0x778>
100042d4:	2380      	movs	r3, #128	@ 0x80
100042d6:	0011      	movs	r1, r2
100042d8:	005b      	lsls	r3, r3, #1
100042da:	4019      	ands	r1, r3
100042dc:	4689      	mov	r9, r1
100042de:	990c      	ldr	r1, [sp, #48]	@ 0x30
100042e0:	3104      	adds	r1, #4
100042e2:	910f      	str	r1, [sp, #60]	@ 0x3c
100042e4:	421a      	tst	r2, r3
100042e6:	d000      	beq.n	100042ea <_vsnprintf+0x6ba>
100042e8:	e1ca      	b.n	10004680 <_vsnprintf+0xa50>
100042ea:	0013      	movs	r3, r2
100042ec:	065b      	lsls	r3, r3, #25
100042ee:	d500      	bpl.n	100042f2 <_vsnprintf+0x6c2>
100042f0:	e0f0      	b.n	100044d4 <_vsnprintf+0x8a4>
100042f2:	0013      	movs	r3, r2
100042f4:	061b      	lsls	r3, r3, #24
100042f6:	d400      	bmi.n	100042fa <_vsnprintf+0x6ca>
100042f8:	e259      	b.n	100047ae <_vsnprintf+0xb7e>
100042fa:	9b0c      	ldr	r3, [sp, #48]	@ 0x30
100042fc:	2200      	movs	r2, #0
100042fe:	5e9b      	ldrsh	r3, [r3, r2]
10004300:	17d9      	asrs	r1, r3, #31
10004302:	185a      	adds	r2, r3, r1
10004304:	404a      	eors	r2, r1
10004306:	b292      	uxth	r2, r2
10004308:	0fd9      	lsrs	r1, r3, #31
1000430a:	910c      	str	r1, [sp, #48]	@ 0x30
1000430c:	2b00      	cmp	r3, #0
1000430e:	d100      	bne.n	10004312 <_vsnprintf+0x6e2>
10004310:	e1f9      	b.n	10004706 <_vsnprintf+0xad6>
10004312:	0010      	movs	r0, r2
10004314:	aa14      	add	r2, sp, #80	@ 0x50
10004316:	4694      	mov	ip, r2
10004318:	4642      	mov	r2, r8
1000431a:	231f      	movs	r3, #31
1000431c:	9214      	str	r2, [sp, #80]	@ 0x50
1000431e:	4652      	mov	r2, sl
10004320:	4463      	add	r3, ip
10004322:	46a8      	mov	r8, r5
10004324:	9416      	str	r4, [sp, #88]	@ 0x58
10004326:	464d      	mov	r5, r9
10004328:	0004      	movs	r4, r0
1000432a:	46b9      	mov	r9, r7
1000432c:	46b2      	mov	sl, r6
1000432e:	001f      	movs	r7, r3
10004330:	9215      	str	r2, [sp, #84]	@ 0x54
10004332:	e001      	b.n	10004338 <_vsnprintf+0x708>
10004334:	2d20      	cmp	r5, #32
10004336:	d00f      	beq.n	10004358 <_vsnprintf+0x728>
10004338:	0020      	movs	r0, r4
1000433a:	210a      	movs	r1, #10
1000433c:	f7fd ff7e 	bl	1000223c <__wrap___aeabi_uidiv>
10004340:	3501      	adds	r5, #1
10004342:	197e      	adds	r6, r7, r5
10004344:	3130      	adds	r1, #48	@ 0x30
10004346:	7031      	strb	r1, [r6, #0]
10004348:	0020      	movs	r0, r4
1000434a:	210a      	movs	r1, #10
1000434c:	f7fd ff76 	bl	1000223c <__wrap___aeabi_uidiv>
10004350:	0026      	movs	r6, r4
10004352:	0004      	movs	r4, r0
10004354:	2e09      	cmp	r6, #9
10004356:	d8ed      	bhi.n	10004334 <_vsnprintf+0x704>
10004358:	9b14      	ldr	r3, [sp, #80]	@ 0x50
1000435a:	464f      	mov	r7, r9
1000435c:	46a9      	mov	r9, r5
1000435e:	4645      	mov	r5, r8
10004360:	4698      	mov	r8, r3
10004362:	9b15      	ldr	r3, [sp, #84]	@ 0x54
10004364:	4656      	mov	r6, sl
10004366:	469a      	mov	sl, r3
10004368:	9c16      	ldr	r4, [sp, #88]	@ 0x58
1000436a:	9b0d      	ldr	r3, [sp, #52]	@ 0x34
1000436c:	9306      	str	r3, [sp, #24]
1000436e:	4643      	mov	r3, r8
10004370:	9305      	str	r3, [sp, #20]
10004372:	4653      	mov	r3, sl
10004374:	9304      	str	r3, [sp, #16]
10004376:	230a      	movs	r3, #10
10004378:	9303      	str	r3, [sp, #12]
1000437a:	9b0c      	ldr	r3, [sp, #48]	@ 0x30
1000437c:	9302      	str	r3, [sp, #8]
1000437e:	464b      	mov	r3, r9
10004380:	9301      	str	r3, [sp, #4]
10004382:	ab1c      	add	r3, sp, #112	@ 0x70
10004384:	0022      	movs	r2, r4
10004386:	9300      	str	r3, [sp, #0]
10004388:	4659      	mov	r1, fp
1000438a:	003b      	movs	r3, r7
1000438c:	0028      	movs	r0, r5
1000438e:	f7fe fe47 	bl	10003020 <_ntoa_format>
10004392:	9b0f      	ldr	r3, [sp, #60]	@ 0x3c
10004394:	0004      	movs	r4, r0
10004396:	930c      	str	r3, [sp, #48]	@ 0x30
10004398:	e472      	b.n	10003c80 <_vsnprintf+0x50>
1000439a:	46c0      	nop			@ (mov r8, r8)
1000439c:	10002f71 	.word	0x10002f71
100043a0:	230c      	movs	r3, #12
100043a2:	439a      	bics	r2, r3
100043a4:	0010      	movs	r0, r2
100043a6:	e6e7      	b.n	10004178 <_vsnprintf+0x548>
100043a8:	2207      	movs	r2, #7
100043aa:	9b0c      	ldr	r3, [sp, #48]	@ 0x30
100043ac:	3307      	adds	r3, #7
100043ae:	4393      	bics	r3, r2
100043b0:	3201      	adds	r2, #1
100043b2:	4694      	mov	ip, r2
100043b4:	449c      	add	ip, r3
100043b6:	4662      	mov	r2, ip
100043b8:	920c      	str	r2, [sp, #48]	@ 0x30
100043ba:	cb0c      	ldmia	r3, {r2, r3}
100043bc:	0fd9      	lsrs	r1, r3, #31
100043be:	910f      	str	r1, [sp, #60]	@ 0x3c
100043c0:	0011      	movs	r1, r2
100043c2:	4319      	orrs	r1, r3
100043c4:	d100      	bne.n	100043c8 <_vsnprintf+0x798>
100043c6:	e091      	b.n	100044ec <_vsnprintf+0x8bc>
100043c8:	17d9      	asrs	r1, r3, #31
100043ca:	9113      	str	r1, [sp, #76]	@ 0x4c
100043cc:	9112      	str	r1, [sp, #72]	@ 0x48
100043ce:	4051      	eors	r1, r2
100043d0:	9110      	str	r1, [sp, #64]	@ 0x40
100043d2:	9913      	ldr	r1, [sp, #76]	@ 0x4c
100043d4:	4059      	eors	r1, r3
100043d6:	9111      	str	r1, [sp, #68]	@ 0x44
100043d8:	9810      	ldr	r0, [sp, #64]	@ 0x40
100043da:	9911      	ldr	r1, [sp, #68]	@ 0x44
100043dc:	9a12      	ldr	r2, [sp, #72]	@ 0x48
100043de:	9b13      	ldr	r3, [sp, #76]	@ 0x4c
100043e0:	1a80      	subs	r0, r0, r2
100043e2:	4199      	sbcs	r1, r3
100043e4:	9010      	str	r0, [sp, #64]	@ 0x40
100043e6:	9111      	str	r1, [sp, #68]	@ 0x44
100043e8:	aa14      	add	r2, sp, #80	@ 0x50
100043ea:	2300      	movs	r3, #0
100043ec:	4694      	mov	ip, r2
100043ee:	4642      	mov	r2, r8
100043f0:	4699      	mov	r9, r3
100043f2:	9214      	str	r2, [sp, #80]	@ 0x50
100043f4:	4652      	mov	r2, sl
100043f6:	331f      	adds	r3, #31
100043f8:	4463      	add	r3, ip
100043fa:	46a8      	mov	r8, r5
100043fc:	46b2      	mov	sl, r6
100043fe:	9416      	str	r4, [sp, #88]	@ 0x58
10004400:	464e      	mov	r6, r9
10004402:	9c10      	ldr	r4, [sp, #64]	@ 0x40
10004404:	9d11      	ldr	r5, [sp, #68]	@ 0x44
10004406:	46b9      	mov	r9, r7
10004408:	9215      	str	r2, [sp, #84]	@ 0x54
1000440a:	001f      	movs	r7, r3
1000440c:	e001      	b.n	10004412 <_vsnprintf+0x7e2>
1000440e:	2e20      	cmp	r6, #32
10004410:	d010      	beq.n	10004434 <_vsnprintf+0x804>
10004412:	0020      	movs	r0, r4
10004414:	0029      	movs	r1, r5
10004416:	220a      	movs	r2, #10
10004418:	2300      	movs	r3, #0
1000441a:	f7fd ff4d 	bl	100022b8 <__wrap___aeabi_uldivmod>
1000441e:	3601      	adds	r6, #1
10004420:	3230      	adds	r2, #48	@ 0x30
10004422:	002b      	movs	r3, r5
10004424:	55ba      	strb	r2, [r7, r6]
10004426:	000d      	movs	r5, r1
10004428:	0022      	movs	r2, r4
1000442a:	0004      	movs	r4, r0
1000442c:	2b00      	cmp	r3, #0
1000442e:	d1ee      	bne.n	1000440e <_vsnprintf+0x7de>
10004430:	2a09      	cmp	r2, #9
10004432:	d8ec      	bhi.n	1000440e <_vsnprintf+0x7de>
10004434:	9b14      	ldr	r3, [sp, #80]	@ 0x50
10004436:	9410      	str	r4, [sp, #64]	@ 0x40
10004438:	9511      	str	r5, [sp, #68]	@ 0x44
1000443a:	4645      	mov	r5, r8
1000443c:	4698      	mov	r8, r3
1000443e:	9b15      	ldr	r3, [sp, #84]	@ 0x54
10004440:	464f      	mov	r7, r9
10004442:	46b1      	mov	r9, r6
10004444:	4656      	mov	r6, sl
10004446:	469a      	mov	sl, r3
10004448:	9c16      	ldr	r4, [sp, #88]	@ 0x58
1000444a:	9b0d      	ldr	r3, [sp, #52]	@ 0x34
1000444c:	9306      	str	r3, [sp, #24]
1000444e:	4643      	mov	r3, r8
10004450:	9305      	str	r3, [sp, #20]
10004452:	4653      	mov	r3, sl
10004454:	9304      	str	r3, [sp, #16]
10004456:	230a      	movs	r3, #10
10004458:	9303      	str	r3, [sp, #12]
1000445a:	9b0f      	ldr	r3, [sp, #60]	@ 0x3c
1000445c:	9302      	str	r3, [sp, #8]
1000445e:	464b      	mov	r3, r9
10004460:	9301      	str	r3, [sp, #4]
10004462:	ab1c      	add	r3, sp, #112	@ 0x70
10004464:	0022      	movs	r2, r4
10004466:	9300      	str	r3, [sp, #0]
10004468:	4659      	mov	r1, fp
1000446a:	003b      	movs	r3, r7
1000446c:	0028      	movs	r0, r5
1000446e:	f7fe fdd7 	bl	10003020 <_ntoa_format>
10004472:	0004      	movs	r4, r0
10004474:	f7ff fc04 	bl	10003c80 <_vsnprintf+0x50>
10004478:	9b0f      	ldr	r3, [sp, #60]	@ 0x3c
1000447a:	4598      	cmp	r8, r3
1000447c:	d800      	bhi.n	10004480 <_vsnprintf+0x850>
1000447e:	e1c1      	b.n	10004804 <_vsnprintf+0xbd4>
10004480:	2380      	movs	r3, #128	@ 0x80
10004482:	00db      	lsls	r3, r3, #3
10004484:	930d      	str	r3, [sp, #52]	@ 0x34
10004486:	4643      	mov	r3, r8
10004488:	9a0f      	ldr	r2, [sp, #60]	@ 0x3c
1000448a:	191b      	adds	r3, r3, r4
1000448c:	1a9b      	subs	r3, r3, r2
1000448e:	4699      	mov	r9, r3
10004490:	0033      	movs	r3, r6
10004492:	002e      	movs	r6, r5
10004494:	464d      	mov	r5, r9
10004496:	46b9      	mov	r9, r7
10004498:	465f      	mov	r7, fp
1000449a:	469b      	mov	fp, r3
1000449c:	910c      	str	r1, [sp, #48]	@ 0x30
1000449e:	0022      	movs	r2, r4
100044a0:	464b      	mov	r3, r9
100044a2:	3401      	adds	r4, #1
100044a4:	0039      	movs	r1, r7
100044a6:	2020      	movs	r0, #32
100044a8:	47b0      	blx	r6
100044aa:	42ac      	cmp	r4, r5
100044ac:	d1f7      	bne.n	1000449e <_vsnprintf+0x86e>
100044ae:	4643      	mov	r3, r8
100044b0:	990c      	ldr	r1, [sp, #48]	@ 0x30
100044b2:	3301      	adds	r3, #1
100044b4:	930f      	str	r3, [sp, #60]	@ 0x3c
100044b6:	780b      	ldrb	r3, [r1, #0]
100044b8:	0035      	movs	r5, r6
100044ba:	930c      	str	r3, [sp, #48]	@ 0x30
100044bc:	465e      	mov	r6, fp
100044be:	46bb      	mov	fp, r7
100044c0:	464f      	mov	r7, r9
100044c2:	2b00      	cmp	r3, #0
100044c4:	d100      	bne.n	100044c8 <_vsnprintf+0x898>
100044c6:	e50e      	b.n	10003ee6 <_vsnprintf+0x2b6>
100044c8:	9b0d      	ldr	r3, [sp, #52]	@ 0x34
100044ca:	2b00      	cmp	r3, #0
100044cc:	d100      	bne.n	100044d0 <_vsnprintf+0x8a0>
100044ce:	e4f6      	b.n	10003ebe <_vsnprintf+0x28e>
100044d0:	2300      	movs	r3, #0
100044d2:	e619      	b.n	10004108 <_vsnprintf+0x4d8>
100044d4:	9b0c      	ldr	r3, [sp, #48]	@ 0x30
100044d6:	781b      	ldrb	r3, [r3, #0]
100044d8:	001a      	movs	r2, r3
100044da:	e715      	b.n	10004308 <_vsnprintf+0x6d8>
100044dc:	2310      	movs	r3, #16
100044de:	439a      	bics	r2, r3
100044e0:	920d      	str	r2, [sp, #52]	@ 0x34
100044e2:	e6ef      	b.n	100042c4 <_vsnprintf+0x694>
100044e4:	9b0c      	ldr	r3, [sp, #48]	@ 0x30
100044e6:	781b      	ldrb	r3, [r3, #0]
100044e8:	9309      	str	r3, [sp, #36]	@ 0x24
100044ea:	e661      	b.n	100041b0 <_vsnprintf+0x580>
100044ec:	2300      	movs	r3, #0
100044ee:	4699      	mov	r9, r3
100044f0:	2800      	cmp	r0, #0
100044f2:	d1aa      	bne.n	1000444a <_vsnprintf+0x81a>
100044f4:	2200      	movs	r2, #0
100044f6:	2300      	movs	r3, #0
100044f8:	9210      	str	r2, [sp, #64]	@ 0x40
100044fa:	9311      	str	r3, [sp, #68]	@ 0x44
100044fc:	e774      	b.n	100043e8 <_vsnprintf+0x7b8>
100044fe:	9b0c      	ldr	r3, [sp, #48]	@ 0x30
10004500:	0022      	movs	r2, r4
10004502:	7818      	ldrb	r0, [r3, #0]
10004504:	4659      	mov	r1, fp
10004506:	003b      	movs	r3, r7
10004508:	47a8      	blx	r5
1000450a:	464c      	mov	r4, r9
1000450c:	e58b      	b.n	10004026 <_vsnprintf+0x3f6>
1000450e:	9a0c      	ldr	r2, [sp, #48]	@ 0x30
10004510:	3bfa      	subs	r3, #250	@ 0xfa
10004512:	3bff      	subs	r3, #255	@ 0xff
10004514:	3207      	adds	r2, #7
10004516:	439a      	bics	r2, r3
10004518:	3301      	adds	r3, #1
1000451a:	4699      	mov	r9, r3
1000451c:	4491      	add	r9, r2
1000451e:	464b      	mov	r3, r9
10004520:	930c      	str	r3, [sp, #48]	@ 0x30
10004522:	6813      	ldr	r3, [r2, #0]
10004524:	6852      	ldr	r2, [r2, #4]
10004526:	9215      	str	r2, [sp, #84]	@ 0x54
10004528:	431a      	orrs	r2, r3
1000452a:	d106      	bne.n	1000453a <_vsnprintf+0x90a>
1000452c:	3210      	adds	r2, #16
1000452e:	4390      	bics	r0, r2
10004530:	2200      	movs	r2, #0
10004532:	9209      	str	r2, [sp, #36]	@ 0x24
10004534:	2900      	cmp	r1, #0
10004536:	d000      	beq.n	1000453a <_vsnprintf+0x90a>
10004538:	e081      	b.n	1000463e <_vsnprintf+0xa0e>
1000453a:	2261      	movs	r2, #97	@ 0x61
1000453c:	0681      	lsls	r1, r0, #26
1000453e:	d500      	bpl.n	10004542 <_vsnprintf+0x912>
10004540:	2241      	movs	r2, #65	@ 0x41
10004542:	b2d2      	uxtb	r2, r2
10004544:	920a      	str	r2, [sp, #40]	@ 0x28
10004546:	aa14      	add	r2, sp, #80	@ 0x50
10004548:	4691      	mov	r9, r2
1000454a:	9a0a      	ldr	r2, [sp, #40]	@ 0x28
1000454c:	2100      	movs	r1, #0
1000454e:	3a0a      	subs	r2, #10
10004550:	9214      	str	r2, [sp, #80]	@ 0x50
10004552:	4642      	mov	r2, r8
10004554:	9217      	str	r2, [sp, #92]	@ 0x5c
10004556:	4652      	mov	r2, sl
10004558:	9218      	str	r2, [sp, #96]	@ 0x60
1000455a:	465a      	mov	r2, fp
1000455c:	9109      	str	r1, [sp, #36]	@ 0x24
1000455e:	46b3      	mov	fp, r6
10004560:	311f      	adds	r1, #31
10004562:	001e      	movs	r6, r3
10004564:	9b0f      	ldr	r3, [sp, #60]	@ 0x3c
10004566:	4449      	add	r1, r9
10004568:	46ba      	mov	sl, r7
1000456a:	9419      	str	r4, [sp, #100]	@ 0x64
1000456c:	951a      	str	r5, [sp, #104]	@ 0x68
1000456e:	2400      	movs	r4, #0
10004570:	4667      	mov	r7, ip
10004572:	4698      	mov	r8, r3
10004574:	4689      	mov	r9, r1
10004576:	9d15      	ldr	r5, [sp, #84]	@ 0x54
10004578:	9016      	str	r0, [sp, #88]	@ 0x58
1000457a:	921b      	str	r2, [sp, #108]	@ 0x6c
1000457c:	e00a      	b.n	10004594 <_vsnprintf+0x964>
1000457e:	3230      	adds	r2, #48	@ 0x30
10004580:	b2d2      	uxtb	r2, r2
10004582:	464b      	mov	r3, r9
10004584:	3401      	adds	r4, #1
10004586:	551a      	strb	r2, [r3, r4]
10004588:	45a8      	cmp	r8, r5
1000458a:	d04a      	beq.n	10004622 <_vsnprintf+0x9f2>
1000458c:	2c20      	cmp	r4, #32
1000458e:	d04a      	beq.n	10004626 <_vsnprintf+0x9f6>
10004590:	0006      	movs	r6, r0
10004592:	000d      	movs	r5, r1
10004594:	003a      	movs	r2, r7
10004596:	2300      	movs	r3, #0
10004598:	0030      	movs	r0, r6
1000459a:	0029      	movs	r1, r5
1000459c:	f7fd fe8c 	bl	100022b8 <__wrap___aeabi_uldivmod>
100045a0:	b2d2      	uxtb	r2, r2
100045a2:	2a09      	cmp	r2, #9
100045a4:	d9eb      	bls.n	1000457e <_vsnprintf+0x94e>
100045a6:	9b14      	ldr	r3, [sp, #80]	@ 0x50
100045a8:	469c      	mov	ip, r3
100045aa:	4462      	add	r2, ip
100045ac:	b2d2      	uxtb	r2, r2
100045ae:	e7e8      	b.n	10004582 <_vsnprintf+0x952>
100045b0:	2361      	movs	r3, #97	@ 0x61
100045b2:	0682      	lsls	r2, r0, #26
100045b4:	d500      	bpl.n	100045b8 <_vsnprintf+0x988>
100045b6:	2341      	movs	r3, #65	@ 0x41
100045b8:	b2db      	uxtb	r3, r3
100045ba:	3b0a      	subs	r3, #10
100045bc:	930c      	str	r3, [sp, #48]	@ 0x30
100045be:	4643      	mov	r3, r8
100045c0:	a914      	add	r1, sp, #80	@ 0x50
100045c2:	221f      	movs	r2, #31
100045c4:	468c      	mov	ip, r1
100045c6:	9315      	str	r3, [sp, #84]	@ 0x54
100045c8:	4653      	mov	r3, sl
100045ca:	4462      	add	r2, ip
100045cc:	46a0      	mov	r8, r4
100045ce:	46b2      	mov	sl, r6
100045d0:	464c      	mov	r4, r9
100045d2:	9717      	str	r7, [sp, #92]	@ 0x5c
100045d4:	46a9      	mov	r9, r5
100045d6:	0017      	movs	r7, r2
100045d8:	9d09      	ldr	r5, [sp, #36]	@ 0x24
100045da:	9e0d      	ldr	r6, [sp, #52]	@ 0x34
100045dc:	9014      	str	r0, [sp, #80]	@ 0x50
100045de:	9316      	str	r3, [sp, #88]	@ 0x58
100045e0:	e008      	b.n	100045f4 <_vsnprintf+0x9c4>
100045e2:	3330      	adds	r3, #48	@ 0x30
100045e4:	b2db      	uxtb	r3, r3
100045e6:	3401      	adds	r4, #1
100045e8:	553b      	strb	r3, [r7, r4]
100045ea:	42b5      	cmp	r5, r6
100045ec:	d30e      	bcc.n	1000460c <_vsnprintf+0x9dc>
100045ee:	2c20      	cmp	r4, #32
100045f0:	d00c      	beq.n	1000460c <_vsnprintf+0x9dc>
100045f2:	0005      	movs	r5, r0
100045f4:	0031      	movs	r1, r6
100045f6:	0028      	movs	r0, r5
100045f8:	f7fd fe20 	bl	1000223c <__wrap___aeabi_uidiv>
100045fc:	b2cb      	uxtb	r3, r1
100045fe:	2909      	cmp	r1, #9
10004600:	d9ef      	bls.n	100045e2 <_vsnprintf+0x9b2>
10004602:	9a0c      	ldr	r2, [sp, #48]	@ 0x30
10004604:	4694      	mov	ip, r2
10004606:	4463      	add	r3, ip
10004608:	b2db      	uxtb	r3, r3
1000460a:	e7ec      	b.n	100045e6 <_vsnprintf+0x9b6>
1000460c:	9b15      	ldr	r3, [sp, #84]	@ 0x54
1000460e:	464d      	mov	r5, r9
10004610:	46a1      	mov	r9, r4
10004612:	4644      	mov	r4, r8
10004614:	4698      	mov	r8, r3
10004616:	9b16      	ldr	r3, [sp, #88]	@ 0x58
10004618:	4656      	mov	r6, sl
1000461a:	9814      	ldr	r0, [sp, #80]	@ 0x50
1000461c:	469a      	mov	sl, r3
1000461e:	9f17      	ldr	r7, [sp, #92]	@ 0x5c
10004620:	e5d0      	b.n	100041c4 <_vsnprintf+0x594>
10004622:	42b7      	cmp	r7, r6
10004624:	d9b2      	bls.n	1000458c <_vsnprintf+0x95c>
10004626:	9b17      	ldr	r3, [sp, #92]	@ 0x5c
10004628:	4657      	mov	r7, sl
1000462a:	4698      	mov	r8, r3
1000462c:	9b18      	ldr	r3, [sp, #96]	@ 0x60
1000462e:	465e      	mov	r6, fp
10004630:	469a      	mov	sl, r3
10004632:	9b1b      	ldr	r3, [sp, #108]	@ 0x6c
10004634:	9409      	str	r4, [sp, #36]	@ 0x24
10004636:	469b      	mov	fp, r3
10004638:	9816      	ldr	r0, [sp, #88]	@ 0x58
1000463a:	9c19      	ldr	r4, [sp, #100]	@ 0x64
1000463c:	9d1a      	ldr	r5, [sp, #104]	@ 0x68
1000463e:	4643      	mov	r3, r8
10004640:	9305      	str	r3, [sp, #20]
10004642:	4653      	mov	r3, sl
10004644:	9304      	str	r3, [sp, #16]
10004646:	9b0d      	ldr	r3, [sp, #52]	@ 0x34
10004648:	9006      	str	r0, [sp, #24]
1000464a:	9303      	str	r3, [sp, #12]
1000464c:	2300      	movs	r3, #0
1000464e:	9302      	str	r3, [sp, #8]
10004650:	9b09      	ldr	r3, [sp, #36]	@ 0x24
10004652:	e705      	b.n	10004460 <_vsnprintf+0x830>
10004654:	9b0f      	ldr	r3, [sp, #60]	@ 0x3c
10004656:	4598      	cmp	r8, r3
10004658:	d900      	bls.n	1000465c <_vsnprintf+0xa2c>
1000465a:	e714      	b.n	10004486 <_vsnprintf+0x856>
1000465c:	3301      	adds	r3, #1
1000465e:	930f      	str	r3, [sp, #60]	@ 0x3c
10004660:	e42d      	b.n	10003ebe <_vsnprintf+0x28e>
10004662:	2310      	movs	r3, #16
10004664:	0011      	movs	r1, r2
10004666:	4399      	bics	r1, r3
10004668:	910d      	str	r1, [sp, #52]	@ 0x34
1000466a:	2869      	cmp	r0, #105	@ 0x69
1000466c:	d000      	beq.n	10004670 <_vsnprintf+0xa40>
1000466e:	e0ba      	b.n	100047e6 <_vsnprintf+0xbb6>
10004670:	2380      	movs	r3, #128	@ 0x80
10004672:	0010      	movs	r0, r2
10004674:	00db      	lsls	r3, r3, #3
10004676:	4018      	ands	r0, r3
10004678:	421a      	tst	r2, r3
1000467a:	d100      	bne.n	1000467e <_vsnprintf+0xa4e>
1000467c:	e622      	b.n	100042c4 <_vsnprintf+0x694>
1000467e:	e61d      	b.n	100042bc <_vsnprintf+0x68c>
10004680:	9b0c      	ldr	r3, [sp, #48]	@ 0x30
10004682:	681b      	ldr	r3, [r3, #0]
10004684:	0fda      	lsrs	r2, r3, #31
10004686:	0011      	movs	r1, r2
10004688:	2b00      	cmp	r3, #0
1000468a:	d100      	bne.n	1000468e <_vsnprintf+0xa5e>
1000468c:	e08c      	b.n	100047a8 <_vsnprintf+0xb78>
1000468e:	17da      	asrs	r2, r3, #31
10004690:	1898      	adds	r0, r3, r2
10004692:	4050      	eors	r0, r2
10004694:	aa14      	add	r2, sp, #80	@ 0x50
10004696:	4691      	mov	r9, r2
10004698:	4642      	mov	r2, r8
1000469a:	231f      	movs	r3, #31
1000469c:	9214      	str	r2, [sp, #80]	@ 0x50
1000469e:	4652      	mov	r2, sl
100046a0:	444b      	add	r3, r9
100046a2:	46a0      	mov	r8, r4
100046a4:	46a9      	mov	r9, r5
100046a6:	9716      	str	r7, [sp, #88]	@ 0x58
100046a8:	0004      	movs	r4, r0
100046aa:	4665      	mov	r5, ip
100046ac:	46b2      	mov	sl, r6
100046ae:	001f      	movs	r7, r3
100046b0:	910c      	str	r1, [sp, #48]	@ 0x30
100046b2:	9215      	str	r2, [sp, #84]	@ 0x54
100046b4:	e001      	b.n	100046ba <_vsnprintf+0xa8a>
100046b6:	2d20      	cmp	r5, #32
100046b8:	d00f      	beq.n	100046da <_vsnprintf+0xaaa>
100046ba:	0020      	movs	r0, r4
100046bc:	210a      	movs	r1, #10
100046be:	f7fd fdbd 	bl	1000223c <__wrap___aeabi_uidiv>
100046c2:	3501      	adds	r5, #1
100046c4:	197e      	adds	r6, r7, r5
100046c6:	3130      	adds	r1, #48	@ 0x30
100046c8:	7031      	strb	r1, [r6, #0]
100046ca:	0020      	movs	r0, r4
100046cc:	210a      	movs	r1, #10
100046ce:	f7fd fdb5 	bl	1000223c <__wrap___aeabi_uidiv>
100046d2:	0026      	movs	r6, r4
100046d4:	0004      	movs	r4, r0
100046d6:	2e09      	cmp	r6, #9
100046d8:	d8ed      	bhi.n	100046b6 <_vsnprintf+0xa86>
100046da:	9b14      	ldr	r3, [sp, #80]	@ 0x50
100046dc:	4644      	mov	r4, r8
100046de:	4698      	mov	r8, r3
100046e0:	9b0c      	ldr	r3, [sp, #48]	@ 0x30
100046e2:	46ac      	mov	ip, r5
100046e4:	0019      	movs	r1, r3
100046e6:	9b15      	ldr	r3, [sp, #84]	@ 0x54
100046e8:	4656      	mov	r6, sl
100046ea:	464d      	mov	r5, r9
100046ec:	469a      	mov	sl, r3
100046ee:	9f16      	ldr	r7, [sp, #88]	@ 0x58
100046f0:	9b0d      	ldr	r3, [sp, #52]	@ 0x34
100046f2:	9102      	str	r1, [sp, #8]
100046f4:	9306      	str	r3, [sp, #24]
100046f6:	4643      	mov	r3, r8
100046f8:	9305      	str	r3, [sp, #20]
100046fa:	4653      	mov	r3, sl
100046fc:	9304      	str	r3, [sp, #16]
100046fe:	230a      	movs	r3, #10
10004700:	9303      	str	r3, [sp, #12]
10004702:	4663      	mov	r3, ip
10004704:	e63c      	b.n	10004380 <_vsnprintf+0x750>
10004706:	2800      	cmp	r0, #0
10004708:	d000      	beq.n	1000470c <_vsnprintf+0xadc>
1000470a:	e62e      	b.n	1000436a <_vsnprintf+0x73a>
1000470c:	e602      	b.n	10004314 <_vsnprintf+0x6e4>
1000470e:	9b0c      	ldr	r3, [sp, #48]	@ 0x30
10004710:	681b      	ldr	r3, [r3, #0]
10004712:	4699      	mov	r9, r3
10004714:	2b00      	cmp	r3, #0
10004716:	d103      	bne.n	10004720 <_vsnprintf+0xaf0>
10004718:	3310      	adds	r3, #16
1000471a:	4398      	bics	r0, r3
1000471c:	2900      	cmp	r1, #0
1000471e:	d138      	bne.n	10004792 <_vsnprintf+0xb62>
10004720:	2361      	movs	r3, #97	@ 0x61
10004722:	0682      	lsls	r2, r0, #26
10004724:	d500      	bpl.n	10004728 <_vsnprintf+0xaf8>
10004726:	2341      	movs	r3, #65	@ 0x41
10004728:	b2db      	uxtb	r3, r3
1000472a:	3b0a      	subs	r3, #10
1000472c:	930c      	str	r3, [sp, #48]	@ 0x30
1000472e:	4643      	mov	r3, r8
10004730:	9316      	str	r3, [sp, #88]	@ 0x58
10004732:	4653      	mov	r3, sl
10004734:	a914      	add	r1, sp, #80	@ 0x50
10004736:	221f      	movs	r2, #31
10004738:	468c      	mov	ip, r1
1000473a:	9317      	str	r3, [sp, #92]	@ 0x5c
1000473c:	002b      	movs	r3, r5
1000473e:	4462      	add	r2, ip
10004740:	46a0      	mov	r8, r4
10004742:	464d      	mov	r5, r9
10004744:	46b2      	mov	sl, r6
10004746:	9718      	str	r7, [sp, #96]	@ 0x60
10004748:	4699      	mov	r9, r3
1000474a:	0017      	movs	r7, r2
1000474c:	9c14      	ldr	r4, [sp, #80]	@ 0x50
1000474e:	9e0d      	ldr	r6, [sp, #52]	@ 0x34
10004750:	9015      	str	r0, [sp, #84]	@ 0x54
10004752:	e008      	b.n	10004766 <_vsnprintf+0xb36>
10004754:	3330      	adds	r3, #48	@ 0x30
10004756:	b2db      	uxtb	r3, r3
10004758:	3401      	adds	r4, #1
1000475a:	553b      	strb	r3, [r7, r4]
1000475c:	42b5      	cmp	r5, r6
1000475e:	d30e      	bcc.n	1000477e <_vsnprintf+0xb4e>
10004760:	2c20      	cmp	r4, #32
10004762:	d00c      	beq.n	1000477e <_vsnprintf+0xb4e>
10004764:	0005      	movs	r5, r0
10004766:	0031      	movs	r1, r6
10004768:	0028      	movs	r0, r5
1000476a:	f7fd fd67 	bl	1000223c <__wrap___aeabi_uidiv>
1000476e:	b2cb      	uxtb	r3, r1
10004770:	2909      	cmp	r1, #9
10004772:	d9ef      	bls.n	10004754 <_vsnprintf+0xb24>
10004774:	9a0c      	ldr	r2, [sp, #48]	@ 0x30
10004776:	4694      	mov	ip, r2
10004778:	4463      	add	r3, ip
1000477a:	b2db      	uxtb	r3, r3
1000477c:	e7ec      	b.n	10004758 <_vsnprintf+0xb28>
1000477e:	9b16      	ldr	r3, [sp, #88]	@ 0x58
10004780:	9414      	str	r4, [sp, #80]	@ 0x50
10004782:	4644      	mov	r4, r8
10004784:	4698      	mov	r8, r3
10004786:	9b17      	ldr	r3, [sp, #92]	@ 0x5c
10004788:	4656      	mov	r6, sl
1000478a:	464d      	mov	r5, r9
1000478c:	469a      	mov	sl, r3
1000478e:	9815      	ldr	r0, [sp, #84]	@ 0x54
10004790:	9f18      	ldr	r7, [sp, #96]	@ 0x60
10004792:	4643      	mov	r3, r8
10004794:	9305      	str	r3, [sp, #20]
10004796:	4653      	mov	r3, sl
10004798:	9304      	str	r3, [sp, #16]
1000479a:	9b0d      	ldr	r3, [sp, #52]	@ 0x34
1000479c:	9006      	str	r0, [sp, #24]
1000479e:	9303      	str	r3, [sp, #12]
100047a0:	2300      	movs	r3, #0
100047a2:	9302      	str	r3, [sp, #8]
100047a4:	9b14      	ldr	r3, [sp, #80]	@ 0x50
100047a6:	e5eb      	b.n	10004380 <_vsnprintf+0x750>
100047a8:	2800      	cmp	r0, #0
100047aa:	d1a1      	bne.n	100046f0 <_vsnprintf+0xac0>
100047ac:	e772      	b.n	10004694 <_vsnprintf+0xa64>
100047ae:	9b0c      	ldr	r3, [sp, #48]	@ 0x30
100047b0:	681b      	ldr	r3, [r3, #0]
100047b2:	17d9      	asrs	r1, r3, #31
100047b4:	185a      	adds	r2, r3, r1
100047b6:	404a      	eors	r2, r1
100047b8:	e5a6      	b.n	10004308 <_vsnprintf+0x6d8>
100047ba:	2380      	movs	r3, #128	@ 0x80
100047bc:	0010      	movs	r0, r2
100047be:	00db      	lsls	r3, r3, #3
100047c0:	4018      	ands	r0, r3
100047c2:	469c      	mov	ip, r3
100047c4:	900f      	str	r0, [sp, #60]	@ 0x3c
100047c6:	421a      	tst	r2, r3
100047c8:	d00f      	beq.n	100047ea <_vsnprintf+0xbba>
100047ca:	2002      	movs	r0, #2
100047cc:	0003      	movs	r3, r0
100047ce:	4013      	ands	r3, r2
100047d0:	930f      	str	r3, [sp, #60]	@ 0x3c
100047d2:	4210      	tst	r0, r2
100047d4:	d019      	beq.n	1000480a <_vsnprintf+0xbda>
100047d6:	2300      	movs	r3, #0
100047d8:	46a1      	mov	r9, r4
100047da:	930f      	str	r3, [sp, #60]	@ 0x3c
100047dc:	e54c      	b.n	10004278 <_vsnprintf+0x648>
100047de:	9b0c      	ldr	r3, [sp, #48]	@ 0x30
100047e0:	681b      	ldr	r3, [r3, #0]
100047e2:	9309      	str	r3, [sp, #36]	@ 0x24
100047e4:	e4e4      	b.n	100041b0 <_vsnprintf+0x580>
100047e6:	000a      	movs	r2, r1
100047e8:	e434      	b.n	10004054 <_vsnprintf+0x424>
100047ea:	2302      	movs	r3, #2
100047ec:	0018      	movs	r0, r3
100047ee:	4010      	ands	r0, r2
100047f0:	900d      	str	r0, [sp, #52]	@ 0x34
100047f2:	4213      	tst	r3, r2
100047f4:	d000      	beq.n	100047f8 <_vsnprintf+0xbc8>
100047f6:	e53e      	b.n	10004276 <_vsnprintf+0x646>
100047f8:	4643      	mov	r3, r8
100047fa:	2b00      	cmp	r3, #0
100047fc:	d000      	beq.n	10004800 <_vsnprintf+0xbd0>
100047fe:	e642      	b.n	10004486 <_vsnprintf+0x856>
10004800:	f7ff fb71 	bl	10003ee6 <_vsnprintf+0x2b6>
10004804:	3301      	adds	r3, #1
10004806:	930f      	str	r3, [sp, #60]	@ 0x3c
10004808:	e47f      	b.n	1000410a <_vsnprintf+0x4da>
1000480a:	4663      	mov	r3, ip
1000480c:	930d      	str	r3, [sp, #52]	@ 0x34
1000480e:	e7f3      	b.n	100047f8 <_vsnprintf+0xbc8>

10004810 <vfctprintf>:
10004810:	b510      	push	{r4, lr}
10004812:	000c      	movs	r4, r1
10004814:	b084      	sub	sp, #16
10004816:	9403      	str	r4, [sp, #12]
10004818:	2401      	movs	r4, #1
1000481a:	a902      	add	r1, sp, #8
1000481c:	9002      	str	r0, [sp, #8]
1000481e:	9300      	str	r3, [sp, #0]
10004820:	4803      	ldr	r0, [pc, #12]	@ (10004830 <vfctprintf+0x20>)
10004822:	0013      	movs	r3, r2
10004824:	4262      	negs	r2, r4
10004826:	f7ff fa03 	bl	10003c30 <_vsnprintf>
1000482a:	b004      	add	sp, #16
1000482c:	bd10      	pop	{r4, pc}
1000482e:	46c0      	nop			@ (mov r8, r8)
10004830:	100031fd 	.word	0x100031fd

10004834 <weak_raw_vprintf>:
10004834:	b510      	push	{r4, lr}
10004836:	4a09      	ldr	r2, [pc, #36]	@ (1000485c <weak_raw_vprintf+0x28>)
10004838:	0003      	movs	r3, r0
1000483a:	6814      	ldr	r4, [r2, #0]
1000483c:	b084      	sub	sp, #16
1000483e:	2c00      	cmp	r4, #0
10004840:	d008      	beq.n	10004854 <weak_raw_vprintf+0x20>
10004842:	2201      	movs	r2, #1
10004844:	9100      	str	r1, [sp, #0]
10004846:	4806      	ldr	r0, [pc, #24]	@ (10004860 <weak_raw_vprintf+0x2c>)
10004848:	4252      	negs	r2, r2
1000484a:	a903      	add	r1, sp, #12
1000484c:	47a0      	blx	r4
1000484e:	2001      	movs	r0, #1
10004850:	b004      	add	sp, #16
10004852:	bd10      	pop	{r4, pc}
10004854:	f000 f99a 	bl	10004b8c <__wrap_puts>
10004858:	2000      	movs	r0, #0
1000485a:	e7f9      	b.n	10004850 <weak_raw_vprintf+0x1c>
1000485c:	20001334 	.word	0x20001334
10004860:	100031ed 	.word	0x100031ed

10004864 <_exit>:
10004864:	be00      	bkpt	0x0000
10004866:	e7fd      	b.n	10004864 <_exit>

10004868 <exit>:
10004868:	b510      	push	{r4, lr}
1000486a:	f7ff fffb 	bl	10004864 <_exit>
1000486e:	46c0      	nop			@ (mov r8, r8)

10004870 <runtime_init>:
10004870:	b570      	push	{r4, r5, r6, lr}
10004872:	f7fd fb97 	bl	10001fa4 <runtime_run_initializers>
10004876:	4d07      	ldr	r5, [pc, #28]	@ (10004894 <runtime_init+0x24>)
10004878:	4e07      	ldr	r6, [pc, #28]	@ (10004898 <runtime_init+0x28>)
1000487a:	42b5      	cmp	r5, r6
1000487c:	d209      	bcs.n	10004892 <runtime_init+0x22>
1000487e:	2400      	movs	r4, #0
10004880:	3e01      	subs	r6, #1
10004882:	1b76      	subs	r6, r6, r5
10004884:	08b6      	lsrs	r6, r6, #2
10004886:	cd08      	ldmia	r5!, {r3}
10004888:	4798      	blx	r3
1000488a:	0023      	movs	r3, r4
1000488c:	3401      	adds	r4, #1
1000488e:	42b3      	cmp	r3, r6
10004890:	d1f9      	bne.n	10004886 <runtime_init+0x16>
10004892:	bd70      	pop	{r4, r5, r6, pc}
10004894:	10008a34 	.word	0x10008a34
10004898:	10008a3c 	.word	0x10008a3c

1000489c <stdio_out_chars_no_crlf>:
1000489c:	0003      	movs	r3, r0
1000489e:	b510      	push	{r4, lr}
100048a0:	0008      	movs	r0, r1
100048a2:	0011      	movs	r1, r2
100048a4:	681b      	ldr	r3, [r3, #0]
100048a6:	4798      	blx	r3
100048a8:	bd10      	pop	{r4, pc}
100048aa:	46c0      	nop			@ (mov r8, r8)

100048ac <stdio_out_chars_crlf>:
100048ac:	b5f0      	push	{r4, r5, r6, r7, lr}
100048ae:	46c6      	mov	lr, r8
100048b0:	b500      	push	{lr}
100048b2:	7d43      	ldrb	r3, [r0, #21]
100048b4:	0007      	movs	r7, r0
100048b6:	000c      	movs	r4, r1
100048b8:	0016      	movs	r6, r2
100048ba:	2b00      	cmp	r3, #0
100048bc:	d046      	beq.n	1000494c <stdio_out_chars_crlf+0xa0>
100048be:	2a00      	cmp	r2, #0
100048c0:	dd17      	ble.n	100048f2 <stdio_out_chars_crlf+0x46>
100048c2:	780b      	ldrb	r3, [r1, #0]
100048c4:	2b0a      	cmp	r3, #10
100048c6:	d024      	beq.n	10004912 <stdio_out_chars_crlf+0x66>
100048c8:	2300      	movs	r3, #0
100048ca:	4698      	mov	r8, r3
100048cc:	2e01      	cmp	r6, #1
100048ce:	d013      	beq.n	100048f8 <stdio_out_chars_crlf+0x4c>
100048d0:	2501      	movs	r5, #1
100048d2:	0029      	movs	r1, r5
100048d4:	5c63      	ldrb	r3, [r4, r1]
100048d6:	3501      	adds	r5, #1
100048d8:	2b0a      	cmp	r3, #10
100048da:	d026      	beq.n	1000492a <stdio_out_chars_crlf+0x7e>
100048dc:	42b5      	cmp	r5, r6
100048de:	d1f8      	bne.n	100048d2 <stdio_out_chars_crlf+0x26>
100048e0:	4546      	cmp	r6, r8
100048e2:	dc09      	bgt.n	100048f8 <stdio_out_chars_crlf+0x4c>
100048e4:	19a4      	adds	r4, r4, r6
100048e6:	3c01      	subs	r4, #1
100048e8:	7823      	ldrb	r3, [r4, #0]
100048ea:	3b0d      	subs	r3, #13
100048ec:	425a      	negs	r2, r3
100048ee:	4153      	adcs	r3, r2
100048f0:	753b      	strb	r3, [r7, #20]
100048f2:	bc80      	pop	{r7}
100048f4:	46b8      	mov	r8, r7
100048f6:	bdf0      	pop	{r4, r5, r6, r7, pc}
100048f8:	4643      	mov	r3, r8
100048fa:	18e0      	adds	r0, r4, r3
100048fc:	19a4      	adds	r4, r4, r6
100048fe:	1af1      	subs	r1, r6, r3
10004900:	3c01      	subs	r4, #1
10004902:	683b      	ldr	r3, [r7, #0]
10004904:	4798      	blx	r3
10004906:	7823      	ldrb	r3, [r4, #0]
10004908:	3b0d      	subs	r3, #13
1000490a:	425a      	negs	r2, r3
1000490c:	4153      	adcs	r3, r2
1000490e:	753b      	strb	r3, [r7, #20]
10004910:	e7ef      	b.n	100048f2 <stdio_out_chars_crlf+0x46>
10004912:	7d03      	ldrb	r3, [r0, #20]
10004914:	2b00      	cmp	r3, #0
10004916:	d1d7      	bne.n	100048c8 <stdio_out_chars_crlf+0x1c>
10004918:	2102      	movs	r1, #2
1000491a:	480f      	ldr	r0, [pc, #60]	@ (10004958 <stdio_out_chars_crlf+0xac>)
1000491c:	683b      	ldr	r3, [r7, #0]
1000491e:	4798      	blx	r3
10004920:	2e01      	cmp	r6, #1
10004922:	d0df      	beq.n	100048e4 <stdio_out_chars_crlf+0x38>
10004924:	2301      	movs	r3, #1
10004926:	4698      	mov	r8, r3
10004928:	e7d2      	b.n	100048d0 <stdio_out_chars_crlf+0x24>
1000492a:	1e63      	subs	r3, r4, #1
1000492c:	5c5b      	ldrb	r3, [r3, r1]
1000492e:	2b0d      	cmp	r3, #13
10004930:	d0d4      	beq.n	100048dc <stdio_out_chars_crlf+0x30>
10004932:	4588      	cmp	r8, r1
10004934:	da04      	bge.n	10004940 <stdio_out_chars_crlf+0x94>
10004936:	4643      	mov	r3, r8
10004938:	1ac9      	subs	r1, r1, r3
1000493a:	18e0      	adds	r0, r4, r3
1000493c:	683b      	ldr	r3, [r7, #0]
1000493e:	4798      	blx	r3
10004940:	2102      	movs	r1, #2
10004942:	4805      	ldr	r0, [pc, #20]	@ (10004958 <stdio_out_chars_crlf+0xac>)
10004944:	683b      	ldr	r3, [r7, #0]
10004946:	46a8      	mov	r8, r5
10004948:	4798      	blx	r3
1000494a:	e7c7      	b.n	100048dc <stdio_out_chars_crlf+0x30>
1000494c:	6803      	ldr	r3, [r0, #0]
1000494e:	0011      	movs	r1, r2
10004950:	0020      	movs	r0, r4
10004952:	4798      	blx	r3
10004954:	e7cd      	b.n	100048f2 <stdio_out_chars_crlf+0x46>
10004956:	46c0      	nop			@ (mov r8, r8)
10004958:	10009028 	.word	0x10009028

1000495c <stdio_buffered_printer>:
1000495c:	b5f0      	push	{r4, r5, r6, r7, lr}
1000495e:	46c6      	mov	lr, r8
10004960:	680b      	ldr	r3, [r1, #0]
10004962:	0006      	movs	r6, r0
10004964:	000c      	movs	r4, r1
10004966:	b500      	push	{lr}
10004968:	2b80      	cmp	r3, #128	@ 0x80
1000496a:	d006      	beq.n	1000497a <stdio_buffered_printer+0x1e>
1000496c:	1c5a      	adds	r2, r3, #1
1000496e:	6022      	str	r2, [r4, #0]
10004970:	18e4      	adds	r4, r4, r3
10004972:	7126      	strb	r6, [r4, #4]
10004974:	bc80      	pop	{r7}
10004976:	46b8      	mov	r8, r7
10004978:	bdf0      	pop	{r4, r5, r6, r7, pc}
1000497a:	4b0f      	ldr	r3, [pc, #60]	@ (100049b8 <stdio_buffered_printer+0x5c>)
1000497c:	681d      	ldr	r5, [r3, #0]
1000497e:	2d00      	cmp	r5, #0
10004980:	d016      	beq.n	100049b0 <stdio_buffered_printer+0x54>
10004982:	1d0b      	adds	r3, r1, #4
10004984:	4698      	mov	r8, r3
10004986:	4f0d      	ldr	r7, [pc, #52]	@ (100049bc <stdio_buffered_printer+0x60>)
10004988:	e002      	b.n	10004990 <stdio_buffered_printer+0x34>
1000498a:	692d      	ldr	r5, [r5, #16]
1000498c:	2d00      	cmp	r5, #0
1000498e:	d00f      	beq.n	100049b0 <stdio_buffered_printer+0x54>
10004990:	682b      	ldr	r3, [r5, #0]
10004992:	2b00      	cmp	r3, #0
10004994:	d0f9      	beq.n	1000498a <stdio_buffered_printer+0x2e>
10004996:	683b      	ldr	r3, [r7, #0]
10004998:	2b00      	cmp	r3, #0
1000499a:	d001      	beq.n	100049a0 <stdio_buffered_printer+0x44>
1000499c:	42ab      	cmp	r3, r5
1000499e:	d1f4      	bne.n	1000498a <stdio_buffered_printer+0x2e>
100049a0:	0028      	movs	r0, r5
100049a2:	4641      	mov	r1, r8
100049a4:	6822      	ldr	r2, [r4, #0]
100049a6:	f7ff ff81 	bl	100048ac <stdio_out_chars_crlf>
100049aa:	692d      	ldr	r5, [r5, #16]
100049ac:	2d00      	cmp	r5, #0
100049ae:	d1ef      	bne.n	10004990 <stdio_buffered_printer+0x34>
100049b0:	2201      	movs	r2, #1
100049b2:	2300      	movs	r3, #0
100049b4:	e7db      	b.n	1000496e <stdio_buffered_printer+0x12>
100049b6:	46c0      	nop			@ (mov r8, r8)
100049b8:	20001114 	.word	0x20001114
100049bc:	20001318 	.word	0x20001318

100049c0 <stdio_put_string>:
100049c0:	b5f0      	push	{r4, r5, r6, r7, lr}
100049c2:	4645      	mov	r5, r8
100049c4:	46de      	mov	lr, fp
100049c6:	464e      	mov	r6, r9
100049c8:	4657      	mov	r7, sl
100049ca:	b5e0      	push	{r5, r6, r7, lr}
100049cc:	b083      	sub	sp, #12
100049ce:	4691      	mov	r9, r2
100049d0:	001c      	movs	r4, r3
100049d2:	4680      	mov	r8, r0
100049d4:	000d      	movs	r5, r1
100049d6:	f7fd f86b 	bl	10001ab0 <time_us_64>
100049da:	2300      	movs	r3, #0
100049dc:	4a30      	ldr	r2, [pc, #192]	@ (10004aa0 <stdio_put_string+0xe0>)
100049de:	1812      	adds	r2, r2, r0
100049e0:	414b      	adcs	r3, r1
100049e2:	2b00      	cmp	r3, #0
100049e4:	da02      	bge.n	100049ec <stdio_put_string+0x2c>
100049e6:	2201      	movs	r2, #1
100049e8:	4b2e      	ldr	r3, [pc, #184]	@ (10004aa4 <stdio_put_string+0xe4>)
100049ea:	4252      	negs	r2, r2
100049ec:	492e      	ldr	r1, [pc, #184]	@ (10004aa8 <stdio_put_string+0xe8>)
100049ee:	0008      	movs	r0, r1
100049f0:	468a      	mov	sl, r1
100049f2:	f003 fff1 	bl	100089d8 <__mutex_try_enter_block_until_veneer>
100049f6:	0007      	movs	r7, r0
100049f8:	1c6b      	adds	r3, r5, #1
100049fa:	d103      	bne.n	10004a04 <stdio_put_string+0x44>
100049fc:	4640      	mov	r0, r8
100049fe:	f003 ff83 	bl	10008908 <strlen>
10004a02:	0005      	movs	r5, r0
10004a04:	2c00      	cmp	r4, #0
10004a06:	d027      	beq.n	10004a58 <stdio_put_string+0x98>
10004a08:	4e28      	ldr	r6, [pc, #160]	@ (10004aac <stdio_put_string+0xec>)
10004a0a:	4b29      	ldr	r3, [pc, #164]	@ (10004ab0 <stdio_put_string+0xf0>)
10004a0c:	681c      	ldr	r4, [r3, #0]
10004a0e:	2c00      	cmp	r4, #0
10004a10:	d018      	beq.n	10004a44 <stdio_put_string+0x84>
10004a12:	464b      	mov	r3, r9
10004a14:	2b00      	cmp	r3, #0
10004a16:	d121      	bne.n	10004a5c <stdio_put_string+0x9c>
10004a18:	4b26      	ldr	r3, [pc, #152]	@ (10004ab4 <stdio_put_string+0xf4>)
10004a1a:	4699      	mov	r9, r3
10004a1c:	e002      	b.n	10004a24 <stdio_put_string+0x64>
10004a1e:	6924      	ldr	r4, [r4, #16]
10004a20:	2c00      	cmp	r4, #0
10004a22:	d00f      	beq.n	10004a44 <stdio_put_string+0x84>
10004a24:	6823      	ldr	r3, [r4, #0]
10004a26:	2b00      	cmp	r3, #0
10004a28:	d0f9      	beq.n	10004a1e <stdio_put_string+0x5e>
10004a2a:	464b      	mov	r3, r9
10004a2c:	681b      	ldr	r3, [r3, #0]
10004a2e:	2b00      	cmp	r3, #0
10004a30:	d001      	beq.n	10004a36 <stdio_put_string+0x76>
10004a32:	429c      	cmp	r4, r3
10004a34:	d1f3      	bne.n	10004a1e <stdio_put_string+0x5e>
10004a36:	0020      	movs	r0, r4
10004a38:	002a      	movs	r2, r5
10004a3a:	4641      	mov	r1, r8
10004a3c:	47b0      	blx	r6
10004a3e:	6924      	ldr	r4, [r4, #16]
10004a40:	2c00      	cmp	r4, #0
10004a42:	d1ef      	bne.n	10004a24 <stdio_put_string+0x64>
10004a44:	2f00      	cmp	r7, #0
10004a46:	d126      	bne.n	10004a96 <stdio_put_string+0xd6>
10004a48:	0028      	movs	r0, r5
10004a4a:	b003      	add	sp, #12
10004a4c:	bcf0      	pop	{r4, r5, r6, r7}
10004a4e:	46bb      	mov	fp, r7
10004a50:	46b2      	mov	sl, r6
10004a52:	46a9      	mov	r9, r5
10004a54:	46a0      	mov	r8, r4
10004a56:	bdf0      	pop	{r4, r5, r6, r7, pc}
10004a58:	4e17      	ldr	r6, [pc, #92]	@ (10004ab8 <stdio_put_string+0xf8>)
10004a5a:	e7d6      	b.n	10004a0a <stdio_put_string+0x4a>
10004a5c:	4b15      	ldr	r3, [pc, #84]	@ (10004ab4 <stdio_put_string+0xf4>)
10004a5e:	4699      	mov	r9, r3
10004a60:	230a      	movs	r3, #10
10004a62:	469b      	mov	fp, r3
10004a64:	e002      	b.n	10004a6c <stdio_put_string+0xac>
10004a66:	6924      	ldr	r4, [r4, #16]
10004a68:	2c00      	cmp	r4, #0
10004a6a:	d0eb      	beq.n	10004a44 <stdio_put_string+0x84>
10004a6c:	6823      	ldr	r3, [r4, #0]
10004a6e:	2b00      	cmp	r3, #0
10004a70:	d0f9      	beq.n	10004a66 <stdio_put_string+0xa6>
10004a72:	464b      	mov	r3, r9
10004a74:	681b      	ldr	r3, [r3, #0]
10004a76:	2b00      	cmp	r3, #0
10004a78:	d001      	beq.n	10004a7e <stdio_put_string+0xbe>
10004a7a:	42a3      	cmp	r3, r4
10004a7c:	d1f3      	bne.n	10004a66 <stdio_put_string+0xa6>
10004a7e:	002a      	movs	r2, r5
10004a80:	4641      	mov	r1, r8
10004a82:	0020      	movs	r0, r4
10004a84:	47b0      	blx	r6
10004a86:	466b      	mov	r3, sp
10004a88:	465a      	mov	r2, fp
10004a8a:	0020      	movs	r0, r4
10004a8c:	71da      	strb	r2, [r3, #7]
10004a8e:	1dd9      	adds	r1, r3, #7
10004a90:	2201      	movs	r2, #1
10004a92:	47b0      	blx	r6
10004a94:	e7e7      	b.n	10004a66 <stdio_put_string+0xa6>
10004a96:	4650      	mov	r0, sl
10004a98:	f003 ff6e 	bl	10008978 <__mutex_exit_veneer>
10004a9c:	e7d4      	b.n	10004a48 <stdio_put_string+0x88>
10004a9e:	46c0      	nop			@ (mov r8, r8)
10004aa0:	000f4240 	.word	0x000f4240
10004aa4:	7fffffff 	.word	0x7fffffff
10004aa8:	20000688 	.word	0x20000688
10004aac:	100048ad 	.word	0x100048ad
10004ab0:	20001114 	.word	0x20001114
10004ab4:	20001318 	.word	0x20001318
10004ab8:	1000489d 	.word	0x1000489d

10004abc <stdio_set_driver_enabled>:
10004abc:	4a0a      	ldr	r2, [pc, #40]	@ (10004ae8 <stdio_set_driver_enabled+0x2c>)
10004abe:	6813      	ldr	r3, [r2, #0]
10004ac0:	2b00      	cmp	r3, #0
10004ac2:	d105      	bne.n	10004ad0 <stdio_set_driver_enabled+0x14>
10004ac4:	e00c      	b.n	10004ae0 <stdio_set_driver_enabled+0x24>
10004ac6:	001a      	movs	r2, r3
10004ac8:	691b      	ldr	r3, [r3, #16]
10004aca:	3210      	adds	r2, #16
10004acc:	2b00      	cmp	r3, #0
10004ace:	d007      	beq.n	10004ae0 <stdio_set_driver_enabled+0x24>
10004ad0:	4283      	cmp	r3, r0
10004ad2:	d1f8      	bne.n	10004ac6 <stdio_set_driver_enabled+0xa>
10004ad4:	2900      	cmp	r1, #0
10004ad6:	d102      	bne.n	10004ade <stdio_set_driver_enabled+0x22>
10004ad8:	6918      	ldr	r0, [r3, #16]
10004ada:	6010      	str	r0, [r2, #0]
10004adc:	6119      	str	r1, [r3, #16]
10004ade:	4770      	bx	lr
10004ae0:	2900      	cmp	r1, #0
10004ae2:	d0fc      	beq.n	10004ade <stdio_set_driver_enabled+0x22>
10004ae4:	6010      	str	r0, [r2, #0]
10004ae6:	e7fa      	b.n	10004ade <stdio_set_driver_enabled+0x22>
10004ae8:	20001114 	.word	0x20001114

10004aec <stdio_init_all>:
10004aec:	b510      	push	{r4, lr}
10004aee:	f000 f9ab 	bl	10004e48 <stdio_uart_init>
10004af2:	2001      	movs	r0, #1
10004af4:	bd10      	pop	{r4, pc}
10004af6:	46c0      	nop			@ (mov r8, r8)

10004af8 <__wrap_putchar>:
10004af8:	b5f0      	push	{r4, r5, r6, r7, lr}
10004afa:	46ce      	mov	lr, r9
10004afc:	4647      	mov	r7, r8
10004afe:	b580      	push	{r7, lr}
10004b00:	b083      	sub	sp, #12
10004b02:	466b      	mov	r3, sp
10004b04:	0006      	movs	r6, r0
10004b06:	1ddd      	adds	r5, r3, #7
10004b08:	7028      	strb	r0, [r5, #0]
10004b0a:	f7fc ffd1 	bl	10001ab0 <time_us_64>
10004b0e:	2300      	movs	r3, #0
10004b10:	4a19      	ldr	r2, [pc, #100]	@ (10004b78 <__wrap_putchar+0x80>)
10004b12:	1812      	adds	r2, r2, r0
10004b14:	414b      	adcs	r3, r1
10004b16:	2b00      	cmp	r3, #0
10004b18:	da02      	bge.n	10004b20 <__wrap_putchar+0x28>
10004b1a:	2201      	movs	r2, #1
10004b1c:	4b17      	ldr	r3, [pc, #92]	@ (10004b7c <__wrap_putchar+0x84>)
10004b1e:	4252      	negs	r2, r2
10004b20:	4917      	ldr	r1, [pc, #92]	@ (10004b80 <__wrap_putchar+0x88>)
10004b22:	0008      	movs	r0, r1
10004b24:	4688      	mov	r8, r1
10004b26:	f003 ff57 	bl	100089d8 <__mutex_try_enter_block_until_veneer>
10004b2a:	4b16      	ldr	r3, [pc, #88]	@ (10004b84 <__wrap_putchar+0x8c>)
10004b2c:	4681      	mov	r9, r0
10004b2e:	681c      	ldr	r4, [r3, #0]
10004b30:	2c00      	cmp	r4, #0
10004b32:	d014      	beq.n	10004b5e <__wrap_putchar+0x66>
10004b34:	4f14      	ldr	r7, [pc, #80]	@ (10004b88 <__wrap_putchar+0x90>)
10004b36:	e002      	b.n	10004b3e <__wrap_putchar+0x46>
10004b38:	6924      	ldr	r4, [r4, #16]
10004b3a:	2c00      	cmp	r4, #0
10004b3c:	d00f      	beq.n	10004b5e <__wrap_putchar+0x66>
10004b3e:	6823      	ldr	r3, [r4, #0]
10004b40:	2b00      	cmp	r3, #0
10004b42:	d0f9      	beq.n	10004b38 <__wrap_putchar+0x40>
10004b44:	683b      	ldr	r3, [r7, #0]
10004b46:	2b00      	cmp	r3, #0
10004b48:	d001      	beq.n	10004b4e <__wrap_putchar+0x56>
10004b4a:	429c      	cmp	r4, r3
10004b4c:	d1f4      	bne.n	10004b38 <__wrap_putchar+0x40>
10004b4e:	0020      	movs	r0, r4
10004b50:	2201      	movs	r2, #1
10004b52:	0029      	movs	r1, r5
10004b54:	f7ff feaa 	bl	100048ac <stdio_out_chars_crlf>
10004b58:	6924      	ldr	r4, [r4, #16]
10004b5a:	2c00      	cmp	r4, #0
10004b5c:	d1ef      	bne.n	10004b3e <__wrap_putchar+0x46>
10004b5e:	464b      	mov	r3, r9
10004b60:	2b00      	cmp	r3, #0
10004b62:	d105      	bne.n	10004b70 <__wrap_putchar+0x78>
10004b64:	0030      	movs	r0, r6
10004b66:	b003      	add	sp, #12
10004b68:	bcc0      	pop	{r6, r7}
10004b6a:	46b9      	mov	r9, r7
10004b6c:	46b0      	mov	r8, r6
10004b6e:	bdf0      	pop	{r4, r5, r6, r7, pc}
10004b70:	4640      	mov	r0, r8
10004b72:	f003 ff01 	bl	10008978 <__mutex_exit_veneer>
10004b76:	e7f5      	b.n	10004b64 <__wrap_putchar+0x6c>
10004b78:	000f4240 	.word	0x000f4240
10004b7c:	7fffffff 	.word	0x7fffffff
10004b80:	20000688 	.word	0x20000688
10004b84:	20001114 	.word	0x20001114
10004b88:	20001318 	.word	0x20001318

10004b8c <__wrap_puts>:
10004b8c:	b570      	push	{r4, r5, r6, lr}
10004b8e:	0004      	movs	r4, r0
10004b90:	f003 feba 	bl	10008908 <strlen>
10004b94:	2301      	movs	r3, #1
10004b96:	0001      	movs	r1, r0
10004b98:	0005      	movs	r5, r0
10004b9a:	2201      	movs	r2, #1
10004b9c:	0020      	movs	r0, r4
10004b9e:	f7ff ff0f 	bl	100049c0 <stdio_put_string>
10004ba2:	4b08      	ldr	r3, [pc, #32]	@ (10004bc4 <__wrap_puts+0x38>)
10004ba4:	681c      	ldr	r4, [r3, #0]
10004ba6:	2c00      	cmp	r4, #0
10004ba8:	d006      	beq.n	10004bb8 <__wrap_puts+0x2c>
10004baa:	6863      	ldr	r3, [r4, #4]
10004bac:	2b00      	cmp	r3, #0
10004bae:	d005      	beq.n	10004bbc <__wrap_puts+0x30>
10004bb0:	4798      	blx	r3
10004bb2:	6924      	ldr	r4, [r4, #16]
10004bb4:	2c00      	cmp	r4, #0
10004bb6:	d1f8      	bne.n	10004baa <__wrap_puts+0x1e>
10004bb8:	0028      	movs	r0, r5
10004bba:	bd70      	pop	{r4, r5, r6, pc}
10004bbc:	6924      	ldr	r4, [r4, #16]
10004bbe:	2c00      	cmp	r4, #0
10004bc0:	d1f3      	bne.n	10004baa <__wrap_puts+0x1e>
10004bc2:	e7f9      	b.n	10004bb8 <__wrap_puts+0x2c>
10004bc4:	20001114 	.word	0x20001114

10004bc8 <__wrap_vprintf>:
10004bc8:	b5f0      	push	{r4, r5, r6, r7, lr}
10004bca:	46ce      	mov	lr, r9
10004bcc:	4647      	mov	r7, r8
10004bce:	b580      	push	{r7, lr}
10004bd0:	b0a3      	sub	sp, #140	@ 0x8c
10004bd2:	0004      	movs	r4, r0
10004bd4:	000d      	movs	r5, r1
10004bd6:	f7fc ff6b 	bl	10001ab0 <time_us_64>
10004bda:	2300      	movs	r3, #0
10004bdc:	4a27      	ldr	r2, [pc, #156]	@ (10004c7c <__wrap_vprintf+0xb4>)
10004bde:	1812      	adds	r2, r2, r0
10004be0:	414b      	adcs	r3, r1
10004be2:	2b00      	cmp	r3, #0
10004be4:	da02      	bge.n	10004bec <__wrap_vprintf+0x24>
10004be6:	2201      	movs	r2, #1
10004be8:	4b25      	ldr	r3, [pc, #148]	@ (10004c80 <__wrap_vprintf+0xb8>)
10004bea:	4252      	negs	r2, r2
10004bec:	4e25      	ldr	r6, [pc, #148]	@ (10004c84 <__wrap_vprintf+0xbc>)
10004bee:	0030      	movs	r0, r6
10004bf0:	f003 fef2 	bl	100089d8 <__mutex_try_enter_block_until_veneer>
10004bf4:	2300      	movs	r3, #0
10004bf6:	0022      	movs	r2, r4
10004bf8:	9301      	str	r3, [sp, #4]
10004bfa:	0007      	movs	r7, r0
10004bfc:	002b      	movs	r3, r5
10004bfe:	4822      	ldr	r0, [pc, #136]	@ (10004c88 <__wrap_vprintf+0xc0>)
10004c00:	a901      	add	r1, sp, #4
10004c02:	f7ff fe05 	bl	10004810 <vfctprintf>
10004c06:	4b21      	ldr	r3, [pc, #132]	@ (10004c8c <__wrap_vprintf+0xc4>)
10004c08:	4680      	mov	r8, r0
10004c0a:	4699      	mov	r9, r3
10004c0c:	681c      	ldr	r4, [r3, #0]
10004c0e:	9b01      	ldr	r3, [sp, #4]
10004c10:	2b00      	cmp	r3, #0
10004c12:	d01a      	beq.n	10004c4a <__wrap_vprintf+0x82>
10004c14:	2c00      	cmp	r4, #0
10004c16:	d02f      	beq.n	10004c78 <__wrap_vprintf+0xb0>
10004c18:	4d1d      	ldr	r5, [pc, #116]	@ (10004c90 <__wrap_vprintf+0xc8>)
10004c1a:	e002      	b.n	10004c22 <__wrap_vprintf+0x5a>
10004c1c:	6924      	ldr	r4, [r4, #16]
10004c1e:	2c00      	cmp	r4, #0
10004c20:	d00f      	beq.n	10004c42 <__wrap_vprintf+0x7a>
10004c22:	6823      	ldr	r3, [r4, #0]
10004c24:	2b00      	cmp	r3, #0
10004c26:	d0f9      	beq.n	10004c1c <__wrap_vprintf+0x54>
10004c28:	682b      	ldr	r3, [r5, #0]
10004c2a:	2b00      	cmp	r3, #0
10004c2c:	d001      	beq.n	10004c32 <__wrap_vprintf+0x6a>
10004c2e:	42a3      	cmp	r3, r4
10004c30:	d1f4      	bne.n	10004c1c <__wrap_vprintf+0x54>
10004c32:	0020      	movs	r0, r4
10004c34:	9a01      	ldr	r2, [sp, #4]
10004c36:	a902      	add	r1, sp, #8
10004c38:	f7ff fe38 	bl	100048ac <stdio_out_chars_crlf>
10004c3c:	6924      	ldr	r4, [r4, #16]
10004c3e:	2c00      	cmp	r4, #0
10004c40:	d1ef      	bne.n	10004c22 <__wrap_vprintf+0x5a>
10004c42:	464b      	mov	r3, r9
10004c44:	681c      	ldr	r4, [r3, #0]
10004c46:	2300      	movs	r3, #0
10004c48:	9301      	str	r3, [sp, #4]
10004c4a:	2c00      	cmp	r4, #0
10004c4c:	d006      	beq.n	10004c5c <__wrap_vprintf+0x94>
10004c4e:	6863      	ldr	r3, [r4, #4]
10004c50:	2b00      	cmp	r3, #0
10004c52:	d00b      	beq.n	10004c6c <__wrap_vprintf+0xa4>
10004c54:	4798      	blx	r3
10004c56:	6924      	ldr	r4, [r4, #16]
10004c58:	2c00      	cmp	r4, #0
10004c5a:	d1f8      	bne.n	10004c4e <__wrap_vprintf+0x86>
10004c5c:	2f00      	cmp	r7, #0
10004c5e:	d107      	bne.n	10004c70 <__wrap_vprintf+0xa8>
10004c60:	4640      	mov	r0, r8
10004c62:	b023      	add	sp, #140	@ 0x8c
10004c64:	bcc0      	pop	{r6, r7}
10004c66:	46b9      	mov	r9, r7
10004c68:	46b0      	mov	r8, r6
10004c6a:	bdf0      	pop	{r4, r5, r6, r7, pc}
10004c6c:	6924      	ldr	r4, [r4, #16]
10004c6e:	e7ec      	b.n	10004c4a <__wrap_vprintf+0x82>
10004c70:	0030      	movs	r0, r6
10004c72:	f003 fe81 	bl	10008978 <__mutex_exit_veneer>
10004c76:	e7f3      	b.n	10004c60 <__wrap_vprintf+0x98>
10004c78:	9401      	str	r4, [sp, #4]
10004c7a:	e7ef      	b.n	10004c5c <__wrap_vprintf+0x94>
10004c7c:	000f4240 	.word	0x000f4240
10004c80:	7fffffff 	.word	0x7fffffff
10004c84:	20000688 	.word	0x20000688
10004c88:	1000495d 	.word	0x1000495d
10004c8c:	20001114 	.word	0x20001114
10004c90:	20001318 	.word	0x20001318

10004c94 <__wrap_printf>:
10004c94:	b40f      	push	{r0, r1, r2, r3}
10004c96:	b500      	push	{lr}
10004c98:	b083      	sub	sp, #12
10004c9a:	a904      	add	r1, sp, #16
10004c9c:	c901      	ldmia	r1!, {r0}
10004c9e:	9101      	str	r1, [sp, #4]
10004ca0:	f7ff ff92 	bl	10004bc8 <__wrap_vprintf>
10004ca4:	b003      	add	sp, #12
10004ca6:	bc08      	pop	{r3}
10004ca8:	b004      	add	sp, #16
10004caa:	4718      	bx	r3

10004cac <stdio_uart_out_chars>:
10004cac:	b5f0      	push	{r4, r5, r6, r7, lr}
10004cae:	2900      	cmp	r1, #0
10004cb0:	dd15      	ble.n	10004cde <stdio_uart_out_chars+0x32>
10004cb2:	4b0e      	ldr	r3, [pc, #56]	@ (10004cec <stdio_uart_out_chars+0x40>)
10004cb4:	270d      	movs	r7, #13
10004cb6:	681a      	ldr	r2, [r3, #0]
10004cb8:	4b0d      	ldr	r3, [pc, #52]	@ (10004cf0 <stdio_uart_out_chars+0x44>)
10004cba:	4c0e      	ldr	r4, [pc, #56]	@ (10004cf4 <stdio_uart_out_chars+0x48>)
10004cbc:	18d3      	adds	r3, r2, r3
10004cbe:	425d      	negs	r5, r3
10004cc0:	416b      	adcs	r3, r5
10004cc2:	1845      	adds	r5, r0, r1
10004cc4:	2120      	movs	r1, #32
10004cc6:	005b      	lsls	r3, r3, #1
10004cc8:	5f1e      	ldrsh	r6, [r3, r4]
10004cca:	7804      	ldrb	r4, [r0, #0]
10004ccc:	42a6      	cmp	r6, r4
10004cce:	d007      	beq.n	10004ce0 <stdio_uart_out_chars+0x34>
10004cd0:	6993      	ldr	r3, [r2, #24]
10004cd2:	4219      	tst	r1, r3
10004cd4:	d1fc      	bne.n	10004cd0 <stdio_uart_out_chars+0x24>
10004cd6:	3001      	adds	r0, #1
10004cd8:	6014      	str	r4, [r2, #0]
10004cda:	42a8      	cmp	r0, r5
10004cdc:	d1f5      	bne.n	10004cca <stdio_uart_out_chars+0x1e>
10004cde:	bdf0      	pop	{r4, r5, r6, r7, pc}
10004ce0:	6993      	ldr	r3, [r2, #24]
10004ce2:	4219      	tst	r1, r3
10004ce4:	d1fc      	bne.n	10004ce0 <stdio_uart_out_chars+0x34>
10004ce6:	6017      	str	r7, [r2, #0]
10004ce8:	e7f2      	b.n	10004cd0 <stdio_uart_out_chars+0x24>
10004cea:	46c0      	nop			@ (mov r8, r8)
10004cec:	20001378 	.word	0x20001378
10004cf0:	bffc8000 	.word	0xbffc8000
10004cf4:	20001370 	.word	0x20001370

10004cf8 <stdio_uart_in_chars>:
10004cf8:	4b20      	ldr	r3, [pc, #128]	@ (10004d7c <stdio_uart_in_chars+0x84>)
10004cfa:	b570      	push	{r4, r5, r6, lr}
10004cfc:	0004      	movs	r4, r0
10004cfe:	1e0d      	subs	r5, r1, #0
10004d00:	681e      	ldr	r6, [r3, #0]
10004d02:	dd2a      	ble.n	10004d5a <stdio_uart_in_chars+0x62>
10004d04:	2000      	movs	r0, #0
10004d06:	2110      	movs	r1, #16
10004d08:	4b1d      	ldr	r3, [pc, #116]	@ (10004d80 <stdio_uart_in_chars+0x88>)
10004d0a:	3c01      	subs	r4, #1
10004d0c:	681a      	ldr	r2, [r3, #0]
10004d0e:	6993      	ldr	r3, [r2, #24]
10004d10:	4219      	tst	r1, r3
10004d12:	d114      	bne.n	10004d3e <stdio_uart_in_chars+0x46>
10004d14:	3001      	adds	r0, #1
10004d16:	6993      	ldr	r3, [r2, #24]
10004d18:	4219      	tst	r1, r3
10004d1a:	d1fc      	bne.n	10004d16 <stdio_uart_in_chars+0x1e>
10004d1c:	6813      	ldr	r3, [r2, #0]
10004d1e:	5423      	strb	r3, [r4, r0]
10004d20:	4285      	cmp	r5, r0
10004d22:	d1f4      	bne.n	10004d0e <stdio_uart_in_chars+0x16>
10004d24:	2e00      	cmp	r6, #0
10004d26:	d008      	beq.n	10004d3a <stdio_uart_in_chars+0x42>
10004d28:	2350      	movs	r3, #80	@ 0x50
10004d2a:	6393      	str	r3, [r2, #56]	@ 0x38
10004d2c:	6b51      	ldr	r1, [r2, #52]	@ 0x34
10004d2e:	3b18      	subs	r3, #24
10004d30:	400b      	ands	r3, r1
10004d32:	4914      	ldr	r1, [pc, #80]	@ (10004d84 <stdio_uart_in_chars+0x8c>)
10004d34:	468c      	mov	ip, r1
10004d36:	4462      	add	r2, ip
10004d38:	6013      	str	r3, [r2, #0]
10004d3a:	0028      	movs	r0, r5
10004d3c:	bd70      	pop	{r4, r5, r6, pc}
10004d3e:	2e00      	cmp	r6, #0
10004d40:	d008      	beq.n	10004d54 <stdio_uart_in_chars+0x5c>
10004d42:	2350      	movs	r3, #80	@ 0x50
10004d44:	6393      	str	r3, [r2, #56]	@ 0x38
10004d46:	6b51      	ldr	r1, [r2, #52]	@ 0x34
10004d48:	3b18      	subs	r3, #24
10004d4a:	400b      	ands	r3, r1
10004d4c:	490d      	ldr	r1, [pc, #52]	@ (10004d84 <stdio_uart_in_chars+0x8c>)
10004d4e:	468c      	mov	ip, r1
10004d50:	4462      	add	r2, ip
10004d52:	6013      	str	r3, [r2, #0]
10004d54:	2800      	cmp	r0, #0
10004d56:	d1f1      	bne.n	10004d3c <stdio_uart_in_chars+0x44>
10004d58:	e00c      	b.n	10004d74 <stdio_uart_in_chars+0x7c>
10004d5a:	2e00      	cmp	r6, #0
10004d5c:	d00a      	beq.n	10004d74 <stdio_uart_in_chars+0x7c>
10004d5e:	2250      	movs	r2, #80	@ 0x50
10004d60:	4b07      	ldr	r3, [pc, #28]	@ (10004d80 <stdio_uart_in_chars+0x88>)
10004d62:	681b      	ldr	r3, [r3, #0]
10004d64:	639a      	str	r2, [r3, #56]	@ 0x38
10004d66:	6b59      	ldr	r1, [r3, #52]	@ 0x34
10004d68:	3a18      	subs	r2, #24
10004d6a:	400a      	ands	r2, r1
10004d6c:	4905      	ldr	r1, [pc, #20]	@ (10004d84 <stdio_uart_in_chars+0x8c>)
10004d6e:	468c      	mov	ip, r1
10004d70:	4463      	add	r3, ip
10004d72:	601a      	str	r2, [r3, #0]
10004d74:	2003      	movs	r0, #3
10004d76:	4240      	negs	r0, r0
10004d78:	e7e0      	b.n	10004d3c <stdio_uart_in_chars+0x44>
10004d7a:	46c0      	nop			@ (mov r8, r8)
10004d7c:	200010dc 	.word	0x200010dc
10004d80:	20001378 	.word	0x20001378
10004d84:	00001034 	.word	0x00001034

10004d88 <on_uart_rx>:
10004d88:	4b06      	ldr	r3, [pc, #24]	@ (10004da4 <on_uart_rx+0x1c>)
10004d8a:	b510      	push	{r4, lr}
10004d8c:	681b      	ldr	r3, [r3, #0]
10004d8e:	2b00      	cmp	r3, #0
10004d90:	d006      	beq.n	10004da0 <on_uart_rx+0x18>
10004d92:	2100      	movs	r1, #0
10004d94:	4a04      	ldr	r2, [pc, #16]	@ (10004da8 <on_uart_rx+0x20>)
10004d96:	6812      	ldr	r2, [r2, #0]
10004d98:	6391      	str	r1, [r2, #56]	@ 0x38
10004d9a:	4a04      	ldr	r2, [pc, #16]	@ (10004dac <on_uart_rx+0x24>)
10004d9c:	6810      	ldr	r0, [r2, #0]
10004d9e:	4798      	blx	r3
10004da0:	bd10      	pop	{r4, pc}
10004da2:	46c0      	nop			@ (mov r8, r8)
10004da4:	200010dc 	.word	0x200010dc
10004da8:	20001378 	.word	0x20001378
10004dac:	200010e0 	.word	0x200010e0

10004db0 <stdio_uart_out_flush>:
10004db0:	2208      	movs	r2, #8
10004db2:	4b03      	ldr	r3, [pc, #12]	@ (10004dc0 <stdio_uart_out_flush+0x10>)
10004db4:	6819      	ldr	r1, [r3, #0]
10004db6:	698b      	ldr	r3, [r1, #24]
10004db8:	421a      	tst	r2, r3
10004dba:	d1fc      	bne.n	10004db6 <stdio_uart_out_flush+0x6>
10004dbc:	4770      	bx	lr
10004dbe:	46c0      	nop			@ (mov r8, r8)
10004dc0:	20001378 	.word	0x20001378

10004dc4 <stdio_uart_set_chars_available_callback>:
10004dc4:	b5f8      	push	{r3, r4, r5, r6, r7, lr}
10004dc6:	4f1a      	ldr	r7, [pc, #104]	@ (10004e30 <stdio_uart_set_chars_available_callback+0x6c>)
10004dc8:	4b1a      	ldr	r3, [pc, #104]	@ (10004e34 <stdio_uart_set_chars_available_callback+0x70>)
10004dca:	683a      	ldr	r2, [r7, #0]
10004dcc:	0005      	movs	r5, r0
10004dce:	18d3      	adds	r3, r2, r3
10004dd0:	4258      	negs	r0, r3
10004dd2:	4143      	adcs	r3, r0
10004dd4:	4e18      	ldr	r6, [pc, #96]	@ (10004e38 <stdio_uart_set_chars_available_callback+0x74>)
10004dd6:	3314      	adds	r3, #20
10004dd8:	001c      	movs	r4, r3
10004dda:	6833      	ldr	r3, [r6, #0]
10004ddc:	2d00      	cmp	r5, #0
10004dde:	d002      	beq.n	10004de6 <stdio_uart_set_chars_available_callback+0x22>
10004de0:	2b00      	cmp	r3, #0
10004de2:	d00f      	beq.n	10004e04 <stdio_uart_set_chars_available_callback+0x40>
10004de4:	bdf8      	pop	{r3, r4, r5, r6, r7, pc}
10004de6:	2b00      	cmp	r3, #0
10004de8:	d0fc      	beq.n	10004de4 <stdio_uart_set_chars_available_callback+0x20>
10004dea:	2100      	movs	r1, #0
10004dec:	0020      	movs	r0, r4
10004dee:	6395      	str	r5, [r2, #56]	@ 0x38
10004df0:	f7fb ffea 	bl	10000dc8 <irq_set_enabled>
10004df4:	0020      	movs	r0, r4
10004df6:	4911      	ldr	r1, [pc, #68]	@ (10004e3c <stdio_uart_set_chars_available_callback+0x78>)
10004df8:	f7fc f91c 	bl	10001034 <irq_remove_handler>
10004dfc:	4b10      	ldr	r3, [pc, #64]	@ (10004e40 <stdio_uart_set_chars_available_callback+0x7c>)
10004dfe:	6035      	str	r5, [r6, #0]
10004e00:	601d      	str	r5, [r3, #0]
10004e02:	e7ef      	b.n	10004de4 <stdio_uart_set_chars_available_callback+0x20>
10004e04:	4b0e      	ldr	r3, [pc, #56]	@ (10004e40 <stdio_uart_set_chars_available_callback+0x7c>)
10004e06:	0020      	movs	r0, r4
10004e08:	6019      	str	r1, [r3, #0]
10004e0a:	490c      	ldr	r1, [pc, #48]	@ (10004e3c <stdio_uart_set_chars_available_callback+0x78>)
10004e0c:	6035      	str	r5, [r6, #0]
10004e0e:	f7fb ffed 	bl	10000dec <irq_set_exclusive_handler>
10004e12:	2101      	movs	r1, #1
10004e14:	0020      	movs	r0, r4
10004e16:	f7fb ffd7 	bl	10000dc8 <irq_set_enabled>
10004e1a:	2250      	movs	r2, #80	@ 0x50
10004e1c:	683b      	ldr	r3, [r7, #0]
10004e1e:	639a      	str	r2, [r3, #56]	@ 0x38
10004e20:	6b59      	ldr	r1, [r3, #52]	@ 0x34
10004e22:	3a18      	subs	r2, #24
10004e24:	400a      	ands	r2, r1
10004e26:	4907      	ldr	r1, [pc, #28]	@ (10004e44 <stdio_uart_set_chars_available_callback+0x80>)
10004e28:	468c      	mov	ip, r1
10004e2a:	4463      	add	r3, ip
10004e2c:	601a      	str	r2, [r3, #0]
10004e2e:	e7d9      	b.n	10004de4 <stdio_uart_set_chars_available_callback+0x20>
10004e30:	20001378 	.word	0x20001378
10004e34:	bffc8000 	.word	0xbffc8000
10004e38:	200010dc 	.word	0x200010dc
10004e3c:	10004d89 	.word	0x10004d89
10004e40:	200010e0 	.word	0x200010e0
10004e44:	00001034 	.word	0x00001034

10004e48 <stdio_uart_init>:
10004e48:	4b0d      	ldr	r3, [pc, #52]	@ (10004e80 <stdio_uart_init+0x38>)
10004e4a:	b510      	push	{r4, lr}
10004e4c:	781b      	ldrb	r3, [r3, #0]
10004e4e:	4b0d      	ldr	r3, [pc, #52]	@ (10004e84 <stdio_uart_init+0x3c>)
10004e50:	4c0d      	ldr	r4, [pc, #52]	@ (10004e88 <stdio_uart_init+0x40>)
10004e52:	781b      	ldrb	r3, [r3, #0]
10004e54:	4b0d      	ldr	r3, [pc, #52]	@ (10004e8c <stdio_uart_init+0x44>)
10004e56:	2102      	movs	r1, #2
10004e58:	781b      	ldrb	r3, [r3, #0]
10004e5a:	4b0d      	ldr	r3, [pc, #52]	@ (10004e90 <stdio_uart_init+0x48>)
10004e5c:	2000      	movs	r0, #0
10004e5e:	6023      	str	r3, [r4, #0]
10004e60:	f7fb febc 	bl	10000bdc <gpio_set_function>
10004e64:	2102      	movs	r1, #2
10004e66:	2001      	movs	r0, #1
10004e68:	f7fb feb8 	bl	10000bdc <gpio_set_function>
10004e6c:	21e1      	movs	r1, #225	@ 0xe1
10004e6e:	6820      	ldr	r0, [r4, #0]
10004e70:	0249      	lsls	r1, r1, #9
10004e72:	f7fc fe6b 	bl	10001b4c <uart_init>
10004e76:	2101      	movs	r1, #1
10004e78:	4806      	ldr	r0, [pc, #24]	@ (10004e94 <stdio_uart_init+0x4c>)
10004e7a:	f7ff fe1f 	bl	10004abc <stdio_set_driver_enabled>
10004e7e:	bd10      	pop	{r4, pc}
10004e80:	10009114 	.word	0x10009114
10004e84:	10009110 	.word	0x10009110
10004e88:	20001378 	.word	0x20001378
10004e8c:	1000910c 	.word	0x1000910c
10004e90:	40034000 	.word	0x40034000
10004e94:	20000650 	.word	0x20000650

10004e98 <stdio_uart_init_full>:
10004e98:	b570      	push	{r4, r5, r6, lr}
10004e9a:	4e0c      	ldr	r6, [pc, #48]	@ (10004ecc <stdio_uart_init_full+0x34>)
10004e9c:	000d      	movs	r5, r1
10004e9e:	001c      	movs	r4, r3
10004ea0:	6030      	str	r0, [r6, #0]
10004ea2:	2a00      	cmp	r2, #0
10004ea4:	db03      	blt.n	10004eae <stdio_uart_init_full+0x16>
10004ea6:	2102      	movs	r1, #2
10004ea8:	0010      	movs	r0, r2
10004eaa:	f7fb fe97 	bl	10000bdc <gpio_set_function>
10004eae:	2c00      	cmp	r4, #0
10004eb0:	db03      	blt.n	10004eba <stdio_uart_init_full+0x22>
10004eb2:	2102      	movs	r1, #2
10004eb4:	0020      	movs	r0, r4
10004eb6:	f7fb fe91 	bl	10000bdc <gpio_set_function>
10004eba:	0029      	movs	r1, r5
10004ebc:	6830      	ldr	r0, [r6, #0]
10004ebe:	f7fc fe45 	bl	10001b4c <uart_init>
10004ec2:	2101      	movs	r1, #1
10004ec4:	4802      	ldr	r0, [pc, #8]	@ (10004ed0 <stdio_uart_init_full+0x38>)
10004ec6:	f7ff fdf9 	bl	10004abc <stdio_set_driver_enabled>
10004eca:	bd70      	pop	{r4, r5, r6, pc}
10004ecc:	20001378 	.word	0x20001378
10004ed0:	20000650 	.word	0x20000650

10004ed4 <spi_init>:
10004ed4:	b5f0      	push	{r4, r5, r6, r7, lr}
10004ed6:	464e      	mov	r6, r9
10004ed8:	4681      	mov	r9, r0
10004eda:	4a47      	ldr	r2, [pc, #284]	@ (10004ff8 <spi_init+0x124>)
10004edc:	46de      	mov	lr, fp
10004ede:	444a      	add	r2, r9
10004ee0:	1e53      	subs	r3, r2, #1
10004ee2:	419a      	sbcs	r2, r3
10004ee4:	2380      	movs	r3, #128	@ 0x80
10004ee6:	4657      	mov	r7, sl
10004ee8:	4645      	mov	r5, r8
10004eea:	025b      	lsls	r3, r3, #9
10004eec:	469c      	mov	ip, r3
10004eee:	b5e0      	push	{r5, r6, r7, lr}
10004ef0:	4b42      	ldr	r3, [pc, #264]	@ (10004ffc <spi_init+0x128>)
10004ef2:	0412      	lsls	r2, r2, #16
10004ef4:	4462      	add	r2, ip
10004ef6:	b085      	sub	sp, #20
10004ef8:	601a      	str	r2, [r3, #0]
10004efa:	4b41      	ldr	r3, [pc, #260]	@ (10005000 <spi_init+0x12c>)
10004efc:	000c      	movs	r4, r1
10004efe:	4941      	ldr	r1, [pc, #260]	@ (10005004 <spi_init+0x130>)
10004f00:	601a      	str	r2, [r3, #0]
10004f02:	0010      	movs	r0, r2
10004f04:	680b      	ldr	r3, [r1, #0]
10004f06:	4398      	bics	r0, r3
10004f08:	d1fb      	bne.n	10004f02 <spi_init+0x2e>
10004f0a:	4680      	mov	r8, r0
10004f0c:	2006      	movs	r0, #6
10004f0e:	f7fc ff9b 	bl	10001e48 <clock_get_hz>
10004f12:	464b      	mov	r3, r9
10004f14:	685a      	ldr	r2, [r3, #4]
10004f16:	2302      	movs	r3, #2
10004f18:	401a      	ands	r2, r3
10004f1a:	9201      	str	r2, [sp, #4]
10004f1c:	464a      	mov	r2, r9
10004f1e:	9000      	str	r0, [sp, #0]
10004f20:	2080      	movs	r0, #128	@ 0x80
10004f22:	3204      	adds	r2, #4
10004f24:	9202      	str	r2, [sp, #8]
10004f26:	4a38      	ldr	r2, [pc, #224]	@ (10005008 <spi_init+0x134>)
10004f28:	0de7      	lsrs	r7, r4, #23
10004f2a:	444a      	add	r2, r9
10004f2c:	0266      	lsls	r6, r4, #9
10004f2e:	6013      	str	r3, [r2, #0]
10004f30:	4693      	mov	fp, r2
10004f32:	003b      	movs	r3, r7
10004f34:	0032      	movs	r2, r6
10004f36:	2502      	movs	r5, #2
10004f38:	0040      	lsls	r0, r0, #1
10004f3a:	e007      	b.n	10004f4c <spi_init+0x78>
10004f3c:	9900      	ldr	r1, [sp, #0]
10004f3e:	4291      	cmp	r1, r2
10004f40:	d306      	bcc.n	10004f50 <spi_init+0x7c>
10004f42:	3502      	adds	r5, #2
10004f44:	1992      	adds	r2, r2, r6
10004f46:	417b      	adcs	r3, r7
10004f48:	4285      	cmp	r5, r0
10004f4a:	d001      	beq.n	10004f50 <spi_init+0x7c>
10004f4c:	2b00      	cmp	r3, #0
10004f4e:	d0f5      	beq.n	10004f3c <spi_init+0x68>
10004f50:	4643      	mov	r3, r8
10004f52:	2680      	movs	r6, #128	@ 0x80
10004f54:	9303      	str	r3, [sp, #12]
10004f56:	9b00      	ldr	r3, [sp, #0]
10004f58:	022f      	lsls	r7, r5, #8
10004f5a:	46aa      	mov	sl, r5
10004f5c:	4698      	mov	r8, r3
10004f5e:	1b7f      	subs	r7, r7, r5
10004f60:	0076      	lsls	r6, r6, #1
10004f62:	e003      	b.n	10004f6c <spi_init+0x98>
10004f64:	4653      	mov	r3, sl
10004f66:	1aff      	subs	r7, r7, r3
10004f68:	2e01      	cmp	r6, #1
10004f6a:	d03f      	beq.n	10004fec <spi_init+0x118>
10004f6c:	0039      	movs	r1, r7
10004f6e:	4640      	mov	r0, r8
10004f70:	0035      	movs	r5, r6
10004f72:	3e01      	subs	r6, #1
10004f74:	f7fd f962 	bl	1000223c <__wrap___aeabi_uidiv>
10004f78:	4284      	cmp	r4, r0
10004f7a:	d2f3      	bcs.n	10004f64 <spi_init+0x90>
10004f7c:	002b      	movs	r3, r5
10004f7e:	4655      	mov	r5, sl
10004f80:	469a      	mov	sl, r3
10004f82:	4650      	mov	r0, sl
10004f84:	0233      	lsls	r3, r6, #8
10004f86:	4698      	mov	r8, r3
10004f88:	4368      	muls	r0, r5
10004f8a:	464b      	mov	r3, r9
10004f8c:	4642      	mov	r2, r8
10004f8e:	611d      	str	r5, [r3, #16]
10004f90:	681b      	ldr	r3, [r3, #0]
10004f92:	2680      	movs	r6, #128	@ 0x80
10004f94:	4053      	eors	r3, r2
10004f96:	22ff      	movs	r2, #255	@ 0xff
10004f98:	0176      	lsls	r6, r6, #5
10004f9a:	0212      	lsls	r2, r2, #8
10004f9c:	4013      	ands	r3, r2
10004f9e:	444e      	add	r6, r9
10004fa0:	6033      	str	r3, [r6, #0]
10004fa2:	2380      	movs	r3, #128	@ 0x80
10004fa4:	019b      	lsls	r3, r3, #6
10004fa6:	469c      	mov	ip, r3
10004fa8:	9a02      	ldr	r2, [sp, #8]
10004faa:	9b01      	ldr	r3, [sp, #4]
10004fac:	4462      	add	r2, ip
10004fae:	6013      	str	r3, [r2, #0]
10004fb0:	2102      	movs	r1, #2
10004fb2:	465c      	mov	r4, fp
10004fb4:	464b      	mov	r3, r9
10004fb6:	685b      	ldr	r3, [r3, #4]
10004fb8:	6021      	str	r1, [r4, #0]
10004fba:	464c      	mov	r4, r9
10004fbc:	6827      	ldr	r7, [r4, #0]
10004fbe:	2407      	movs	r4, #7
10004fc0:	4067      	eors	r7, r4
10004fc2:	34c8      	adds	r4, #200	@ 0xc8
10004fc4:	403c      	ands	r4, r7
10004fc6:	6034      	str	r4, [r6, #0]
10004fc8:	2403      	movs	r4, #3
10004fca:	400b      	ands	r3, r1
10004fcc:	6013      	str	r3, [r2, #0]
10004fce:	4b0f      	ldr	r3, [pc, #60]	@ (1000500c <spi_init+0x138>)
10004fd0:	444b      	add	r3, r9
10004fd2:	601c      	str	r4, [r3, #0]
10004fd4:	6011      	str	r1, [r2, #0]
10004fd6:	0001      	movs	r1, r0
10004fd8:	9800      	ldr	r0, [sp, #0]
10004fda:	f7fd f92f 	bl	1000223c <__wrap___aeabi_uidiv>
10004fde:	b005      	add	sp, #20
10004fe0:	bcf0      	pop	{r4, r5, r6, r7}
10004fe2:	46bb      	mov	fp, r7
10004fe4:	46b2      	mov	sl, r6
10004fe6:	46a9      	mov	r9, r5
10004fe8:	46a0      	mov	r8, r4
10004fea:	bdf0      	pop	{r4, r5, r6, r7, pc}
10004fec:	4655      	mov	r5, sl
10004fee:	9b03      	ldr	r3, [sp, #12]
10004ff0:	0028      	movs	r0, r5
10004ff2:	4698      	mov	r8, r3
10004ff4:	e7c9      	b.n	10004f8a <spi_init+0xb6>
10004ff6:	46c0      	nop			@ (mov r8, r8)
10004ff8:	bffc4000 	.word	0xbffc4000
10004ffc:	4000e000 	.word	0x4000e000
10005000:	4000f000 	.word	0x4000f000
10005004:	4000c008 	.word	0x4000c008
10005008:	00003004 	.word	0x00003004
1000500c:	00002024 	.word	0x00002024

10005010 <hcd_rp2040_irq>:
10005010:	b5f0      	push	{r4, r5, r6, r7, lr}
10005012:	2398      	movs	r3, #152	@ 0x98
10005014:	4657      	mov	r7, sl
10005016:	46de      	mov	lr, fp
10005018:	464e      	mov	r6, r9
1000501a:	4645      	mov	r5, r8
1000501c:	4ac9      	ldr	r2, [pc, #804]	@ (10005344 <hcd_rp2040_irq+0x334>)
1000501e:	b5e0      	push	{r5, r6, r7, lr}
10005020:	58d7      	ldr	r7, [r2, r3]
10005022:	3b97      	subs	r3, #151	@ 0x97
10005024:	001c      	movs	r4, r3
10005026:	b08d      	sub	sp, #52	@ 0x34
10005028:	403c      	ands	r4, r7
1000502a:	423b      	tst	r3, r7
1000502c:	d100      	bne.n	10005030 <hcd_rp2040_irq+0x20>
1000502e:	e0b3      	b.n	10005198 <hcd_rp2040_irq+0x188>
10005030:	6d13      	ldr	r3, [r2, #80]	@ 0x50
10005032:	059b      	lsls	r3, r3, #22
10005034:	0f9b      	lsrs	r3, r3, #30
10005036:	d000      	beq.n	1000503a <hcd_rp2040_irq+0x2a>
10005038:	e0e1      	b.n	100051fe <hcd_rp2040_irq+0x1ee>
1000503a:	2280      	movs	r2, #128	@ 0x80
1000503c:	a809      	add	r0, sp, #36	@ 0x24
1000503e:	0052      	lsls	r2, r2, #1
10005040:	2101      	movs	r1, #1
10005042:	8002      	strh	r2, [r0, #0]
10005044:	8083      	strh	r3, [r0, #4]
10005046:	f003 fccf 	bl	100089e8 <__hcd_event_handler_veneer>
1000504a:	22c0      	movs	r2, #192	@ 0xc0
1000504c:	4bbe      	ldr	r3, [pc, #760]	@ (10005348 <hcd_rp2040_irq+0x338>)
1000504e:	0092      	lsls	r2, r2, #2
10005050:	651a      	str	r2, [r3, #80]	@ 0x50
10005052:	2249      	movs	r2, #73	@ 0x49
10005054:	4692      	mov	sl, r2
10005056:	3a40      	subs	r2, #64	@ 0x40
10005058:	4691      	mov	r9, r2
1000505a:	3248      	adds	r2, #72	@ 0x48
1000505c:	4693      	mov	fp, r2
1000505e:	3208      	adds	r2, #8
10005060:	9201      	str	r2, [sp, #4]
10005062:	3a40      	subs	r2, #64	@ 0x40
10005064:	9200      	str	r2, [sp, #0]
10005066:	3a08      	subs	r2, #8
10005068:	4690      	mov	r8, r2
1000506a:	4ab8      	ldr	r2, [pc, #736]	@ (1000534c <hcd_rp2040_irq+0x33c>)
1000506c:	2341      	movs	r3, #65	@ 0x41
1000506e:	9207      	str	r2, [sp, #28]
10005070:	4ab7      	ldr	r2, [pc, #732]	@ (10005350 <hcd_rp2040_irq+0x340>)
10005072:	4eb8      	ldr	r6, [pc, #736]	@ (10005354 <hcd_rp2040_irq+0x344>)
10005074:	9206      	str	r2, [sp, #24]
10005076:	4ab8      	ldr	r2, [pc, #736]	@ (10005358 <hcd_rp2040_irq+0x348>)
10005078:	4db8      	ldr	r5, [pc, #736]	@ (1000535c <hcd_rp2040_irq+0x34c>)
1000507a:	9205      	str	r2, [sp, #20]
1000507c:	4ab8      	ldr	r2, [pc, #736]	@ (10005360 <hcd_rp2040_irq+0x350>)
1000507e:	9204      	str	r2, [sp, #16]
10005080:	4ab8      	ldr	r2, [pc, #736]	@ (10005364 <hcd_rp2040_irq+0x354>)
10005082:	9203      	str	r2, [sp, #12]
10005084:	4ab8      	ldr	r2, [pc, #736]	@ (10005368 <hcd_rp2040_irq+0x358>)
10005086:	9202      	str	r2, [sp, #8]
10005088:	057a      	lsls	r2, r7, #21
1000508a:	d400      	bmi.n	1000508e <hcd_rp2040_irq+0x7e>
1000508c:	e0a5      	b.n	100051da <hcd_rp2040_irq+0x1ca>
1000508e:	2280      	movs	r2, #128	@ 0x80
10005090:	4bad      	ldr	r3, [pc, #692]	@ (10005348 <hcd_rp2040_irq+0x338>)
10005092:	48b6      	ldr	r0, [pc, #728]	@ (1000536c <hcd_rp2040_irq+0x35c>)
10005094:	0592      	lsls	r2, r2, #22
10005096:	651a      	str	r2, [r3, #80]	@ 0x50
10005098:	7f43      	ldrb	r3, [r0, #29]
1000509a:	ac09      	add	r4, sp, #36	@ 0x24
1000509c:	469b      	mov	fp, r3
1000509e:	7883      	ldrb	r3, [r0, #2]
100050a0:	46b0      	mov	r8, r6
100050a2:	469a      	mov	sl, r3
100050a4:	8ac3      	ldrh	r3, [r0, #22]
100050a6:	4699      	mov	r9, r3
100050a8:	f000 ff3a 	bl	10005f20 <hw_endpoint_reset_transfer>
100050ac:	2208      	movs	r2, #8
100050ae:	2100      	movs	r1, #0
100050b0:	0020      	movs	r0, r4
100050b2:	f7fd ff51 	bl	10002f58 <__wrap_memset>
100050b6:	465a      	mov	r2, fp
100050b8:	2302      	movs	r3, #2
100050ba:	70a2      	strb	r2, [r4, #2]
100050bc:	4652      	mov	r2, sl
100050be:	7063      	strb	r3, [r4, #1]
100050c0:	7163      	strb	r3, [r4, #5]
100050c2:	464b      	mov	r3, r9
100050c4:	7122      	strb	r2, [r4, #4]
100050c6:	0020      	movs	r0, r4
100050c8:	2101      	movs	r1, #1
100050ca:	930b      	str	r3, [sp, #44]	@ 0x2c
100050cc:	f003 fc8c 	bl	100089e8 <__hcd_event_handler_veneer>
100050d0:	9a06      	ldr	r2, [sp, #24]
100050d2:	002c      	movs	r4, r5
100050d4:	4692      	mov	sl, r2
100050d6:	9a05      	ldr	r2, [sp, #20]
100050d8:	9b07      	ldr	r3, [sp, #28]
100050da:	4691      	mov	r9, r2
100050dc:	9a04      	ldr	r2, [sp, #16]
100050de:	4693      	mov	fp, r2
100050e0:	9a03      	ldr	r2, [sp, #12]
100050e2:	9201      	str	r2, [sp, #4]
100050e4:	9a02      	ldr	r2, [sp, #8]
100050e6:	9200      	str	r2, [sp, #0]
100050e8:	06fa      	lsls	r2, r7, #27
100050ea:	d400      	bmi.n	100050ee <hcd_rp2040_irq+0xde>
100050ec:	e078      	b.n	100051e0 <hcd_rp2040_irq+0x1d0>
100050ee:	4b95      	ldr	r3, [pc, #596]	@ (10005344 <hcd_rp2040_irq+0x334>)
100050f0:	6d9d      	ldr	r5, [r3, #88]	@ 0x58
100050f2:	2301      	movs	r3, #1
100050f4:	422b      	tst	r3, r5
100050f6:	d000      	beq.n	100050fa <hcd_rp2040_irq+0xea>
100050f8:	e0ed      	b.n	100052d6 <hcd_rp2040_irq+0x2c6>
100050fa:	2301      	movs	r3, #1
100050fc:	469a      	mov	sl, r3
100050fe:	4b92      	ldr	r3, [pc, #584]	@ (10005348 <hcd_rp2040_irq+0x338>)
10005100:	4e9b      	ldr	r6, [pc, #620]	@ (10005370 <hcd_rp2040_irq+0x360>)
10005102:	4699      	mov	r9, r3
10005104:	465b      	mov	r3, fp
10005106:	2403      	movs	r4, #3
10005108:	46c3      	mov	fp, r8
1000510a:	9302      	str	r3, [sp, #8]
1000510c:	46b8      	mov	r8, r7
1000510e:	0037      	movs	r7, r6
10005110:	002e      	movs	r6, r5
10005112:	e003      	b.n	1000511c <hcd_rp2040_irq+0x10c>
10005114:	3402      	adds	r4, #2
10005116:	3720      	adds	r7, #32
10005118:	2c21      	cmp	r4, #33	@ 0x21
1000511a:	d019      	beq.n	10005150 <hcd_rp2040_irq+0x140>
1000511c:	2e00      	cmp	r6, #0
1000511e:	d100      	bne.n	10005122 <hcd_rp2040_irq+0x112>
10005120:	e0d4      	b.n	100052cc <hcd_rp2040_irq+0x2bc>
10005122:	4655      	mov	r5, sl
10005124:	1e63      	subs	r3, r4, #1
10005126:	409d      	lsls	r5, r3
10005128:	4235      	tst	r5, r6
1000512a:	d000      	beq.n	1000512e <hcd_rp2040_irq+0x11e>
1000512c:	e0a8      	b.n	10005280 <hcd_rp2040_irq+0x270>
1000512e:	4655      	mov	r5, sl
10005130:	40a5      	lsls	r5, r4
10005132:	4235      	tst	r5, r6
10005134:	d0ee      	beq.n	10005114 <hcd_rp2040_irq+0x104>
10005136:	464b      	mov	r3, r9
10005138:	0038      	movs	r0, r7
1000513a:	659d      	str	r5, [r3, #88]	@ 0x58
1000513c:	f000 fffa 	bl	10006134 <hw_endpoint_xfer_continue>
10005140:	2800      	cmp	r0, #0
10005142:	d000      	beq.n	10005146 <hcd_rp2040_irq+0x136>
10005144:	e07f      	b.n	10005246 <hcd_rp2040_irq+0x236>
10005146:	43ae      	bics	r6, r5
10005148:	3402      	adds	r4, #2
1000514a:	3720      	adds	r7, #32
1000514c:	2c21      	cmp	r4, #33	@ 0x21
1000514e:	d1e5      	bne.n	1000511c <hcd_rp2040_irq+0x10c>
10005150:	9b02      	ldr	r3, [sp, #8]
10005152:	4647      	mov	r7, r8
10005154:	46d8      	mov	r8, fp
10005156:	469b      	mov	fp, r3
10005158:	2e00      	cmp	r6, #0
1000515a:	d000      	beq.n	1000515e <hcd_rp2040_irq+0x14e>
1000515c:	e0ee      	b.n	1000533c <hcd_rp2040_irq+0x32c>
1000515e:	2508      	movs	r5, #8
10005160:	9a01      	ldr	r2, [sp, #4]
10005162:	465b      	mov	r3, fp
10005164:	4692      	mov	sl, r2
10005166:	9a00      	ldr	r2, [sp, #0]
10005168:	4644      	mov	r4, r8
1000516a:	4691      	mov	r9, r2
1000516c:	423d      	tst	r5, r7
1000516e:	d13a      	bne.n	100051e6 <hcd_rp2040_irq+0x1d6>
10005170:	067a      	lsls	r2, r7, #25
10005172:	d504      	bpl.n	1000517e <hcd_rp2040_irq+0x16e>
10005174:	2180      	movs	r1, #128	@ 0x80
10005176:	001c      	movs	r4, r3
10005178:	4a73      	ldr	r2, [pc, #460]	@ (10005348 <hcd_rp2040_irq+0x338>)
1000517a:	0509      	lsls	r1, r1, #20
1000517c:	6511      	str	r1, [r2, #80]	@ 0x50
1000517e:	06bb      	lsls	r3, r7, #26
10005180:	d500      	bpl.n	10005184 <hcd_rp2040_irq+0x174>
10005182:	e0d4      	b.n	1000532e <hcd_rp2040_irq+0x31e>
10005184:	42bc      	cmp	r4, r7
10005186:	d000      	beq.n	1000518a <hcd_rp2040_irq+0x17a>
10005188:	e0cc      	b.n	10005324 <hcd_rp2040_irq+0x314>
1000518a:	b00d      	add	sp, #52	@ 0x34
1000518c:	bcf0      	pop	{r4, r5, r6, r7}
1000518e:	46bb      	mov	fp, r7
10005190:	46b2      	mov	sl, r6
10005192:	46a9      	mov	r9, r5
10005194:	46a0      	mov	r8, r4
10005196:	bdf0      	pop	{r4, r5, r6, r7, pc}
10005198:	2248      	movs	r2, #72	@ 0x48
1000519a:	4692      	mov	sl, r2
1000519c:	3a40      	subs	r2, #64	@ 0x40
1000519e:	4691      	mov	r9, r2
100051a0:	3248      	adds	r2, #72	@ 0x48
100051a2:	4693      	mov	fp, r2
100051a4:	3208      	adds	r2, #8
100051a6:	9201      	str	r2, [sp, #4]
100051a8:	3a40      	subs	r2, #64	@ 0x40
100051aa:	9200      	str	r2, [sp, #0]
100051ac:	3a08      	subs	r2, #8
100051ae:	4690      	mov	r8, r2
100051b0:	2288      	movs	r2, #136	@ 0x88
100051b2:	2682      	movs	r6, #130	@ 0x82
100051b4:	2580      	movs	r5, #128	@ 0x80
100051b6:	00d2      	lsls	r2, r2, #3
100051b8:	9207      	str	r2, [sp, #28]
100051ba:	3208      	adds	r2, #8
100051bc:	9206      	str	r2, [sp, #24]
100051be:	3a40      	subs	r2, #64	@ 0x40
100051c0:	9205      	str	r2, [sp, #20]
100051c2:	3248      	adds	r2, #72	@ 0x48
100051c4:	9204      	str	r2, [sp, #16]
100051c6:	3208      	adds	r2, #8
100051c8:	9203      	str	r2, [sp, #12]
100051ca:	3a40      	subs	r2, #64	@ 0x40
100051cc:	2340      	movs	r3, #64	@ 0x40
100051ce:	9202      	str	r2, [sp, #8]
100051d0:	00f6      	lsls	r6, r6, #3
100051d2:	00ed      	lsls	r5, r5, #3
100051d4:	057a      	lsls	r2, r7, #21
100051d6:	d500      	bpl.n	100051da <hcd_rp2040_irq+0x1ca>
100051d8:	e759      	b.n	1000508e <hcd_rp2040_irq+0x7e>
100051da:	06fa      	lsls	r2, r7, #27
100051dc:	d500      	bpl.n	100051e0 <hcd_rp2040_irq+0x1d0>
100051de:	e786      	b.n	100050ee <hcd_rp2040_irq+0xde>
100051e0:	2508      	movs	r5, #8
100051e2:	423d      	tst	r5, r7
100051e4:	d0c4      	beq.n	10005170 <hcd_rp2040_irq+0x160>
100051e6:	2280      	movs	r2, #128	@ 0x80
100051e8:	2602      	movs	r6, #2
100051ea:	4b57      	ldr	r3, [pc, #348]	@ (10005348 <hcd_rp2040_irq+0x338>)
100051ec:	02d2      	lsls	r2, r2, #11
100051ee:	651a      	str	r2, [r3, #80]	@ 0x50
100051f0:	4b54      	ldr	r3, [pc, #336]	@ (10005344 <hcd_rp2040_irq+0x334>)
100051f2:	6cdb      	ldr	r3, [r3, #76]	@ 0x4c
100051f4:	421e      	tst	r6, r3
100051f6:	d10b      	bne.n	10005210 <hcd_rp2040_irq+0x200>
100051f8:	4653      	mov	r3, sl
100051fa:	464c      	mov	r4, r9
100051fc:	e7b8      	b.n	10005170 <hcd_rp2040_irq+0x160>
100051fe:	2300      	movs	r3, #0
10005200:	466a      	mov	r2, sp
10005202:	2101      	movs	r1, #1
10005204:	8493      	strh	r3, [r2, #36]	@ 0x24
10005206:	8513      	strh	r3, [r2, #40]	@ 0x28
10005208:	a809      	add	r0, sp, #36	@ 0x24
1000520a:	f003 fbed 	bl	100089e8 <__hcd_event_handler_veneer>
1000520e:	e71c      	b.n	1000504a <hcd_rp2040_irq+0x3a>
10005210:	4856      	ldr	r0, [pc, #344]	@ (1000536c <hcd_rp2040_irq+0x35c>)
10005212:	ac09      	add	r4, sp, #36	@ 0x24
10005214:	7f43      	ldrb	r3, [r0, #29]
10005216:	82c5      	strh	r5, [r0, #22]
10005218:	469b      	mov	fp, r3
1000521a:	7883      	ldrb	r3, [r0, #2]
1000521c:	4698      	mov	r8, r3
1000521e:	f000 fe7f 	bl	10005f20 <hw_endpoint_reset_transfer>
10005222:	2208      	movs	r2, #8
10005224:	2100      	movs	r1, #0
10005226:	0020      	movs	r0, r4
10005228:	f7fd fe96 	bl	10002f58 <__wrap_memset>
1000522c:	465b      	mov	r3, fp
1000522e:	70a3      	strb	r3, [r4, #2]
10005230:	4643      	mov	r3, r8
10005232:	7066      	strb	r6, [r4, #1]
10005234:	7123      	strb	r3, [r4, #4]
10005236:	0020      	movs	r0, r4
10005238:	2101      	movs	r1, #1
1000523a:	950b      	str	r5, [sp, #44]	@ 0x2c
1000523c:	464c      	mov	r4, r9
1000523e:	f003 fbd3 	bl	100089e8 <__hcd_event_handler_veneer>
10005242:	4653      	mov	r3, sl
10005244:	e794      	b.n	10005170 <hcd_rp2040_irq+0x160>
10005246:	7f7b      	ldrb	r3, [r7, #29]
10005248:	78ba      	ldrb	r2, [r7, #2]
1000524a:	8af9      	ldrh	r1, [r7, #22]
1000524c:	0038      	movs	r0, r7
1000524e:	9303      	str	r3, [sp, #12]
10005250:	9204      	str	r2, [sp, #16]
10005252:	9105      	str	r1, [sp, #20]
10005254:	f000 fe64 	bl	10005f20 <hw_endpoint_reset_transfer>
10005258:	2208      	movs	r2, #8
1000525a:	2100      	movs	r1, #0
1000525c:	a809      	add	r0, sp, #36	@ 0x24
1000525e:	f7fd fe7b 	bl	10002f58 <__wrap_memset>
10005262:	2302      	movs	r3, #2
10005264:	a808      	add	r0, sp, #32
10005266:	7143      	strb	r3, [r0, #5]
10005268:	9905      	ldr	r1, [sp, #20]
1000526a:	9b03      	ldr	r3, [sp, #12]
1000526c:	9a04      	ldr	r2, [sp, #16]
1000526e:	7183      	strb	r3, [r0, #6]
10005270:	7202      	strb	r2, [r0, #8]
10005272:	910b      	str	r1, [sp, #44]	@ 0x2c
10005274:	a809      	add	r0, sp, #36	@ 0x24
10005276:	2101      	movs	r1, #1
10005278:	f003 fbb6 	bl	100089e8 <__hcd_event_handler_veneer>
1000527c:	43ae      	bics	r6, r5
1000527e:	e763      	b.n	10005148 <hcd_rp2040_irq+0x138>
10005280:	464b      	mov	r3, r9
10005282:	0038      	movs	r0, r7
10005284:	659d      	str	r5, [r3, #88]	@ 0x58
10005286:	f000 ff55 	bl	10006134 <hw_endpoint_xfer_continue>
1000528a:	2800      	cmp	r0, #0
1000528c:	d101      	bne.n	10005292 <hcd_rp2040_irq+0x282>
1000528e:	43ae      	bics	r6, r5
10005290:	e74d      	b.n	1000512e <hcd_rp2040_irq+0x11e>
10005292:	7f7b      	ldrb	r3, [r7, #29]
10005294:	78ba      	ldrb	r2, [r7, #2]
10005296:	8af9      	ldrh	r1, [r7, #22]
10005298:	0038      	movs	r0, r7
1000529a:	9303      	str	r3, [sp, #12]
1000529c:	9204      	str	r2, [sp, #16]
1000529e:	9105      	str	r1, [sp, #20]
100052a0:	f000 fe3e 	bl	10005f20 <hw_endpoint_reset_transfer>
100052a4:	2208      	movs	r2, #8
100052a6:	2100      	movs	r1, #0
100052a8:	a809      	add	r0, sp, #36	@ 0x24
100052aa:	f7fd fe55 	bl	10002f58 <__wrap_memset>
100052ae:	2302      	movs	r3, #2
100052b0:	a808      	add	r0, sp, #32
100052b2:	7143      	strb	r3, [r0, #5]
100052b4:	9905      	ldr	r1, [sp, #20]
100052b6:	9b03      	ldr	r3, [sp, #12]
100052b8:	9a04      	ldr	r2, [sp, #16]
100052ba:	7183      	strb	r3, [r0, #6]
100052bc:	7202      	strb	r2, [r0, #8]
100052be:	910b      	str	r1, [sp, #44]	@ 0x2c
100052c0:	a809      	add	r0, sp, #36	@ 0x24
100052c2:	2101      	movs	r1, #1
100052c4:	f003 fb90 	bl	100089e8 <__hcd_event_handler_veneer>
100052c8:	43ae      	bics	r6, r5
100052ca:	e730      	b.n	1000512e <hcd_rp2040_irq+0x11e>
100052cc:	9b02      	ldr	r3, [sp, #8]
100052ce:	4647      	mov	r7, r8
100052d0:	46d8      	mov	r8, fp
100052d2:	469b      	mov	fp, r3
100052d4:	e743      	b.n	1000515e <hcd_rp2040_irq+0x14e>
100052d6:	4c25      	ldr	r4, [pc, #148]	@ (1000536c <hcd_rp2040_irq+0x35c>)
100052d8:	6862      	ldr	r2, [r4, #4]
100052da:	0020      	movs	r0, r4
100052dc:	6812      	ldr	r2, [r2, #0]
100052de:	4a1a      	ldr	r2, [pc, #104]	@ (10005348 <hcd_rp2040_irq+0x338>)
100052e0:	6593      	str	r3, [r2, #88]	@ 0x58
100052e2:	f000 ff27 	bl	10006134 <hw_endpoint_xfer_continue>
100052e6:	2800      	cmp	r0, #0
100052e8:	d102      	bne.n	100052f0 <hcd_rp2040_irq+0x2e0>
100052ea:	2301      	movs	r3, #1
100052ec:	439d      	bics	r5, r3
100052ee:	e704      	b.n	100050fa <hcd_rp2040_irq+0xea>
100052f0:	7f63      	ldrb	r3, [r4, #29]
100052f2:	8ae6      	ldrh	r6, [r4, #22]
100052f4:	4699      	mov	r9, r3
100052f6:	78a3      	ldrb	r3, [r4, #2]
100052f8:	0020      	movs	r0, r4
100052fa:	ac09      	add	r4, sp, #36	@ 0x24
100052fc:	469a      	mov	sl, r3
100052fe:	f000 fe0f 	bl	10005f20 <hw_endpoint_reset_transfer>
10005302:	2208      	movs	r2, #8
10005304:	2100      	movs	r1, #0
10005306:	0020      	movs	r0, r4
10005308:	f7fd fe26 	bl	10002f58 <__wrap_memset>
1000530c:	2302      	movs	r3, #2
1000530e:	7063      	strb	r3, [r4, #1]
10005310:	464b      	mov	r3, r9
10005312:	70a3      	strb	r3, [r4, #2]
10005314:	4653      	mov	r3, sl
10005316:	2101      	movs	r1, #1
10005318:	7123      	strb	r3, [r4, #4]
1000531a:	0020      	movs	r0, r4
1000531c:	960b      	str	r6, [sp, #44]	@ 0x2c
1000531e:	f003 fb63 	bl	100089e8 <__hcd_event_handler_veneer>
10005322:	e7e2      	b.n	100052ea <hcd_rp2040_irq+0x2da>
10005324:	0021      	movs	r1, r4
10005326:	4813      	ldr	r0, [pc, #76]	@ (10005374 <hcd_rp2040_irq+0x364>)
10005328:	4079      	eors	r1, r7
1000532a:	f7fb fc91 	bl	10000c50 <panic>
1000532e:	2280      	movs	r2, #128	@ 0x80
10005330:	4b05      	ldr	r3, [pc, #20]	@ (10005348 <hcd_rp2040_irq+0x338>)
10005332:	0612      	lsls	r2, r2, #24
10005334:	4810      	ldr	r0, [pc, #64]	@ (10005378 <hcd_rp2040_irq+0x368>)
10005336:	651a      	str	r2, [r3, #80]	@ 0x50
10005338:	f7fb fc8a 	bl	10000c50 <panic>
1000533c:	0031      	movs	r1, r6
1000533e:	480f      	ldr	r0, [pc, #60]	@ (1000537c <hcd_rp2040_irq+0x36c>)
10005340:	f7fb fc86 	bl	10000c50 <panic>
10005344:	50110000 	.word	0x50110000
10005348:	50113000 	.word	0x50113000
1000534c:	00000441 	.word	0x00000441
10005350:	00000449 	.word	0x00000449
10005354:	00000411 	.word	0x00000411
10005358:	00000409 	.word	0x00000409
1000535c:	00000401 	.word	0x00000401
10005360:	00000451 	.word	0x00000451
10005364:	00000459 	.word	0x00000459
10005368:	00000419 	.word	0x00000419
1000536c:	20001118 	.word	0x20001118
10005370:	20001138 	.word	0x20001138
10005374:	10008d58 	.word	0x10008d58
10005378:	10008d44 	.word	0x10008d44
1000537c:	10008d2c 	.word	0x10008d2c

10005380 <hcd_init>:
10005380:	b570      	push	{r4, r5, r6, lr}
10005382:	f000 fdad 	bl	10005ee0 <rp2040_usb_init>
10005386:	230c      	movs	r3, #12
10005388:	4c0d      	ldr	r4, [pc, #52]	@ (100053c0 <hcd_init+0x40>)
1000538a:	4d0e      	ldr	r5, [pc, #56]	@ (100053c4 <hcd_init+0x44>)
1000538c:	67a3      	str	r3, [r4, #120]	@ 0x78
1000538e:	0029      	movs	r1, r5
10005390:	2005      	movs	r0, #5
10005392:	f7fb fe4f 	bl	10001034 <irq_remove_handler>
10005396:	0029      	movs	r1, r5
10005398:	22ff      	movs	r2, #255	@ 0xff
1000539a:	2005      	movs	r0, #5
1000539c:	f7fb fd50 	bl	10000e40 <irq_add_shared_handler>
100053a0:	2280      	movs	r2, #128	@ 0x80
100053a2:	2100      	movs	r1, #0
100053a4:	0092      	lsls	r2, r2, #2
100053a6:	4808      	ldr	r0, [pc, #32]	@ (100053c8 <hcd_init+0x48>)
100053a8:	f7fd fdd6 	bl	10002f58 <__wrap_memset>
100053ac:	2303      	movs	r3, #3
100053ae:	6423      	str	r3, [r4, #64]	@ 0x40
100053b0:	4b06      	ldr	r3, [pc, #24]	@ (100053cc <hcd_init+0x4c>)
100053b2:	4a07      	ldr	r2, [pc, #28]	@ (100053d0 <hcd_init+0x50>)
100053b4:	64e3      	str	r3, [r4, #76]	@ 0x4c
100053b6:	2390      	movs	r3, #144	@ 0x90
100053b8:	2001      	movs	r0, #1
100053ba:	50e2      	str	r2, [r4, r3]
100053bc:	bd70      	pop	{r4, r5, r6, pc}
100053be:	46c0      	nop			@ (mov r8, r8)
100053c0:	50110000 	.word	0x50110000
100053c4:	10005011 	.word	0x10005011
100053c8:	20001118 	.word	0x20001118
100053cc:	20008600 	.word	0x20008600
100053d0:	0000047b 	.word	0x0000047b

100053d4 <hcd_port_reset>:
100053d4:	4770      	bx	lr
100053d6:	46c0      	nop			@ (mov r8, r8)

100053d8 <hcd_port_reset_end>:
100053d8:	4770      	bx	lr
100053da:	46c0      	nop			@ (mov r8, r8)

100053dc <hcd_port_connect_status>:
100053dc:	4b04      	ldr	r3, [pc, #16]	@ (100053f0 <hcd_port_connect_status+0x14>)
100053de:	6d18      	ldr	r0, [r3, #80]	@ 0x50
100053e0:	23c0      	movs	r3, #192	@ 0xc0
100053e2:	009b      	lsls	r3, r3, #2
100053e4:	4018      	ands	r0, r3
100053e6:	1e43      	subs	r3, r0, #1
100053e8:	4198      	sbcs	r0, r3
100053ea:	b2c0      	uxtb	r0, r0
100053ec:	4770      	bx	lr
100053ee:	46c0      	nop			@ (mov r8, r8)
100053f0:	50110000 	.word	0x50110000

100053f4 <hcd_port_speed_get>:
100053f4:	4b06      	ldr	r3, [pc, #24]	@ (10005410 <hcd_port_speed_get+0x1c>)
100053f6:	b510      	push	{r4, lr}
100053f8:	6d18      	ldr	r0, [r3, #80]	@ 0x50
100053fa:	0580      	lsls	r0, r0, #22
100053fc:	0f80      	lsrs	r0, r0, #30
100053fe:	2801      	cmp	r0, #1
10005400:	d002      	beq.n	10005408 <hcd_port_speed_get+0x14>
10005402:	2802      	cmp	r0, #2
10005404:	d101      	bne.n	1000540a <hcd_port_speed_get+0x16>
10005406:	2000      	movs	r0, #0
10005408:	bd10      	pop	{r4, pc}
1000540a:	4802      	ldr	r0, [pc, #8]	@ (10005414 <hcd_port_speed_get+0x20>)
1000540c:	f7fb fc20 	bl	10000c50 <panic>
10005410:	50110000 	.word	0x50110000
10005414:	10008d6c 	.word	0x10008d6c

10005418 <hcd_device_close>:
10005418:	b570      	push	{r4, r5, r6, lr}
1000541a:	1e0d      	subs	r5, r1, #0
1000541c:	d050      	beq.n	100054c0 <hcd_device_close+0xa8>
1000541e:	233d      	movs	r3, #61	@ 0x3d
10005420:	4cdb      	ldr	r4, [pc, #876]	@ (10005790 <hcd_device_close+0x378>)
10005422:	5ce3      	ldrb	r3, [r4, r3]
10005424:	428b      	cmp	r3, r1
10005426:	d100      	bne.n	1000542a <hcd_device_close+0x12>
10005428:	e20e      	b.n	10005848 <hcd_device_close+0x430>
1000542a:	235d      	movs	r3, #93	@ 0x5d
1000542c:	5ce3      	ldrb	r3, [r4, r3]
1000542e:	42ab      	cmp	r3, r5
10005430:	d100      	bne.n	10005434 <hcd_device_close+0x1c>
10005432:	e1ed      	b.n	10005810 <hcd_device_close+0x3f8>
10005434:	237d      	movs	r3, #125	@ 0x7d
10005436:	5ce3      	ldrb	r3, [r4, r3]
10005438:	42ab      	cmp	r3, r5
1000543a:	d100      	bne.n	1000543e <hcd_device_close+0x26>
1000543c:	e1cc      	b.n	100057d8 <hcd_device_close+0x3c0>
1000543e:	239d      	movs	r3, #157	@ 0x9d
10005440:	5ce3      	ldrb	r3, [r4, r3]
10005442:	42ab      	cmp	r3, r5
10005444:	d100      	bne.n	10005448 <hcd_device_close+0x30>
10005446:	e1a9      	b.n	1000579c <hcd_device_close+0x384>
10005448:	23bd      	movs	r3, #189	@ 0xbd
1000544a:	5ce3      	ldrb	r3, [r4, r3]
1000544c:	42ab      	cmp	r3, r5
1000544e:	d100      	bne.n	10005452 <hcd_device_close+0x3a>
10005450:	e17f      	b.n	10005752 <hcd_device_close+0x33a>
10005452:	23dd      	movs	r3, #221	@ 0xdd
10005454:	5ce3      	ldrb	r3, [r4, r3]
10005456:	42ab      	cmp	r3, r5
10005458:	d100      	bne.n	1000545c <hcd_device_close+0x44>
1000545a:	e15c      	b.n	10005716 <hcd_device_close+0x2fe>
1000545c:	23fd      	movs	r3, #253	@ 0xfd
1000545e:	5ce3      	ldrb	r3, [r4, r3]
10005460:	42ab      	cmp	r3, r5
10005462:	d100      	bne.n	10005466 <hcd_device_close+0x4e>
10005464:	e139      	b.n	100056da <hcd_device_close+0x2c2>
10005466:	231e      	movs	r3, #30
10005468:	33ff      	adds	r3, #255	@ 0xff
1000546a:	5ce3      	ldrb	r3, [r4, r3]
1000546c:	42ab      	cmp	r3, r5
1000546e:	d100      	bne.n	10005472 <hcd_device_close+0x5a>
10005470:	e112      	b.n	10005698 <hcd_device_close+0x280>
10005472:	233e      	movs	r3, #62	@ 0x3e
10005474:	33ff      	adds	r3, #255	@ 0xff
10005476:	5ce3      	ldrb	r3, [r4, r3]
10005478:	42ab      	cmp	r3, r5
1000547a:	d100      	bne.n	1000547e <hcd_device_close+0x66>
1000547c:	e0ea      	b.n	10005654 <hcd_device_close+0x23c>
1000547e:	235e      	movs	r3, #94	@ 0x5e
10005480:	33ff      	adds	r3, #255	@ 0xff
10005482:	5ce3      	ldrb	r3, [r4, r3]
10005484:	42ab      	cmp	r3, r5
10005486:	d100      	bne.n	1000548a <hcd_device_close+0x72>
10005488:	e0c2      	b.n	10005610 <hcd_device_close+0x1f8>
1000548a:	237e      	movs	r3, #126	@ 0x7e
1000548c:	33ff      	adds	r3, #255	@ 0xff
1000548e:	5ce3      	ldrb	r3, [r4, r3]
10005490:	42ab      	cmp	r3, r5
10005492:	d100      	bne.n	10005496 <hcd_device_close+0x7e>
10005494:	e09a      	b.n	100055cc <hcd_device_close+0x1b4>
10005496:	239e      	movs	r3, #158	@ 0x9e
10005498:	33ff      	adds	r3, #255	@ 0xff
1000549a:	5ce3      	ldrb	r3, [r4, r3]
1000549c:	42ab      	cmp	r3, r5
1000549e:	d100      	bne.n	100054a2 <hcd_device_close+0x8a>
100054a0:	e072      	b.n	10005588 <hcd_device_close+0x170>
100054a2:	23be      	movs	r3, #190	@ 0xbe
100054a4:	33ff      	adds	r3, #255	@ 0xff
100054a6:	5ce3      	ldrb	r3, [r4, r3]
100054a8:	42ab      	cmp	r3, r5
100054aa:	d04c      	beq.n	10005546 <hcd_device_close+0x12e>
100054ac:	23de      	movs	r3, #222	@ 0xde
100054ae:	33ff      	adds	r3, #255	@ 0xff
100054b0:	5ce3      	ldrb	r3, [r4, r3]
100054b2:	42ab      	cmp	r3, r5
100054b4:	d026      	beq.n	10005504 <hcd_device_close+0xec>
100054b6:	23fe      	movs	r3, #254	@ 0xfe
100054b8:	33ff      	adds	r3, #255	@ 0xff
100054ba:	5ce3      	ldrb	r3, [r4, r3]
100054bc:	42ab      	cmp	r3, r5
100054be:	d000      	beq.n	100054c2 <hcd_device_close+0xaa>
100054c0:	bd70      	pop	{r4, r5, r6, pc}
100054c2:	23f0      	movs	r3, #240	@ 0xf0
100054c4:	005b      	lsls	r3, r3, #1
100054c6:	5ce2      	ldrb	r2, [r4, r3]
100054c8:	2a00      	cmp	r2, #0
100054ca:	d0f9      	beq.n	100054c0 <hcd_device_close+0xa8>
100054cc:	22ff      	movs	r2, #255	@ 0xff
100054ce:	2101      	movs	r1, #1
100054d0:	0052      	lsls	r2, r2, #1
100054d2:	5ca2      	ldrb	r2, [r4, r2]
100054d4:	1c50      	adds	r0, r2, #1
100054d6:	4081      	lsls	r1, r0
100054d8:	48ae      	ldr	r0, [pc, #696]	@ (10005794 <hcd_device_close+0x37c>)
100054da:	0092      	lsls	r2, r2, #2
100054dc:	6541      	str	r1, [r0, #84]	@ 0x54
100054de:	49ae      	ldr	r1, [pc, #696]	@ (10005798 <hcd_device_close+0x380>)
100054e0:	0020      	movs	r0, r4
100054e2:	468c      	mov	ip, r1
100054e4:	2100      	movs	r1, #0
100054e6:	4462      	add	r2, ip
100054e8:	6051      	str	r1, [r2, #4]
100054ea:	54e1      	strb	r1, [r4, r3]
100054ec:	3304      	adds	r3, #4
100054ee:	58e3      	ldr	r3, [r4, r3]
100054f0:	30e1      	adds	r0, #225	@ 0xe1
100054f2:	6019      	str	r1, [r3, #0]
100054f4:	23f4      	movs	r3, #244	@ 0xf4
100054f6:	005b      	lsls	r3, r3, #1
100054f8:	58e3      	ldr	r3, [r4, r3]
100054fa:	30ff      	adds	r0, #255	@ 0xff
100054fc:	6019      	str	r1, [r3, #0]
100054fe:	f000 fd0f 	bl	10005f20 <hw_endpoint_reset_transfer>
10005502:	e7dd      	b.n	100054c0 <hcd_device_close+0xa8>
10005504:	23e0      	movs	r3, #224	@ 0xe0
10005506:	005b      	lsls	r3, r3, #1
10005508:	5ce2      	ldrb	r2, [r4, r3]
1000550a:	2a00      	cmp	r2, #0
1000550c:	d0d3      	beq.n	100054b6 <hcd_device_close+0x9e>
1000550e:	22ef      	movs	r2, #239	@ 0xef
10005510:	2101      	movs	r1, #1
10005512:	0052      	lsls	r2, r2, #1
10005514:	5ca2      	ldrb	r2, [r4, r2]
10005516:	1c50      	adds	r0, r2, #1
10005518:	4081      	lsls	r1, r0
1000551a:	489e      	ldr	r0, [pc, #632]	@ (10005794 <hcd_device_close+0x37c>)
1000551c:	0092      	lsls	r2, r2, #2
1000551e:	6541      	str	r1, [r0, #84]	@ 0x54
10005520:	499d      	ldr	r1, [pc, #628]	@ (10005798 <hcd_device_close+0x380>)
10005522:	0020      	movs	r0, r4
10005524:	468c      	mov	ip, r1
10005526:	2100      	movs	r1, #0
10005528:	4462      	add	r2, ip
1000552a:	6051      	str	r1, [r2, #4]
1000552c:	54e1      	strb	r1, [r4, r3]
1000552e:	3304      	adds	r3, #4
10005530:	58e3      	ldr	r3, [r4, r3]
10005532:	30c1      	adds	r0, #193	@ 0xc1
10005534:	6019      	str	r1, [r3, #0]
10005536:	23e4      	movs	r3, #228	@ 0xe4
10005538:	005b      	lsls	r3, r3, #1
1000553a:	58e3      	ldr	r3, [r4, r3]
1000553c:	30ff      	adds	r0, #255	@ 0xff
1000553e:	6019      	str	r1, [r3, #0]
10005540:	f000 fcee 	bl	10005f20 <hw_endpoint_reset_transfer>
10005544:	e7b7      	b.n	100054b6 <hcd_device_close+0x9e>
10005546:	23d0      	movs	r3, #208	@ 0xd0
10005548:	005b      	lsls	r3, r3, #1
1000554a:	5ce2      	ldrb	r2, [r4, r3]
1000554c:	2a00      	cmp	r2, #0
1000554e:	d0ad      	beq.n	100054ac <hcd_device_close+0x94>
10005550:	22df      	movs	r2, #223	@ 0xdf
10005552:	2101      	movs	r1, #1
10005554:	0052      	lsls	r2, r2, #1
10005556:	5ca2      	ldrb	r2, [r4, r2]
10005558:	1c50      	adds	r0, r2, #1
1000555a:	4081      	lsls	r1, r0
1000555c:	488d      	ldr	r0, [pc, #564]	@ (10005794 <hcd_device_close+0x37c>)
1000555e:	0092      	lsls	r2, r2, #2
10005560:	6541      	str	r1, [r0, #84]	@ 0x54
10005562:	498d      	ldr	r1, [pc, #564]	@ (10005798 <hcd_device_close+0x380>)
10005564:	0020      	movs	r0, r4
10005566:	468c      	mov	ip, r1
10005568:	2100      	movs	r1, #0
1000556a:	4462      	add	r2, ip
1000556c:	6051      	str	r1, [r2, #4]
1000556e:	54e1      	strb	r1, [r4, r3]
10005570:	3304      	adds	r3, #4
10005572:	58e3      	ldr	r3, [r4, r3]
10005574:	30a1      	adds	r0, #161	@ 0xa1
10005576:	6019      	str	r1, [r3, #0]
10005578:	23d4      	movs	r3, #212	@ 0xd4
1000557a:	005b      	lsls	r3, r3, #1
1000557c:	58e3      	ldr	r3, [r4, r3]
1000557e:	30ff      	adds	r0, #255	@ 0xff
10005580:	6019      	str	r1, [r3, #0]
10005582:	f000 fccd 	bl	10005f20 <hw_endpoint_reset_transfer>
10005586:	e791      	b.n	100054ac <hcd_device_close+0x94>
10005588:	23c0      	movs	r3, #192	@ 0xc0
1000558a:	005b      	lsls	r3, r3, #1
1000558c:	5ce2      	ldrb	r2, [r4, r3]
1000558e:	2a00      	cmp	r2, #0
10005590:	d100      	bne.n	10005594 <hcd_device_close+0x17c>
10005592:	e786      	b.n	100054a2 <hcd_device_close+0x8a>
10005594:	22cf      	movs	r2, #207	@ 0xcf
10005596:	2101      	movs	r1, #1
10005598:	0052      	lsls	r2, r2, #1
1000559a:	5ca2      	ldrb	r2, [r4, r2]
1000559c:	1c50      	adds	r0, r2, #1
1000559e:	4081      	lsls	r1, r0
100055a0:	487c      	ldr	r0, [pc, #496]	@ (10005794 <hcd_device_close+0x37c>)
100055a2:	0092      	lsls	r2, r2, #2
100055a4:	6541      	str	r1, [r0, #84]	@ 0x54
100055a6:	497c      	ldr	r1, [pc, #496]	@ (10005798 <hcd_device_close+0x380>)
100055a8:	0020      	movs	r0, r4
100055aa:	468c      	mov	ip, r1
100055ac:	2100      	movs	r1, #0
100055ae:	4462      	add	r2, ip
100055b0:	6051      	str	r1, [r2, #4]
100055b2:	54e1      	strb	r1, [r4, r3]
100055b4:	3304      	adds	r3, #4
100055b6:	58e3      	ldr	r3, [r4, r3]
100055b8:	3081      	adds	r0, #129	@ 0x81
100055ba:	6019      	str	r1, [r3, #0]
100055bc:	23c4      	movs	r3, #196	@ 0xc4
100055be:	005b      	lsls	r3, r3, #1
100055c0:	58e3      	ldr	r3, [r4, r3]
100055c2:	30ff      	adds	r0, #255	@ 0xff
100055c4:	6019      	str	r1, [r3, #0]
100055c6:	f000 fcab 	bl	10005f20 <hw_endpoint_reset_transfer>
100055ca:	e76a      	b.n	100054a2 <hcd_device_close+0x8a>
100055cc:	23b0      	movs	r3, #176	@ 0xb0
100055ce:	005b      	lsls	r3, r3, #1
100055d0:	5ce2      	ldrb	r2, [r4, r3]
100055d2:	2a00      	cmp	r2, #0
100055d4:	d100      	bne.n	100055d8 <hcd_device_close+0x1c0>
100055d6:	e75e      	b.n	10005496 <hcd_device_close+0x7e>
100055d8:	22bf      	movs	r2, #191	@ 0xbf
100055da:	2101      	movs	r1, #1
100055dc:	0052      	lsls	r2, r2, #1
100055de:	5ca2      	ldrb	r2, [r4, r2]
100055e0:	1c50      	adds	r0, r2, #1
100055e2:	4081      	lsls	r1, r0
100055e4:	486b      	ldr	r0, [pc, #428]	@ (10005794 <hcd_device_close+0x37c>)
100055e6:	0092      	lsls	r2, r2, #2
100055e8:	6541      	str	r1, [r0, #84]	@ 0x54
100055ea:	496b      	ldr	r1, [pc, #428]	@ (10005798 <hcd_device_close+0x380>)
100055ec:	0020      	movs	r0, r4
100055ee:	468c      	mov	ip, r1
100055f0:	2100      	movs	r1, #0
100055f2:	4462      	add	r2, ip
100055f4:	6051      	str	r1, [r2, #4]
100055f6:	54e1      	strb	r1, [r4, r3]
100055f8:	3304      	adds	r3, #4
100055fa:	58e3      	ldr	r3, [r4, r3]
100055fc:	3061      	adds	r0, #97	@ 0x61
100055fe:	6019      	str	r1, [r3, #0]
10005600:	23b4      	movs	r3, #180	@ 0xb4
10005602:	005b      	lsls	r3, r3, #1
10005604:	58e3      	ldr	r3, [r4, r3]
10005606:	30ff      	adds	r0, #255	@ 0xff
10005608:	6019      	str	r1, [r3, #0]
1000560a:	f000 fc89 	bl	10005f20 <hw_endpoint_reset_transfer>
1000560e:	e742      	b.n	10005496 <hcd_device_close+0x7e>
10005610:	23a0      	movs	r3, #160	@ 0xa0
10005612:	005b      	lsls	r3, r3, #1
10005614:	5ce2      	ldrb	r2, [r4, r3]
10005616:	2a00      	cmp	r2, #0
10005618:	d100      	bne.n	1000561c <hcd_device_close+0x204>
1000561a:	e736      	b.n	1000548a <hcd_device_close+0x72>
1000561c:	22af      	movs	r2, #175	@ 0xaf
1000561e:	2101      	movs	r1, #1
10005620:	0052      	lsls	r2, r2, #1
10005622:	5ca2      	ldrb	r2, [r4, r2]
10005624:	1c50      	adds	r0, r2, #1
10005626:	4081      	lsls	r1, r0
10005628:	485a      	ldr	r0, [pc, #360]	@ (10005794 <hcd_device_close+0x37c>)
1000562a:	0092      	lsls	r2, r2, #2
1000562c:	6541      	str	r1, [r0, #84]	@ 0x54
1000562e:	495a      	ldr	r1, [pc, #360]	@ (10005798 <hcd_device_close+0x380>)
10005630:	0020      	movs	r0, r4
10005632:	468c      	mov	ip, r1
10005634:	2100      	movs	r1, #0
10005636:	4462      	add	r2, ip
10005638:	6051      	str	r1, [r2, #4]
1000563a:	54e1      	strb	r1, [r4, r3]
1000563c:	3304      	adds	r3, #4
1000563e:	58e3      	ldr	r3, [r4, r3]
10005640:	3041      	adds	r0, #65	@ 0x41
10005642:	6019      	str	r1, [r3, #0]
10005644:	23a4      	movs	r3, #164	@ 0xa4
10005646:	005b      	lsls	r3, r3, #1
10005648:	58e3      	ldr	r3, [r4, r3]
1000564a:	30ff      	adds	r0, #255	@ 0xff
1000564c:	6019      	str	r1, [r3, #0]
1000564e:	f000 fc67 	bl	10005f20 <hw_endpoint_reset_transfer>
10005652:	e71a      	b.n	1000548a <hcd_device_close+0x72>
10005654:	2390      	movs	r3, #144	@ 0x90
10005656:	005b      	lsls	r3, r3, #1
10005658:	5ce2      	ldrb	r2, [r4, r3]
1000565a:	2a00      	cmp	r2, #0
1000565c:	d100      	bne.n	10005660 <hcd_device_close+0x248>
1000565e:	e70e      	b.n	1000547e <hcd_device_close+0x66>
10005660:	229f      	movs	r2, #159	@ 0x9f
10005662:	2101      	movs	r1, #1
10005664:	0052      	lsls	r2, r2, #1
10005666:	5ca2      	ldrb	r2, [r4, r2]
10005668:	1c50      	adds	r0, r2, #1
1000566a:	4081      	lsls	r1, r0
1000566c:	4849      	ldr	r0, [pc, #292]	@ (10005794 <hcd_device_close+0x37c>)
1000566e:	0092      	lsls	r2, r2, #2
10005670:	6541      	str	r1, [r0, #84]	@ 0x54
10005672:	4949      	ldr	r1, [pc, #292]	@ (10005798 <hcd_device_close+0x380>)
10005674:	0020      	movs	r0, r4
10005676:	468c      	mov	ip, r1
10005678:	2100      	movs	r1, #0
1000567a:	4462      	add	r2, ip
1000567c:	6051      	str	r1, [r2, #4]
1000567e:	54e1      	strb	r1, [r4, r3]
10005680:	3304      	adds	r3, #4
10005682:	58e3      	ldr	r3, [r4, r3]
10005684:	3021      	adds	r0, #33	@ 0x21
10005686:	6019      	str	r1, [r3, #0]
10005688:	2394      	movs	r3, #148	@ 0x94
1000568a:	005b      	lsls	r3, r3, #1
1000568c:	58e3      	ldr	r3, [r4, r3]
1000568e:	30ff      	adds	r0, #255	@ 0xff
10005690:	6019      	str	r1, [r3, #0]
10005692:	f000 fc45 	bl	10005f20 <hw_endpoint_reset_transfer>
10005696:	e6f2      	b.n	1000547e <hcd_device_close+0x66>
10005698:	2380      	movs	r3, #128	@ 0x80
1000569a:	005b      	lsls	r3, r3, #1
1000569c:	5ce2      	ldrb	r2, [r4, r3]
1000569e:	2a00      	cmp	r2, #0
100056a0:	d100      	bne.n	100056a4 <hcd_device_close+0x28c>
100056a2:	e6e6      	b.n	10005472 <hcd_device_close+0x5a>
100056a4:	228f      	movs	r2, #143	@ 0x8f
100056a6:	2101      	movs	r1, #1
100056a8:	0052      	lsls	r2, r2, #1
100056aa:	5ca2      	ldrb	r2, [r4, r2]
100056ac:	1c50      	adds	r0, r2, #1
100056ae:	4081      	lsls	r1, r0
100056b0:	4838      	ldr	r0, [pc, #224]	@ (10005794 <hcd_device_close+0x37c>)
100056b2:	0092      	lsls	r2, r2, #2
100056b4:	6541      	str	r1, [r0, #84]	@ 0x54
100056b6:	4938      	ldr	r1, [pc, #224]	@ (10005798 <hcd_device_close+0x380>)
100056b8:	1c60      	adds	r0, r4, #1
100056ba:	468c      	mov	ip, r1
100056bc:	2100      	movs	r1, #0
100056be:	4462      	add	r2, ip
100056c0:	6051      	str	r1, [r2, #4]
100056c2:	54e1      	strb	r1, [r4, r3]
100056c4:	3304      	adds	r3, #4
100056c6:	58e3      	ldr	r3, [r4, r3]
100056c8:	30ff      	adds	r0, #255	@ 0xff
100056ca:	6019      	str	r1, [r3, #0]
100056cc:	2384      	movs	r3, #132	@ 0x84
100056ce:	005b      	lsls	r3, r3, #1
100056d0:	58e3      	ldr	r3, [r4, r3]
100056d2:	6019      	str	r1, [r3, #0]
100056d4:	f000 fc24 	bl	10005f20 <hw_endpoint_reset_transfer>
100056d8:	e6cb      	b.n	10005472 <hcd_device_close+0x5a>
100056da:	23e0      	movs	r3, #224	@ 0xe0
100056dc:	5ce2      	ldrb	r2, [r4, r3]
100056de:	2a00      	cmp	r2, #0
100056e0:	d100      	bne.n	100056e4 <hcd_device_close+0x2cc>
100056e2:	e6c0      	b.n	10005466 <hcd_device_close+0x4e>
100056e4:	22fe      	movs	r2, #254	@ 0xfe
100056e6:	2101      	movs	r1, #1
100056e8:	5ca2      	ldrb	r2, [r4, r2]
100056ea:	1c50      	adds	r0, r2, #1
100056ec:	4081      	lsls	r1, r0
100056ee:	4829      	ldr	r0, [pc, #164]	@ (10005794 <hcd_device_close+0x37c>)
100056f0:	0092      	lsls	r2, r2, #2
100056f2:	6541      	str	r1, [r0, #84]	@ 0x54
100056f4:	4928      	ldr	r1, [pc, #160]	@ (10005798 <hcd_device_close+0x380>)
100056f6:	0020      	movs	r0, r4
100056f8:	468c      	mov	ip, r1
100056fa:	2100      	movs	r1, #0
100056fc:	4462      	add	r2, ip
100056fe:	6051      	str	r1, [r2, #4]
10005700:	54e1      	strb	r1, [r4, r3]
10005702:	3304      	adds	r3, #4
10005704:	58e3      	ldr	r3, [r4, r3]
10005706:	30e0      	adds	r0, #224	@ 0xe0
10005708:	6019      	str	r1, [r3, #0]
1000570a:	23e8      	movs	r3, #232	@ 0xe8
1000570c:	58e3      	ldr	r3, [r4, r3]
1000570e:	6019      	str	r1, [r3, #0]
10005710:	f000 fc06 	bl	10005f20 <hw_endpoint_reset_transfer>
10005714:	e6a7      	b.n	10005466 <hcd_device_close+0x4e>
10005716:	23c0      	movs	r3, #192	@ 0xc0
10005718:	5ce2      	ldrb	r2, [r4, r3]
1000571a:	2a00      	cmp	r2, #0
1000571c:	d100      	bne.n	10005720 <hcd_device_close+0x308>
1000571e:	e69d      	b.n	1000545c <hcd_device_close+0x44>
10005720:	22de      	movs	r2, #222	@ 0xde
10005722:	2101      	movs	r1, #1
10005724:	5ca2      	ldrb	r2, [r4, r2]
10005726:	1c50      	adds	r0, r2, #1
10005728:	4081      	lsls	r1, r0
1000572a:	481a      	ldr	r0, [pc, #104]	@ (10005794 <hcd_device_close+0x37c>)
1000572c:	0092      	lsls	r2, r2, #2
1000572e:	6541      	str	r1, [r0, #84]	@ 0x54
10005730:	4919      	ldr	r1, [pc, #100]	@ (10005798 <hcd_device_close+0x380>)
10005732:	0020      	movs	r0, r4
10005734:	468c      	mov	ip, r1
10005736:	2100      	movs	r1, #0
10005738:	4462      	add	r2, ip
1000573a:	6051      	str	r1, [r2, #4]
1000573c:	54e1      	strb	r1, [r4, r3]
1000573e:	3304      	adds	r3, #4
10005740:	58e3      	ldr	r3, [r4, r3]
10005742:	30c0      	adds	r0, #192	@ 0xc0
10005744:	6019      	str	r1, [r3, #0]
10005746:	23c8      	movs	r3, #200	@ 0xc8
10005748:	58e3      	ldr	r3, [r4, r3]
1000574a:	6019      	str	r1, [r3, #0]
1000574c:	f000 fbe8 	bl	10005f20 <hw_endpoint_reset_transfer>
10005750:	e684      	b.n	1000545c <hcd_device_close+0x44>
10005752:	23a0      	movs	r3, #160	@ 0xa0
10005754:	5ce2      	ldrb	r2, [r4, r3]
10005756:	2a00      	cmp	r2, #0
10005758:	d100      	bne.n	1000575c <hcd_device_close+0x344>
1000575a:	e67a      	b.n	10005452 <hcd_device_close+0x3a>
1000575c:	22be      	movs	r2, #190	@ 0xbe
1000575e:	2101      	movs	r1, #1
10005760:	5ca2      	ldrb	r2, [r4, r2]
10005762:	1c50      	adds	r0, r2, #1
10005764:	4081      	lsls	r1, r0
10005766:	480b      	ldr	r0, [pc, #44]	@ (10005794 <hcd_device_close+0x37c>)
10005768:	0092      	lsls	r2, r2, #2
1000576a:	6541      	str	r1, [r0, #84]	@ 0x54
1000576c:	490a      	ldr	r1, [pc, #40]	@ (10005798 <hcd_device_close+0x380>)
1000576e:	0020      	movs	r0, r4
10005770:	468c      	mov	ip, r1
10005772:	2100      	movs	r1, #0
10005774:	4462      	add	r2, ip
10005776:	6051      	str	r1, [r2, #4]
10005778:	54e1      	strb	r1, [r4, r3]
1000577a:	3304      	adds	r3, #4
1000577c:	58e3      	ldr	r3, [r4, r3]
1000577e:	30a0      	adds	r0, #160	@ 0xa0
10005780:	6019      	str	r1, [r3, #0]
10005782:	23a8      	movs	r3, #168	@ 0xa8
10005784:	58e3      	ldr	r3, [r4, r3]
10005786:	6019      	str	r1, [r3, #0]
10005788:	f000 fbca 	bl	10005f20 <hw_endpoint_reset_transfer>
1000578c:	e661      	b.n	10005452 <hcd_device_close+0x3a>
1000578e:	46c0      	nop			@ (mov r8, r8)
10005790:	20001118 	.word	0x20001118
10005794:	50113000 	.word	0x50113000
10005798:	50110000 	.word	0x50110000
1000579c:	2380      	movs	r3, #128	@ 0x80
1000579e:	5ce2      	ldrb	r2, [r4, r3]
100057a0:	2a00      	cmp	r2, #0
100057a2:	d100      	bne.n	100057a6 <hcd_device_close+0x38e>
100057a4:	e650      	b.n	10005448 <hcd_device_close+0x30>
100057a6:	229e      	movs	r2, #158	@ 0x9e
100057a8:	2101      	movs	r1, #1
100057aa:	5ca2      	ldrb	r2, [r4, r2]
100057ac:	1c50      	adds	r0, r2, #1
100057ae:	4081      	lsls	r1, r0
100057b0:	4833      	ldr	r0, [pc, #204]	@ (10005880 <hcd_device_close+0x468>)
100057b2:	0092      	lsls	r2, r2, #2
100057b4:	6541      	str	r1, [r0, #84]	@ 0x54
100057b6:	4933      	ldr	r1, [pc, #204]	@ (10005884 <hcd_device_close+0x46c>)
100057b8:	0020      	movs	r0, r4
100057ba:	468c      	mov	ip, r1
100057bc:	2100      	movs	r1, #0
100057be:	4462      	add	r2, ip
100057c0:	6051      	str	r1, [r2, #4]
100057c2:	54e1      	strb	r1, [r4, r3]
100057c4:	3304      	adds	r3, #4
100057c6:	58e3      	ldr	r3, [r4, r3]
100057c8:	3080      	adds	r0, #128	@ 0x80
100057ca:	6019      	str	r1, [r3, #0]
100057cc:	2388      	movs	r3, #136	@ 0x88
100057ce:	58e3      	ldr	r3, [r4, r3]
100057d0:	6019      	str	r1, [r3, #0]
100057d2:	f000 fba5 	bl	10005f20 <hw_endpoint_reset_transfer>
100057d6:	e637      	b.n	10005448 <hcd_device_close+0x30>
100057d8:	2360      	movs	r3, #96	@ 0x60
100057da:	5ce2      	ldrb	r2, [r4, r3]
100057dc:	2a00      	cmp	r2, #0
100057de:	d100      	bne.n	100057e2 <hcd_device_close+0x3ca>
100057e0:	e62d      	b.n	1000543e <hcd_device_close+0x26>
100057e2:	227e      	movs	r2, #126	@ 0x7e
100057e4:	2101      	movs	r1, #1
100057e6:	5ca2      	ldrb	r2, [r4, r2]
100057e8:	1c50      	adds	r0, r2, #1
100057ea:	4081      	lsls	r1, r0
100057ec:	4824      	ldr	r0, [pc, #144]	@ (10005880 <hcd_device_close+0x468>)
100057ee:	0092      	lsls	r2, r2, #2
100057f0:	6541      	str	r1, [r0, #84]	@ 0x54
100057f2:	4924      	ldr	r1, [pc, #144]	@ (10005884 <hcd_device_close+0x46c>)
100057f4:	0020      	movs	r0, r4
100057f6:	468c      	mov	ip, r1
100057f8:	2100      	movs	r1, #0
100057fa:	4462      	add	r2, ip
100057fc:	6051      	str	r1, [r2, #4]
100057fe:	54e1      	strb	r1, [r4, r3]
10005800:	6e63      	ldr	r3, [r4, #100]	@ 0x64
10005802:	3060      	adds	r0, #96	@ 0x60
10005804:	6019      	str	r1, [r3, #0]
10005806:	6ea3      	ldr	r3, [r4, #104]	@ 0x68
10005808:	6019      	str	r1, [r3, #0]
1000580a:	f000 fb89 	bl	10005f20 <hw_endpoint_reset_transfer>
1000580e:	e616      	b.n	1000543e <hcd_device_close+0x26>
10005810:	2340      	movs	r3, #64	@ 0x40
10005812:	5ce2      	ldrb	r2, [r4, r3]
10005814:	2a00      	cmp	r2, #0
10005816:	d100      	bne.n	1000581a <hcd_device_close+0x402>
10005818:	e60c      	b.n	10005434 <hcd_device_close+0x1c>
1000581a:	225e      	movs	r2, #94	@ 0x5e
1000581c:	2101      	movs	r1, #1
1000581e:	5ca2      	ldrb	r2, [r4, r2]
10005820:	1c50      	adds	r0, r2, #1
10005822:	4081      	lsls	r1, r0
10005824:	4816      	ldr	r0, [pc, #88]	@ (10005880 <hcd_device_close+0x468>)
10005826:	0092      	lsls	r2, r2, #2
10005828:	6541      	str	r1, [r0, #84]	@ 0x54
1000582a:	4916      	ldr	r1, [pc, #88]	@ (10005884 <hcd_device_close+0x46c>)
1000582c:	0020      	movs	r0, r4
1000582e:	468c      	mov	ip, r1
10005830:	2100      	movs	r1, #0
10005832:	4462      	add	r2, ip
10005834:	6051      	str	r1, [r2, #4]
10005836:	54e1      	strb	r1, [r4, r3]
10005838:	6c63      	ldr	r3, [r4, #68]	@ 0x44
1000583a:	3040      	adds	r0, #64	@ 0x40
1000583c:	6019      	str	r1, [r3, #0]
1000583e:	6ca3      	ldr	r3, [r4, #72]	@ 0x48
10005840:	6019      	str	r1, [r3, #0]
10005842:	f000 fb6d 	bl	10005f20 <hw_endpoint_reset_transfer>
10005846:	e5f5      	b.n	10005434 <hcd_device_close+0x1c>
10005848:	2320      	movs	r3, #32
1000584a:	5ce2      	ldrb	r2, [r4, r3]
1000584c:	2a00      	cmp	r2, #0
1000584e:	d100      	bne.n	10005852 <hcd_device_close+0x43a>
10005850:	e5eb      	b.n	1000542a <hcd_device_close+0x12>
10005852:	223e      	movs	r2, #62	@ 0x3e
10005854:	2101      	movs	r1, #1
10005856:	5ca2      	ldrb	r2, [r4, r2]
10005858:	1c50      	adds	r0, r2, #1
1000585a:	4081      	lsls	r1, r0
1000585c:	4808      	ldr	r0, [pc, #32]	@ (10005880 <hcd_device_close+0x468>)
1000585e:	0092      	lsls	r2, r2, #2
10005860:	6541      	str	r1, [r0, #84]	@ 0x54
10005862:	4908      	ldr	r1, [pc, #32]	@ (10005884 <hcd_device_close+0x46c>)
10005864:	0020      	movs	r0, r4
10005866:	468c      	mov	ip, r1
10005868:	2100      	movs	r1, #0
1000586a:	4462      	add	r2, ip
1000586c:	6051      	str	r1, [r2, #4]
1000586e:	54e1      	strb	r1, [r4, r3]
10005870:	6a63      	ldr	r3, [r4, #36]	@ 0x24
10005872:	3020      	adds	r0, #32
10005874:	6019      	str	r1, [r3, #0]
10005876:	6aa3      	ldr	r3, [r4, #40]	@ 0x28
10005878:	6019      	str	r1, [r3, #0]
1000587a:	f000 fb51 	bl	10005f20 <hw_endpoint_reset_transfer>
1000587e:	e5d4      	b.n	1000542a <hcd_device_close+0x12>
10005880:	50113000 	.word	0x50113000
10005884:	50110000 	.word	0x50110000

10005888 <hcd_int_enable>:
10005888:	b510      	push	{r4, lr}
1000588a:	2101      	movs	r1, #1
1000588c:	2005      	movs	r0, #5
1000588e:	f7fb fa9b 	bl	10000dc8 <irq_set_enabled>
10005892:	bd10      	pop	{r4, pc}

10005894 <hcd_edpt_open>:
10005894:	b5f0      	push	{r4, r5, r6, r7, lr}
10005896:	4657      	mov	r7, sl
10005898:	4645      	mov	r5, r8
1000589a:	46de      	mov	lr, fp
1000589c:	464e      	mov	r6, r9
1000589e:	b5e0      	push	{r5, r6, r7, lr}
100058a0:	78d3      	ldrb	r3, [r2, #3]
100058a2:	0008      	movs	r0, r1
100058a4:	079b      	lsls	r3, r3, #30
100058a6:	0f99      	lsrs	r1, r3, #30
100058a8:	4688      	mov	r8, r1
100058aa:	000f      	movs	r7, r1
100058ac:	b083      	sub	sp, #12
100058ae:	2b00      	cmp	r3, #0
100058b0:	d069      	beq.n	10005986 <hcd_edpt_open+0xf2>
100058b2:	2120      	movs	r1, #32
100058b4:	4b79      	ldr	r3, [pc, #484]	@ (10005a9c <hcd_edpt_open+0x208>)
100058b6:	5c59      	ldrb	r1, [r3, r1]
100058b8:	2900      	cmp	r1, #0
100058ba:	d100      	bne.n	100058be <hcd_edpt_open+0x2a>
100058bc:	e0c6      	b.n	10005a4c <hcd_edpt_open+0x1b8>
100058be:	2140      	movs	r1, #64	@ 0x40
100058c0:	5c59      	ldrb	r1, [r3, r1]
100058c2:	2900      	cmp	r1, #0
100058c4:	d100      	bne.n	100058c8 <hcd_edpt_open+0x34>
100058c6:	e0c8      	b.n	10005a5a <hcd_edpt_open+0x1c6>
100058c8:	2160      	movs	r1, #96	@ 0x60
100058ca:	5c59      	ldrb	r1, [r3, r1]
100058cc:	2900      	cmp	r1, #0
100058ce:	d100      	bne.n	100058d2 <hcd_edpt_open+0x3e>
100058d0:	e0c5      	b.n	10005a5e <hcd_edpt_open+0x1ca>
100058d2:	2180      	movs	r1, #128	@ 0x80
100058d4:	5c59      	ldrb	r1, [r3, r1]
100058d6:	2900      	cmp	r1, #0
100058d8:	d100      	bne.n	100058dc <hcd_edpt_open+0x48>
100058da:	e0c2      	b.n	10005a62 <hcd_edpt_open+0x1ce>
100058dc:	21a0      	movs	r1, #160	@ 0xa0
100058de:	5c59      	ldrb	r1, [r3, r1]
100058e0:	2900      	cmp	r1, #0
100058e2:	d100      	bne.n	100058e6 <hcd_edpt_open+0x52>
100058e4:	e0bf      	b.n	10005a66 <hcd_edpt_open+0x1d2>
100058e6:	21c0      	movs	r1, #192	@ 0xc0
100058e8:	5c59      	ldrb	r1, [r3, r1]
100058ea:	2900      	cmp	r1, #0
100058ec:	d100      	bne.n	100058f0 <hcd_edpt_open+0x5c>
100058ee:	e0bc      	b.n	10005a6a <hcd_edpt_open+0x1d6>
100058f0:	21e0      	movs	r1, #224	@ 0xe0
100058f2:	5c59      	ldrb	r1, [r3, r1]
100058f4:	2900      	cmp	r1, #0
100058f6:	d100      	bne.n	100058fa <hcd_edpt_open+0x66>
100058f8:	e0b9      	b.n	10005a6e <hcd_edpt_open+0x1da>
100058fa:	2180      	movs	r1, #128	@ 0x80
100058fc:	0049      	lsls	r1, r1, #1
100058fe:	5c59      	ldrb	r1, [r3, r1]
10005900:	2900      	cmp	r1, #0
10005902:	d100      	bne.n	10005906 <hcd_edpt_open+0x72>
10005904:	e0b5      	b.n	10005a72 <hcd_edpt_open+0x1de>
10005906:	2190      	movs	r1, #144	@ 0x90
10005908:	0049      	lsls	r1, r1, #1
1000590a:	5c59      	ldrb	r1, [r3, r1]
1000590c:	2900      	cmp	r1, #0
1000590e:	d100      	bne.n	10005912 <hcd_edpt_open+0x7e>
10005910:	e0b1      	b.n	10005a76 <hcd_edpt_open+0x1e2>
10005912:	21a0      	movs	r1, #160	@ 0xa0
10005914:	0049      	lsls	r1, r1, #1
10005916:	5c59      	ldrb	r1, [r3, r1]
10005918:	2900      	cmp	r1, #0
1000591a:	d100      	bne.n	1000591e <hcd_edpt_open+0x8a>
1000591c:	e0ad      	b.n	10005a7a <hcd_edpt_open+0x1e6>
1000591e:	21b0      	movs	r1, #176	@ 0xb0
10005920:	0049      	lsls	r1, r1, #1
10005922:	5c59      	ldrb	r1, [r3, r1]
10005924:	2900      	cmp	r1, #0
10005926:	d100      	bne.n	1000592a <hcd_edpt_open+0x96>
10005928:	e0a9      	b.n	10005a7e <hcd_edpt_open+0x1ea>
1000592a:	21c0      	movs	r1, #192	@ 0xc0
1000592c:	0049      	lsls	r1, r1, #1
1000592e:	5c59      	ldrb	r1, [r3, r1]
10005930:	2900      	cmp	r1, #0
10005932:	d100      	bne.n	10005936 <hcd_edpt_open+0xa2>
10005934:	e0a5      	b.n	10005a82 <hcd_edpt_open+0x1ee>
10005936:	21d0      	movs	r1, #208	@ 0xd0
10005938:	0049      	lsls	r1, r1, #1
1000593a:	5c59      	ldrb	r1, [r3, r1]
1000593c:	2900      	cmp	r1, #0
1000593e:	d100      	bne.n	10005942 <hcd_edpt_open+0xae>
10005940:	e0a1      	b.n	10005a86 <hcd_edpt_open+0x1f2>
10005942:	21e0      	movs	r1, #224	@ 0xe0
10005944:	0049      	lsls	r1, r1, #1
10005946:	5c59      	ldrb	r1, [r3, r1]
10005948:	2900      	cmp	r1, #0
1000594a:	d100      	bne.n	1000594e <hcd_edpt_open+0xba>
1000594c:	e09d      	b.n	10005a8a <hcd_edpt_open+0x1f6>
1000594e:	24f0      	movs	r4, #240	@ 0xf0
10005950:	0064      	lsls	r4, r4, #1
10005952:	5d19      	ldrb	r1, [r3, r4]
10005954:	2900      	cmp	r1, #0
10005956:	d100      	bne.n	1000595a <hcd_edpt_open+0xc6>
10005958:	e099      	b.n	10005a8e <hcd_edpt_open+0x1fa>
1000595a:	21ff      	movs	r1, #255	@ 0xff
1000595c:	0049      	lsls	r1, r1, #1
1000595e:	5c59      	ldrb	r1, [r3, r1]
10005960:	4d4f      	ldr	r5, [pc, #316]	@ (10005aa0 <hcd_edpt_open+0x20c>)
10005962:	00ce      	lsls	r6, r1, #3
10005964:	191c      	adds	r4, r3, r4
10005966:	1975      	adds	r5, r6, r5
10005968:	60a5      	str	r5, [r4, #8]
1000596a:	4d4e      	ldr	r5, [pc, #312]	@ (10005aa4 <hcd_edpt_open+0x210>)
1000596c:	0189      	lsls	r1, r1, #6
1000596e:	46ac      	mov	ip, r5
10005970:	4d4d      	ldr	r5, [pc, #308]	@ (10005aa8 <hcd_edpt_open+0x214>)
10005972:	4466      	add	r6, ip
10005974:	46ac      	mov	ip, r5
10005976:	4d4d      	ldr	r5, [pc, #308]	@ (10005aac <hcd_edpt_open+0x218>)
10005978:	4461      	add	r1, ip
1000597a:	404d      	eors	r5, r1
1000597c:	46ac      	mov	ip, r5
1000597e:	46b3      	mov	fp, r6
10005980:	6066      	str	r6, [r4, #4]
10005982:	60e1      	str	r1, [r4, #12]
10005984:	e00b      	b.n	1000599e <hcd_edpt_open+0x10a>
10005986:	4b45      	ldr	r3, [pc, #276]	@ (10005a9c <hcd_edpt_open+0x208>)
10005988:	4949      	ldr	r1, [pc, #292]	@ (10005ab0 <hcd_edpt_open+0x21c>)
1000598a:	4e4a      	ldr	r6, [pc, #296]	@ (10005ab4 <hcd_edpt_open+0x220>)
1000598c:	6099      	str	r1, [r3, #8]
1000598e:	494a      	ldr	r1, [pc, #296]	@ (10005ab8 <hcd_edpt_open+0x224>)
10005990:	46b3      	mov	fp, r6
10005992:	60d9      	str	r1, [r3, #12]
10005994:	21c0      	movs	r1, #192	@ 0xc0
10005996:	0049      	lsls	r1, r1, #1
10005998:	468c      	mov	ip, r1
1000599a:	001c      	movs	r4, r3
1000599c:	605e      	str	r6, [r3, #4]
1000599e:	7915      	ldrb	r5, [r2, #4]
100059a0:	7891      	ldrb	r1, [r2, #2]
100059a2:	46a9      	mov	r9, r5
100059a4:	7955      	ldrb	r5, [r2, #5]
100059a6:	7992      	ldrb	r2, [r2, #6]
100059a8:	464e      	mov	r6, r9
100059aa:	4692      	mov	sl, r2
100059ac:	227f      	movs	r2, #127	@ 0x7f
100059ae:	022d      	lsls	r5, r5, #8
100059b0:	400a      	ands	r2, r1
100059b2:	4335      	orrs	r5, r6
100059b4:	70a1      	strb	r1, [r4, #2]
100059b6:	09ce      	lsrs	r6, r1, #7
100059b8:	4251      	negs	r1, r2
100059ba:	4151      	adcs	r1, r2
100059bc:	70e1      	strb	r1, [r4, #3]
100059be:	4641      	mov	r1, r8
100059c0:	76e1      	strb	r1, [r4, #27]
100059c2:	4661      	mov	r1, ip
100059c4:	056d      	lsls	r5, r5, #21
100059c6:	06bf      	lsls	r7, r7, #26
100059c8:	0d6d      	lsrs	r5, r5, #21
100059ca:	430f      	orrs	r7, r1
100059cc:	21a0      	movs	r1, #160	@ 0xa0
100059ce:	8325      	strh	r5, [r4, #24]
100059d0:	4655      	mov	r5, sl
100059d2:	0609      	lsls	r1, r1, #24
100059d4:	46b1      	mov	r9, r6
100059d6:	7760      	strb	r0, [r4, #29]
100059d8:	7066      	strb	r6, [r4, #1]
100059da:	4339      	orrs	r1, r7
100059dc:	2d00      	cmp	r5, #0
100059de:	d131      	bne.n	10005a44 <hcd_edpt_open+0x1b0>
100059e0:	465d      	mov	r5, fp
100059e2:	6029      	str	r1, [r5, #0]
100059e4:	2101      	movs	r1, #1
100059e6:	7021      	strb	r1, [r4, #0]
100059e8:	429c      	cmp	r4, r3
100059ea:	d023      	beq.n	10005a34 <hcd_edpt_open+0x1a0>
100059ec:	464b      	mov	r3, r9
100059ee:	0415      	lsls	r5, r2, #16
100059f0:	4305      	orrs	r5, r0
100059f2:	2b00      	cmp	r3, #0
100059f4:	d102      	bne.n	100059fc <hcd_edpt_open+0x168>
100059f6:	2380      	movs	r3, #128	@ 0x80
100059f8:	049b      	lsls	r3, r3, #18
100059fa:	431d      	orrs	r5, r3
100059fc:	4b2f      	ldr	r3, [pc, #188]	@ (10005abc <hcd_edpt_open+0x228>)
100059fe:	6d1e      	ldr	r6, [r3, #80]	@ 0x50
10005a00:	05b6      	lsls	r6, r6, #22
10005a02:	0fb6      	lsrs	r6, r6, #30
10005a04:	2e01      	cmp	r6, #1
10005a06:	d002      	beq.n	10005a0e <hcd_edpt_open+0x17a>
10005a08:	2e02      	cmp	r6, #2
10005a0a:	d143      	bne.n	10005a94 <hcd_edpt_open+0x200>
10005a0c:	2600      	movs	r6, #0
10005a0e:	f000 fde5 	bl	100065dc <tuh_speed_get>
10005a12:	42b0      	cmp	r0, r6
10005a14:	d002      	beq.n	10005a1c <hcd_edpt_open+0x188>
10005a16:	2380      	movs	r3, #128	@ 0x80
10005a18:	04db      	lsls	r3, r3, #19
10005a1a:	431d      	orrs	r5, r3
10005a1c:	4927      	ldr	r1, [pc, #156]	@ (10005abc <hcd_edpt_open+0x228>)
10005a1e:	7fa3      	ldrb	r3, [r4, #30]
10005a20:	468c      	mov	ip, r1
10005a22:	009a      	lsls	r2, r3, #2
10005a24:	4462      	add	r2, ip
10005a26:	6055      	str	r5, [r2, #4]
10005a28:	2201      	movs	r2, #1
10005a2a:	3301      	adds	r3, #1
10005a2c:	409a      	lsls	r2, r3
10005a2e:	0013      	movs	r3, r2
10005a30:	4a23      	ldr	r2, [pc, #140]	@ (10005ac0 <hcd_edpt_open+0x22c>)
10005a32:	6553      	str	r3, [r2, #84]	@ 0x54
10005a34:	2001      	movs	r0, #1
10005a36:	b003      	add	sp, #12
10005a38:	bcf0      	pop	{r4, r5, r6, r7}
10005a3a:	46bb      	mov	fp, r7
10005a3c:	46b2      	mov	sl, r6
10005a3e:	46a9      	mov	r9, r5
10005a40:	46a0      	mov	r8, r4
10005a42:	bdf0      	pop	{r4, r5, r6, r7, pc}
10005a44:	3d01      	subs	r5, #1
10005a46:	042d      	lsls	r5, r5, #16
10005a48:	4329      	orrs	r1, r5
10005a4a:	e7c9      	b.n	100059e0 <hcd_edpt_open+0x14c>
10005a4c:	2401      	movs	r4, #1
10005a4e:	1e61      	subs	r1, r4, #1
10005a50:	0164      	lsls	r4, r4, #5
10005a52:	b2c9      	uxtb	r1, r1
10005a54:	191d      	adds	r5, r3, r4
10005a56:	77a9      	strb	r1, [r5, #30]
10005a58:	e782      	b.n	10005960 <hcd_edpt_open+0xcc>
10005a5a:	2402      	movs	r4, #2
10005a5c:	e7f7      	b.n	10005a4e <hcd_edpt_open+0x1ba>
10005a5e:	2403      	movs	r4, #3
10005a60:	e7f5      	b.n	10005a4e <hcd_edpt_open+0x1ba>
10005a62:	2404      	movs	r4, #4
10005a64:	e7f3      	b.n	10005a4e <hcd_edpt_open+0x1ba>
10005a66:	2405      	movs	r4, #5
10005a68:	e7f1      	b.n	10005a4e <hcd_edpt_open+0x1ba>
10005a6a:	2406      	movs	r4, #6
10005a6c:	e7ef      	b.n	10005a4e <hcd_edpt_open+0x1ba>
10005a6e:	2407      	movs	r4, #7
10005a70:	e7ed      	b.n	10005a4e <hcd_edpt_open+0x1ba>
10005a72:	2408      	movs	r4, #8
10005a74:	e7eb      	b.n	10005a4e <hcd_edpt_open+0x1ba>
10005a76:	2409      	movs	r4, #9
10005a78:	e7e9      	b.n	10005a4e <hcd_edpt_open+0x1ba>
10005a7a:	240a      	movs	r4, #10
10005a7c:	e7e7      	b.n	10005a4e <hcd_edpt_open+0x1ba>
10005a7e:	240b      	movs	r4, #11
10005a80:	e7e5      	b.n	10005a4e <hcd_edpt_open+0x1ba>
10005a82:	240c      	movs	r4, #12
10005a84:	e7e3      	b.n	10005a4e <hcd_edpt_open+0x1ba>
10005a86:	240d      	movs	r4, #13
10005a88:	e7e1      	b.n	10005a4e <hcd_edpt_open+0x1ba>
10005a8a:	240e      	movs	r4, #14
10005a8c:	e7df      	b.n	10005a4e <hcd_edpt_open+0x1ba>
10005a8e:	3cd2      	subs	r4, #210	@ 0xd2
10005a90:	3cff      	subs	r4, #255	@ 0xff
10005a92:	e7dc      	b.n	10005a4e <hcd_edpt_open+0x1ba>
10005a94:	480b      	ldr	r0, [pc, #44]	@ (10005ac4 <hcd_edpt_open+0x230>)
10005a96:	f7fb f8db 	bl	10000c50 <panic>
10005a9a:	46c0      	nop			@ (mov r8, r8)
10005a9c:	20001118 	.word	0x20001118
10005aa0:	50100088 	.word	0x50100088
10005aa4:	50100008 	.word	0x50100008
10005aa8:	50100200 	.word	0x50100200
10005aac:	50100000 	.word	0x50100000
10005ab0:	50100080 	.word	0x50100080
10005ab4:	50100100 	.word	0x50100100
10005ab8:	50100180 	.word	0x50100180
10005abc:	50110000 	.word	0x50110000
10005ac0:	50112000 	.word	0x50112000
10005ac4:	10008d6c 	.word	0x10008d6c

10005ac8 <hcd_edpt_xfer>:
10005ac8:	b5f0      	push	{r4, r5, r6, r7, lr}
10005aca:	464f      	mov	r7, r9
10005acc:	46d6      	mov	lr, sl
10005ace:	4646      	mov	r6, r8
10005ad0:	b5c0      	push	{r6, r7, lr}
10005ad2:	b082      	sub	sp, #8
10005ad4:	4698      	mov	r8, r3
10005ad6:	466b      	mov	r3, sp
10005ad8:	8d1b      	ldrh	r3, [r3, #40]	@ 0x28
10005ada:	000d      	movs	r5, r1
10005adc:	469a      	mov	sl, r3
10005ade:	237f      	movs	r3, #127	@ 0x7f
10005ae0:	001f      	movs	r7, r3
10005ae2:	09d1      	lsrs	r1, r2, #7
10005ae4:	4689      	mov	r9, r1
10005ae6:	4cc2      	ldr	r4, [pc, #776]	@ (10005df0 <hcd_edpt_xfer+0x328>)
10005ae8:	4017      	ands	r7, r2
10005aea:	4213      	tst	r3, r2
10005aec:	d100      	bne.n	10005af0 <hcd_edpt_xfer+0x28>
10005aee:	e09d      	b.n	10005c2c <hcd_edpt_xfer+0x164>
10005af0:	3b5f      	subs	r3, #95	@ 0x5f
10005af2:	5ce3      	ldrb	r3, [r4, r3]
10005af4:	2b00      	cmp	r3, #0
10005af6:	d004      	beq.n	10005b02 <hcd_edpt_xfer+0x3a>
10005af8:	233d      	movs	r3, #61	@ 0x3d
10005afa:	5ce3      	ldrb	r3, [r4, r3]
10005afc:	42ab      	cmp	r3, r5
10005afe:	d100      	bne.n	10005b02 <hcd_edpt_xfer+0x3a>
10005b00:	e107      	b.n	10005d12 <hcd_edpt_xfer+0x24a>
10005b02:	2340      	movs	r3, #64	@ 0x40
10005b04:	5ce3      	ldrb	r3, [r4, r3]
10005b06:	2b00      	cmp	r3, #0
10005b08:	d004      	beq.n	10005b14 <hcd_edpt_xfer+0x4c>
10005b0a:	235d      	movs	r3, #93	@ 0x5d
10005b0c:	5ce3      	ldrb	r3, [r4, r3]
10005b0e:	42ab      	cmp	r3, r5
10005b10:	d100      	bne.n	10005b14 <hcd_edpt_xfer+0x4c>
10005b12:	e10a      	b.n	10005d2a <hcd_edpt_xfer+0x262>
10005b14:	2360      	movs	r3, #96	@ 0x60
10005b16:	5ce3      	ldrb	r3, [r4, r3]
10005b18:	2b00      	cmp	r3, #0
10005b1a:	d004      	beq.n	10005b26 <hcd_edpt_xfer+0x5e>
10005b1c:	237d      	movs	r3, #125	@ 0x7d
10005b1e:	5ce3      	ldrb	r3, [r4, r3]
10005b20:	42ab      	cmp	r3, r5
10005b22:	d100      	bne.n	10005b26 <hcd_edpt_xfer+0x5e>
10005b24:	e108      	b.n	10005d38 <hcd_edpt_xfer+0x270>
10005b26:	2380      	movs	r3, #128	@ 0x80
10005b28:	5ce3      	ldrb	r3, [r4, r3]
10005b2a:	2b00      	cmp	r3, #0
10005b2c:	d004      	beq.n	10005b38 <hcd_edpt_xfer+0x70>
10005b2e:	239d      	movs	r3, #157	@ 0x9d
10005b30:	5ce3      	ldrb	r3, [r4, r3]
10005b32:	42ab      	cmp	r3, r5
10005b34:	d100      	bne.n	10005b38 <hcd_edpt_xfer+0x70>
10005b36:	e106      	b.n	10005d46 <hcd_edpt_xfer+0x27e>
10005b38:	23a0      	movs	r3, #160	@ 0xa0
10005b3a:	5ce3      	ldrb	r3, [r4, r3]
10005b3c:	2b00      	cmp	r3, #0
10005b3e:	d004      	beq.n	10005b4a <hcd_edpt_xfer+0x82>
10005b40:	23bd      	movs	r3, #189	@ 0xbd
10005b42:	5ce3      	ldrb	r3, [r4, r3]
10005b44:	42ab      	cmp	r3, r5
10005b46:	d100      	bne.n	10005b4a <hcd_edpt_xfer+0x82>
10005b48:	e104      	b.n	10005d54 <hcd_edpt_xfer+0x28c>
10005b4a:	23c0      	movs	r3, #192	@ 0xc0
10005b4c:	5ce3      	ldrb	r3, [r4, r3]
10005b4e:	2b00      	cmp	r3, #0
10005b50:	d004      	beq.n	10005b5c <hcd_edpt_xfer+0x94>
10005b52:	23dd      	movs	r3, #221	@ 0xdd
10005b54:	5ce3      	ldrb	r3, [r4, r3]
10005b56:	42ab      	cmp	r3, r5
10005b58:	d100      	bne.n	10005b5c <hcd_edpt_xfer+0x94>
10005b5a:	e102      	b.n	10005d62 <hcd_edpt_xfer+0x29a>
10005b5c:	23e0      	movs	r3, #224	@ 0xe0
10005b5e:	5ce3      	ldrb	r3, [r4, r3]
10005b60:	2b00      	cmp	r3, #0
10005b62:	d004      	beq.n	10005b6e <hcd_edpt_xfer+0xa6>
10005b64:	23fd      	movs	r3, #253	@ 0xfd
10005b66:	5ce3      	ldrb	r3, [r4, r3]
10005b68:	42ab      	cmp	r3, r5
10005b6a:	d100      	bne.n	10005b6e <hcd_edpt_xfer+0xa6>
10005b6c:	e100      	b.n	10005d70 <hcd_edpt_xfer+0x2a8>
10005b6e:	2380      	movs	r3, #128	@ 0x80
10005b70:	005b      	lsls	r3, r3, #1
10005b72:	5ce3      	ldrb	r3, [r4, r3]
10005b74:	2b00      	cmp	r3, #0
10005b76:	d005      	beq.n	10005b84 <hcd_edpt_xfer+0xbc>
10005b78:	231e      	movs	r3, #30
10005b7a:	33ff      	adds	r3, #255	@ 0xff
10005b7c:	5ce3      	ldrb	r3, [r4, r3]
10005b7e:	42ab      	cmp	r3, r5
10005b80:	d100      	bne.n	10005b84 <hcd_edpt_xfer+0xbc>
10005b82:	e0fc      	b.n	10005d7e <hcd_edpt_xfer+0x2b6>
10005b84:	2390      	movs	r3, #144	@ 0x90
10005b86:	005b      	lsls	r3, r3, #1
10005b88:	5ce3      	ldrb	r3, [r4, r3]
10005b8a:	2b00      	cmp	r3, #0
10005b8c:	d005      	beq.n	10005b9a <hcd_edpt_xfer+0xd2>
10005b8e:	233e      	movs	r3, #62	@ 0x3e
10005b90:	33ff      	adds	r3, #255	@ 0xff
10005b92:	5ce3      	ldrb	r3, [r4, r3]
10005b94:	42ab      	cmp	r3, r5
10005b96:	d100      	bne.n	10005b9a <hcd_edpt_xfer+0xd2>
10005b98:	e0f9      	b.n	10005d8e <hcd_edpt_xfer+0x2c6>
10005b9a:	23a0      	movs	r3, #160	@ 0xa0
10005b9c:	005b      	lsls	r3, r3, #1
10005b9e:	5ce3      	ldrb	r3, [r4, r3]
10005ba0:	2b00      	cmp	r3, #0
10005ba2:	d005      	beq.n	10005bb0 <hcd_edpt_xfer+0xe8>
10005ba4:	235e      	movs	r3, #94	@ 0x5e
10005ba6:	33ff      	adds	r3, #255	@ 0xff
10005ba8:	5ce3      	ldrb	r3, [r4, r3]
10005baa:	42ab      	cmp	r3, r5
10005bac:	d100      	bne.n	10005bb0 <hcd_edpt_xfer+0xe8>
10005bae:	e0f6      	b.n	10005d9e <hcd_edpt_xfer+0x2d6>
10005bb0:	23b0      	movs	r3, #176	@ 0xb0
10005bb2:	005b      	lsls	r3, r3, #1
10005bb4:	5ce3      	ldrb	r3, [r4, r3]
10005bb6:	2b00      	cmp	r3, #0
10005bb8:	d005      	beq.n	10005bc6 <hcd_edpt_xfer+0xfe>
10005bba:	237e      	movs	r3, #126	@ 0x7e
10005bbc:	33ff      	adds	r3, #255	@ 0xff
10005bbe:	5ce3      	ldrb	r3, [r4, r3]
10005bc0:	42ab      	cmp	r3, r5
10005bc2:	d100      	bne.n	10005bc6 <hcd_edpt_xfer+0xfe>
10005bc4:	e0f3      	b.n	10005dae <hcd_edpt_xfer+0x2e6>
10005bc6:	23c0      	movs	r3, #192	@ 0xc0
10005bc8:	005b      	lsls	r3, r3, #1
10005bca:	5ce3      	ldrb	r3, [r4, r3]
10005bcc:	2b00      	cmp	r3, #0
10005bce:	d005      	beq.n	10005bdc <hcd_edpt_xfer+0x114>
10005bd0:	239e      	movs	r3, #158	@ 0x9e
10005bd2:	33ff      	adds	r3, #255	@ 0xff
10005bd4:	5ce3      	ldrb	r3, [r4, r3]
10005bd6:	42ab      	cmp	r3, r5
10005bd8:	d100      	bne.n	10005bdc <hcd_edpt_xfer+0x114>
10005bda:	e0f0      	b.n	10005dbe <hcd_edpt_xfer+0x2f6>
10005bdc:	23d0      	movs	r3, #208	@ 0xd0
10005bde:	005b      	lsls	r3, r3, #1
10005be0:	5ce3      	ldrb	r3, [r4, r3]
10005be2:	2b00      	cmp	r3, #0
10005be4:	d005      	beq.n	10005bf2 <hcd_edpt_xfer+0x12a>
10005be6:	23be      	movs	r3, #190	@ 0xbe
10005be8:	33ff      	adds	r3, #255	@ 0xff
10005bea:	5ce3      	ldrb	r3, [r4, r3]
10005bec:	42ab      	cmp	r3, r5
10005bee:	d100      	bne.n	10005bf2 <hcd_edpt_xfer+0x12a>
10005bf0:	e0ed      	b.n	10005dce <hcd_edpt_xfer+0x306>
10005bf2:	23e0      	movs	r3, #224	@ 0xe0
10005bf4:	005b      	lsls	r3, r3, #1
10005bf6:	5ce3      	ldrb	r3, [r4, r3]
10005bf8:	2b00      	cmp	r3, #0
10005bfa:	d005      	beq.n	10005c08 <hcd_edpt_xfer+0x140>
10005bfc:	23de      	movs	r3, #222	@ 0xde
10005bfe:	33ff      	adds	r3, #255	@ 0xff
10005c00:	5ce3      	ldrb	r3, [r4, r3]
10005c02:	42ab      	cmp	r3, r5
10005c04:	d100      	bne.n	10005c08 <hcd_edpt_xfer+0x140>
10005c06:	e0ea      	b.n	10005dde <hcd_edpt_xfer+0x316>
10005c08:	23f0      	movs	r3, #240	@ 0xf0
10005c0a:	005b      	lsls	r3, r3, #1
10005c0c:	5ce0      	ldrb	r0, [r4, r3]
10005c0e:	2800      	cmp	r0, #0
10005c10:	d006      	beq.n	10005c20 <hcd_edpt_xfer+0x158>
10005c12:	23fe      	movs	r3, #254	@ 0xfe
10005c14:	33ff      	adds	r3, #255	@ 0xff
10005c16:	5ce3      	ldrb	r3, [r4, r3]
10005c18:	2000      	movs	r0, #0
10005c1a:	42ab      	cmp	r3, r5
10005c1c:	d100      	bne.n	10005c20 <hcd_edpt_xfer+0x158>
10005c1e:	e0f1      	b.n	10005e04 <hcd_edpt_xfer+0x33c>
10005c20:	b002      	add	sp, #8
10005c22:	bce0      	pop	{r5, r6, r7}
10005c24:	46ba      	mov	sl, r7
10005c26:	46b1      	mov	r9, r6
10005c28:	46a8      	mov	r8, r5
10005c2a:	bdf0      	pop	{r4, r5, r6, r7, pc}
10005c2c:	78a3      	ldrb	r3, [r4, #2]
10005c2e:	0026      	movs	r6, r4
10005c30:	4293      	cmp	r3, r2
10005c32:	d042      	beq.n	10005cba <hcd_edpt_xfer+0x1f2>
10005c34:	464b      	mov	r3, r9
10005c36:	7ef1      	ldrb	r1, [r6, #27]
10005c38:	7073      	strb	r3, [r6, #1]
10005c3a:	427b      	negs	r3, r7
10005c3c:	417b      	adcs	r3, r7
10005c3e:	70b2      	strb	r2, [r6, #2]
10005c40:	70f3      	strb	r3, [r6, #3]
10005c42:	68f2      	ldr	r2, [r6, #12]
10005c44:	4b6b      	ldr	r3, [pc, #428]	@ (10005df4 <hcd_edpt_xfer+0x32c>)
10005c46:	0689      	lsls	r1, r1, #26
10005c48:	4053      	eors	r3, r2
10005c4a:	22a0      	movs	r2, #160	@ 0xa0
10005c4c:	430b      	orrs	r3, r1
10005c4e:	0612      	lsls	r2, r2, #24
10005c50:	4313      	orrs	r3, r2
10005c52:	6872      	ldr	r2, [r6, #4]
10005c54:	7775      	strb	r5, [r6, #29]
10005c56:	6013      	str	r3, [r2, #0]
10005c58:	2301      	movs	r3, #1
10005c5a:	7033      	strb	r3, [r6, #0]
10005c5c:	42a6      	cmp	r6, r4
10005c5e:	d02c      	beq.n	10005cba <hcd_edpt_xfer+0x1f2>
10005c60:	464b      	mov	r3, r9
10005c62:	043f      	lsls	r7, r7, #16
10005c64:	432f      	orrs	r7, r5
10005c66:	2b00      	cmp	r3, #0
10005c68:	d102      	bne.n	10005c70 <hcd_edpt_xfer+0x1a8>
10005c6a:	2380      	movs	r3, #128	@ 0x80
10005c6c:	049b      	lsls	r3, r3, #18
10005c6e:	431f      	orrs	r7, r3
10005c70:	4b61      	ldr	r3, [pc, #388]	@ (10005df8 <hcd_edpt_xfer+0x330>)
10005c72:	6d1c      	ldr	r4, [r3, #80]	@ 0x50
10005c74:	05a4      	lsls	r4, r4, #22
10005c76:	0fa4      	lsrs	r4, r4, #30
10005c78:	2c01      	cmp	r4, #1
10005c7a:	d003      	beq.n	10005c84 <hcd_edpt_xfer+0x1bc>
10005c7c:	2c02      	cmp	r4, #2
10005c7e:	d000      	beq.n	10005c82 <hcd_edpt_xfer+0x1ba>
10005c80:	e0c8      	b.n	10005e14 <hcd_edpt_xfer+0x34c>
10005c82:	2400      	movs	r4, #0
10005c84:	0028      	movs	r0, r5
10005c86:	f000 fca9 	bl	100065dc <tuh_speed_get>
10005c8a:	42a0      	cmp	r0, r4
10005c8c:	d002      	beq.n	10005c94 <hcd_edpt_xfer+0x1cc>
10005c8e:	2380      	movs	r3, #128	@ 0x80
10005c90:	04db      	lsls	r3, r3, #19
10005c92:	431f      	orrs	r7, r3
10005c94:	4958      	ldr	r1, [pc, #352]	@ (10005df8 <hcd_edpt_xfer+0x330>)
10005c96:	7fb3      	ldrb	r3, [r6, #30]
10005c98:	468c      	mov	ip, r1
10005c9a:	009a      	lsls	r2, r3, #2
10005c9c:	4462      	add	r2, ip
10005c9e:	6057      	str	r7, [r2, #4]
10005ca0:	2201      	movs	r2, #1
10005ca2:	3301      	adds	r3, #1
10005ca4:	409a      	lsls	r2, r3
10005ca6:	0013      	movs	r3, r2
10005ca8:	4a54      	ldr	r2, [pc, #336]	@ (10005dfc <hcd_edpt_xfer+0x334>)
10005caa:	6553      	str	r3, [r2, #84]	@ 0x54
10005cac:	0030      	movs	r0, r6
10005cae:	4652      	mov	r2, sl
10005cb0:	4641      	mov	r1, r8
10005cb2:	f000 fa35 	bl	10006120 <hw_endpoint_xfer_start>
10005cb6:	2001      	movs	r0, #1
10005cb8:	e7b2      	b.n	10005c20 <hcd_edpt_xfer+0x158>
10005cba:	4652      	mov	r2, sl
10005cbc:	0020      	movs	r0, r4
10005cbe:	4641      	mov	r1, r8
10005cc0:	f000 fa2e 	bl	10006120 <hw_endpoint_xfer_start>
10005cc4:	464e      	mov	r6, r9
10005cc6:	4a4e      	ldr	r2, [pc, #312]	@ (10005e00 <hcd_edpt_xfer+0x338>)
10005cc8:	2403      	movs	r4, #3
10005cca:	4694      	mov	ip, r2
10005ccc:	4b4a      	ldr	r3, [pc, #296]	@ (10005df8 <hcd_edpt_xfer+0x330>)
10005cce:	043f      	lsls	r7, r7, #16
10005cd0:	432f      	orrs	r7, r5
10005cd2:	601f      	str	r7, [r3, #0]
10005cd4:	6d1b      	ldr	r3, [r3, #80]	@ 0x50
10005cd6:	3e01      	subs	r6, #1
10005cd8:	43a6      	bics	r6, r4
10005cda:	0a1b      	lsrs	r3, r3, #8
10005cdc:	4466      	add	r6, ip
10005cde:	401c      	ands	r4, r3
10005ce0:	2c01      	cmp	r4, #1
10005ce2:	d003      	beq.n	10005cec <hcd_edpt_xfer+0x224>
10005ce4:	2c02      	cmp	r4, #2
10005ce6:	d000      	beq.n	10005cea <hcd_edpt_xfer+0x222>
10005ce8:	e094      	b.n	10005e14 <hcd_edpt_xfer+0x34c>
10005cea:	2400      	movs	r4, #0
10005cec:	0028      	movs	r0, r5
10005cee:	f000 fc75 	bl	100065dc <tuh_speed_get>
10005cf2:	1b03      	subs	r3, r0, r4
10005cf4:	1e5a      	subs	r2, r3, #1
10005cf6:	4193      	sbcs	r3, r2
10005cf8:	019b      	lsls	r3, r3, #6
10005cfa:	4333      	orrs	r3, r6
10005cfc:	2201      	movs	r2, #1
10005cfe:	0019      	movs	r1, r3
10005d00:	4391      	bics	r1, r2
10005d02:	4a3d      	ldr	r2, [pc, #244]	@ (10005df8 <hcd_edpt_xfer+0x330>)
10005d04:	64d1      	str	r1, [r2, #76]	@ 0x4c
10005d06:	210c      	movs	r1, #12
10005d08:	3903      	subs	r1, #3
10005d0a:	d2fd      	bcs.n	10005d08 <hcd_edpt_xfer+0x240>
10005d0c:	2001      	movs	r0, #1
10005d0e:	64d3      	str	r3, [r2, #76]	@ 0x4c
10005d10:	e786      	b.n	10005c20 <hcd_edpt_xfer+0x158>
10005d12:	2322      	movs	r3, #34	@ 0x22
10005d14:	5ce3      	ldrb	r3, [r4, r3]
10005d16:	4293      	cmp	r3, r2
10005d18:	d000      	beq.n	10005d1c <hcd_edpt_xfer+0x254>
10005d1a:	e6f2      	b.n	10005b02 <hcd_edpt_xfer+0x3a>
10005d1c:	2601      	movs	r6, #1
10005d1e:	0176      	lsls	r6, r6, #5
10005d20:	19a6      	adds	r6, r4, r6
10005d22:	78b3      	ldrb	r3, [r6, #2]
10005d24:	4293      	cmp	r3, r2
10005d26:	d0c1      	beq.n	10005cac <hcd_edpt_xfer+0x1e4>
10005d28:	e784      	b.n	10005c34 <hcd_edpt_xfer+0x16c>
10005d2a:	2342      	movs	r3, #66	@ 0x42
10005d2c:	5ce3      	ldrb	r3, [r4, r3]
10005d2e:	4293      	cmp	r3, r2
10005d30:	d000      	beq.n	10005d34 <hcd_edpt_xfer+0x26c>
10005d32:	e6ef      	b.n	10005b14 <hcd_edpt_xfer+0x4c>
10005d34:	2602      	movs	r6, #2
10005d36:	e7f2      	b.n	10005d1e <hcd_edpt_xfer+0x256>
10005d38:	2362      	movs	r3, #98	@ 0x62
10005d3a:	5ce3      	ldrb	r3, [r4, r3]
10005d3c:	4293      	cmp	r3, r2
10005d3e:	d000      	beq.n	10005d42 <hcd_edpt_xfer+0x27a>
10005d40:	e6f1      	b.n	10005b26 <hcd_edpt_xfer+0x5e>
10005d42:	2603      	movs	r6, #3
10005d44:	e7eb      	b.n	10005d1e <hcd_edpt_xfer+0x256>
10005d46:	2382      	movs	r3, #130	@ 0x82
10005d48:	5ce3      	ldrb	r3, [r4, r3]
10005d4a:	4293      	cmp	r3, r2
10005d4c:	d000      	beq.n	10005d50 <hcd_edpt_xfer+0x288>
10005d4e:	e6f3      	b.n	10005b38 <hcd_edpt_xfer+0x70>
10005d50:	2604      	movs	r6, #4
10005d52:	e7e4      	b.n	10005d1e <hcd_edpt_xfer+0x256>
10005d54:	23a2      	movs	r3, #162	@ 0xa2
10005d56:	5ce3      	ldrb	r3, [r4, r3]
10005d58:	4293      	cmp	r3, r2
10005d5a:	d000      	beq.n	10005d5e <hcd_edpt_xfer+0x296>
10005d5c:	e6f5      	b.n	10005b4a <hcd_edpt_xfer+0x82>
10005d5e:	2605      	movs	r6, #5
10005d60:	e7dd      	b.n	10005d1e <hcd_edpt_xfer+0x256>
10005d62:	23c2      	movs	r3, #194	@ 0xc2
10005d64:	5ce3      	ldrb	r3, [r4, r3]
10005d66:	4293      	cmp	r3, r2
10005d68:	d000      	beq.n	10005d6c <hcd_edpt_xfer+0x2a4>
10005d6a:	e6f7      	b.n	10005b5c <hcd_edpt_xfer+0x94>
10005d6c:	2606      	movs	r6, #6
10005d6e:	e7d6      	b.n	10005d1e <hcd_edpt_xfer+0x256>
10005d70:	23e2      	movs	r3, #226	@ 0xe2
10005d72:	5ce3      	ldrb	r3, [r4, r3]
10005d74:	4293      	cmp	r3, r2
10005d76:	d000      	beq.n	10005d7a <hcd_edpt_xfer+0x2b2>
10005d78:	e6f9      	b.n	10005b6e <hcd_edpt_xfer+0xa6>
10005d7a:	2607      	movs	r6, #7
10005d7c:	e7cf      	b.n	10005d1e <hcd_edpt_xfer+0x256>
10005d7e:	2381      	movs	r3, #129	@ 0x81
10005d80:	005b      	lsls	r3, r3, #1
10005d82:	5ce3      	ldrb	r3, [r4, r3]
10005d84:	4293      	cmp	r3, r2
10005d86:	d000      	beq.n	10005d8a <hcd_edpt_xfer+0x2c2>
10005d88:	e6fc      	b.n	10005b84 <hcd_edpt_xfer+0xbc>
10005d8a:	2608      	movs	r6, #8
10005d8c:	e7c7      	b.n	10005d1e <hcd_edpt_xfer+0x256>
10005d8e:	2391      	movs	r3, #145	@ 0x91
10005d90:	005b      	lsls	r3, r3, #1
10005d92:	5ce3      	ldrb	r3, [r4, r3]
10005d94:	4293      	cmp	r3, r2
10005d96:	d000      	beq.n	10005d9a <hcd_edpt_xfer+0x2d2>
10005d98:	e6ff      	b.n	10005b9a <hcd_edpt_xfer+0xd2>
10005d9a:	2609      	movs	r6, #9
10005d9c:	e7bf      	b.n	10005d1e <hcd_edpt_xfer+0x256>
10005d9e:	23a1      	movs	r3, #161	@ 0xa1
10005da0:	005b      	lsls	r3, r3, #1
10005da2:	5ce3      	ldrb	r3, [r4, r3]
10005da4:	4293      	cmp	r3, r2
10005da6:	d000      	beq.n	10005daa <hcd_edpt_xfer+0x2e2>
10005da8:	e702      	b.n	10005bb0 <hcd_edpt_xfer+0xe8>
10005daa:	260a      	movs	r6, #10
10005dac:	e7b7      	b.n	10005d1e <hcd_edpt_xfer+0x256>
10005dae:	23b1      	movs	r3, #177	@ 0xb1
10005db0:	005b      	lsls	r3, r3, #1
10005db2:	5ce3      	ldrb	r3, [r4, r3]
10005db4:	4293      	cmp	r3, r2
10005db6:	d000      	beq.n	10005dba <hcd_edpt_xfer+0x2f2>
10005db8:	e705      	b.n	10005bc6 <hcd_edpt_xfer+0xfe>
10005dba:	260b      	movs	r6, #11
10005dbc:	e7af      	b.n	10005d1e <hcd_edpt_xfer+0x256>
10005dbe:	23c1      	movs	r3, #193	@ 0xc1
10005dc0:	005b      	lsls	r3, r3, #1
10005dc2:	5ce3      	ldrb	r3, [r4, r3]
10005dc4:	4293      	cmp	r3, r2
10005dc6:	d000      	beq.n	10005dca <hcd_edpt_xfer+0x302>
10005dc8:	e708      	b.n	10005bdc <hcd_edpt_xfer+0x114>
10005dca:	260c      	movs	r6, #12
10005dcc:	e7a7      	b.n	10005d1e <hcd_edpt_xfer+0x256>
10005dce:	23d1      	movs	r3, #209	@ 0xd1
10005dd0:	005b      	lsls	r3, r3, #1
10005dd2:	5ce3      	ldrb	r3, [r4, r3]
10005dd4:	4293      	cmp	r3, r2
10005dd6:	d000      	beq.n	10005dda <hcd_edpt_xfer+0x312>
10005dd8:	e70b      	b.n	10005bf2 <hcd_edpt_xfer+0x12a>
10005dda:	260d      	movs	r6, #13
10005ddc:	e79f      	b.n	10005d1e <hcd_edpt_xfer+0x256>
10005dde:	23e1      	movs	r3, #225	@ 0xe1
10005de0:	005b      	lsls	r3, r3, #1
10005de2:	5ce3      	ldrb	r3, [r4, r3]
10005de4:	4293      	cmp	r3, r2
10005de6:	d000      	beq.n	10005dea <hcd_edpt_xfer+0x322>
10005de8:	e70e      	b.n	10005c08 <hcd_edpt_xfer+0x140>
10005dea:	260e      	movs	r6, #14
10005dec:	e797      	b.n	10005d1e <hcd_edpt_xfer+0x256>
10005dee:	46c0      	nop			@ (mov r8, r8)
10005df0:	20001118 	.word	0x20001118
10005df4:	50100000 	.word	0x50100000
10005df8:	50110000 	.word	0x50110000
10005dfc:	50112000 	.word	0x50112000
10005e00:	20008609 	.word	0x20008609
10005e04:	23f1      	movs	r3, #241	@ 0xf1
10005e06:	005b      	lsls	r3, r3, #1
10005e08:	5ce3      	ldrb	r3, [r4, r3]
10005e0a:	260f      	movs	r6, #15
10005e0c:	4293      	cmp	r3, r2
10005e0e:	d000      	beq.n	10005e12 <hcd_edpt_xfer+0x34a>
10005e10:	e706      	b.n	10005c20 <hcd_edpt_xfer+0x158>
10005e12:	e784      	b.n	10005d1e <hcd_edpt_xfer+0x256>
10005e14:	4801      	ldr	r0, [pc, #4]	@ (10005e1c <hcd_edpt_xfer+0x354>)
10005e16:	f7fa ff1b 	bl	10000c50 <panic>
10005e1a:	46c0      	nop			@ (mov r8, r8)
10005e1c:	10008d6c 	.word	0x10008d6c

10005e20 <hcd_edpt_abort_xfer>:
10005e20:	2000      	movs	r0, #0
10005e22:	4770      	bx	lr

10005e24 <hcd_setup_send>:
10005e24:	b510      	push	{r4, lr}
10005e26:	4b22      	ldr	r3, [pc, #136]	@ (10005eb0 <hcd_setup_send+0x8c>)
10005e28:	0008      	movs	r0, r1
10005e2a:	7811      	ldrb	r1, [r2, #0]
10005e2c:	2480      	movs	r4, #128	@ 0x80
10005e2e:	7019      	strb	r1, [r3, #0]
10005e30:	7851      	ldrb	r1, [r2, #1]
10005e32:	0064      	lsls	r4, r4, #1
10005e34:	7059      	strb	r1, [r3, #1]
10005e36:	7891      	ldrb	r1, [r2, #2]
10005e38:	7099      	strb	r1, [r3, #2]
10005e3a:	78d1      	ldrb	r1, [r2, #3]
10005e3c:	70d9      	strb	r1, [r3, #3]
10005e3e:	7911      	ldrb	r1, [r2, #4]
10005e40:	7119      	strb	r1, [r3, #4]
10005e42:	7951      	ldrb	r1, [r2, #5]
10005e44:	7159      	strb	r1, [r3, #5]
10005e46:	7991      	ldrb	r1, [r2, #6]
10005e48:	7199      	strb	r1, [r3, #6]
10005e4a:	79d2      	ldrb	r2, [r2, #7]
10005e4c:	4919      	ldr	r1, [pc, #100]	@ (10005eb4 <hcd_setup_send+0x90>)
10005e4e:	71da      	strb	r2, [r3, #7]
10005e50:	4b19      	ldr	r3, [pc, #100]	@ (10005eb8 <hcd_setup_send+0x94>)
10005e52:	4a1a      	ldr	r2, [pc, #104]	@ (10005ebc <hcd_setup_send+0x98>)
10005e54:	60d9      	str	r1, [r3, #12]
10005e56:	2100      	movs	r1, #0
10005e58:	609a      	str	r2, [r3, #8]
10005e5a:	7059      	strb	r1, [r3, #1]
10005e5c:	4a18      	ldr	r2, [pc, #96]	@ (10005ec0 <hcd_setup_send+0x9c>)
10005e5e:	76d9      	strb	r1, [r3, #27]
10005e60:	4918      	ldr	r1, [pc, #96]	@ (10005ec4 <hcd_setup_send+0xa0>)
10005e62:	805c      	strh	r4, [r3, #2]
10005e64:	605a      	str	r2, [r3, #4]
10005e66:	7758      	strb	r0, [r3, #29]
10005e68:	6011      	str	r1, [r2, #0]
10005e6a:	2201      	movs	r2, #1
10005e6c:	2108      	movs	r1, #8
10005e6e:	701a      	strb	r2, [r3, #0]
10005e70:	8299      	strh	r1, [r3, #20]
10005e72:	769a      	strb	r2, [r3, #26]
10005e74:	4b14      	ldr	r3, [pc, #80]	@ (10005ec8 <hcd_setup_send+0xa4>)
10005e76:	6018      	str	r0, [r3, #0]
10005e78:	6d1c      	ldr	r4, [r3, #80]	@ 0x50
10005e7a:	05a4      	lsls	r4, r4, #22
10005e7c:	0fa4      	lsrs	r4, r4, #30
10005e7e:	2c01      	cmp	r4, #1
10005e80:	d002      	beq.n	10005e88 <hcd_setup_send+0x64>
10005e82:	2c02      	cmp	r4, #2
10005e84:	d111      	bne.n	10005eaa <hcd_setup_send+0x86>
10005e86:	2400      	movs	r4, #0
10005e88:	f000 fba8 	bl	100065dc <tuh_speed_get>
10005e8c:	42a0      	cmp	r0, r4
10005e8e:	d009      	beq.n	10005ea4 <hcd_setup_send+0x80>
10005e90:	4a0e      	ldr	r2, [pc, #56]	@ (10005ecc <hcd_setup_send+0xa8>)
10005e92:	490f      	ldr	r1, [pc, #60]	@ (10005ed0 <hcd_setup_send+0xac>)
10005e94:	4b0c      	ldr	r3, [pc, #48]	@ (10005ec8 <hcd_setup_send+0xa4>)
10005e96:	64da      	str	r2, [r3, #76]	@ 0x4c
10005e98:	220c      	movs	r2, #12
10005e9a:	3a03      	subs	r2, #3
10005e9c:	d2fd      	bcs.n	10005e9a <hcd_setup_send+0x76>
10005e9e:	2001      	movs	r0, #1
10005ea0:	64d9      	str	r1, [r3, #76]	@ 0x4c
10005ea2:	bd10      	pop	{r4, pc}
10005ea4:	4a0b      	ldr	r2, [pc, #44]	@ (10005ed4 <hcd_setup_send+0xb0>)
10005ea6:	490c      	ldr	r1, [pc, #48]	@ (10005ed8 <hcd_setup_send+0xb4>)
10005ea8:	e7f4      	b.n	10005e94 <hcd_setup_send+0x70>
10005eaa:	480c      	ldr	r0, [pc, #48]	@ (10005edc <hcd_setup_send+0xb8>)
10005eac:	f7fa fed0 	bl	10000c50 <panic>
10005eb0:	50100000 	.word	0x50100000
10005eb4:	50100180 	.word	0x50100180
10005eb8:	20001118 	.word	0x20001118
10005ebc:	50100080 	.word	0x50100080
10005ec0:	50100100 	.word	0x50100100
10005ec4:	a0000180 	.word	0xa0000180
10005ec8:	50110000 	.word	0x50110000
10005ecc:	20008642 	.word	0x20008642
10005ed0:	20008643 	.word	0x20008643
10005ed4:	20008602 	.word	0x20008602
10005ed8:	20008603 	.word	0x20008603
10005edc:	10008d6c 	.word	0x10008d6c

10005ee0 <rp2040_usb_init>:
10005ee0:	2280      	movs	r2, #128	@ 0x80
10005ee2:	4b0a      	ldr	r3, [pc, #40]	@ (10005f0c <rp2040_usb_init+0x2c>)
10005ee4:	0452      	lsls	r2, r2, #17
10005ee6:	b510      	push	{r4, lr}
10005ee8:	601a      	str	r2, [r3, #0]
10005eea:	4b09      	ldr	r3, [pc, #36]	@ (10005f10 <rp2040_usb_init+0x30>)
10005eec:	4909      	ldr	r1, [pc, #36]	@ (10005f14 <rp2040_usb_init+0x34>)
10005eee:	601a      	str	r2, [r3, #0]
10005ef0:	0010      	movs	r0, r2
10005ef2:	680b      	ldr	r3, [r1, #0]
10005ef4:	4398      	bics	r0, r3
10005ef6:	d1fb      	bne.n	10005ef0 <rp2040_usb_init+0x10>
10005ef8:	2280      	movs	r2, #128	@ 0x80
10005efa:	2100      	movs	r1, #0
10005efc:	0152      	lsls	r2, r2, #5
10005efe:	4806      	ldr	r0, [pc, #24]	@ (10005f18 <rp2040_usb_init+0x38>)
10005f00:	f7fd f82a 	bl	10002f58 <__wrap_memset>
10005f04:	2209      	movs	r2, #9
10005f06:	4b05      	ldr	r3, [pc, #20]	@ (10005f1c <rp2040_usb_init+0x3c>)
10005f08:	675a      	str	r2, [r3, #116]	@ 0x74
10005f0a:	bd10      	pop	{r4, pc}
10005f0c:	4000e000 	.word	0x4000e000
10005f10:	4000f000 	.word	0x4000f000
10005f14:	4000c008 	.word	0x4000c008
10005f18:	50100000 	.word	0x50100000
10005f1c:	50110000 	.word	0x50110000

10005f20 <hw_endpoint_reset_transfer>:
10005f20:	2300      	movs	r3, #0
10005f22:	7683      	strb	r3, [r0, #26]
10005f24:	6143      	str	r3, [r0, #20]
10005f26:	6103      	str	r3, [r0, #16]
10005f28:	4770      	bx	lr
10005f2a:	46c0      	nop			@ (mov r8, r8)

10005f2c <hw_endpoint_start_next_buffer>:
10005f2c:	b5f8      	push	{r3, r4, r5, r6, r7, lr}
10005f2e:	46ce      	mov	lr, r9
10005f30:	4647      	mov	r7, r8
10005f32:	b580      	push	{r7, lr}
10005f34:	6843      	ldr	r3, [r0, #4]
10005f36:	8b02      	ldrh	r2, [r0, #24]
10005f38:	681d      	ldr	r5, [r3, #0]
10005f3a:	8a83      	ldrh	r3, [r0, #20]
10005f3c:	1c16      	adds	r6, r2, #0
10005f3e:	429a      	cmp	r2, r3
10005f40:	d900      	bls.n	10005f44 <hw_endpoint_start_next_buffer+0x18>
10005f42:	1c1e      	adds	r6, r3, #0
10005f44:	78c2      	ldrb	r2, [r0, #3]
10005f46:	2180      	movs	r1, #128	@ 0x80
10005f48:	0017      	movs	r7, r2
10005f4a:	1e7c      	subs	r4, r7, #1
10005f4c:	41a7      	sbcs	r7, r4
10005f4e:	b2b6      	uxth	r6, r6
10005f50:	00c9      	lsls	r1, r1, #3
10005f52:	4331      	orrs	r1, r6
10005f54:	037f      	lsls	r7, r7, #13
10005f56:	430f      	orrs	r7, r1
10005f58:	2101      	movs	r1, #1
10005f5a:	404a      	eors	r2, r1
10005f5c:	1b9b      	subs	r3, r3, r6
10005f5e:	70c2      	strb	r2, [r0, #3]
10005f60:	7842      	ldrb	r2, [r0, #1]
10005f62:	b29b      	uxth	r3, r3
10005f64:	8283      	strh	r3, [r0, #20]
10005f66:	2a00      	cmp	r2, #0
10005f68:	d132      	bne.n	10005fd0 <hw_endpoint_start_next_buffer+0xa4>
10005f6a:	1e74      	subs	r4, r6, #1
10005f6c:	46a0      	mov	r8, r4
10005f6e:	68c1      	ldr	r1, [r0, #12]
10005f70:	6902      	ldr	r2, [r0, #16]
10005f72:	2e00      	cmp	r6, #0
10005f74:	d027      	beq.n	10005fc6 <hw_endpoint_start_next_buffer+0x9a>
10005f76:	2c06      	cmp	r4, #6
10005f78:	d800      	bhi.n	10005f7c <hw_endpoint_start_next_buffer+0x50>
10005f7a:	e0b4      	b.n	100060e6 <hw_endpoint_start_next_buffer+0x1ba>
10005f7c:	000b      	movs	r3, r1
10005f7e:	4313      	orrs	r3, r2
10005f80:	079b      	lsls	r3, r3, #30
10005f82:	d000      	beq.n	10005f86 <hw_endpoint_start_next_buffer+0x5a>
10005f84:	e0af      	b.n	100060e6 <hw_endpoint_start_next_buffer+0x1ba>
10005f86:	1c53      	adds	r3, r2, #1
10005f88:	1acb      	subs	r3, r1, r3
10005f8a:	2b02      	cmp	r3, #2
10005f8c:	d800      	bhi.n	10005f90 <hw_endpoint_start_next_buffer+0x64>
10005f8e:	e0aa      	b.n	100060e6 <hw_endpoint_start_next_buffer+0x1ba>
10005f90:	08b3      	lsrs	r3, r6, #2
10005f92:	009b      	lsls	r3, r3, #2
10005f94:	469c      	mov	ip, r3
10005f96:	2300      	movs	r3, #0
10005f98:	58d4      	ldr	r4, [r2, r3]
10005f9a:	50cc      	str	r4, [r1, r3]
10005f9c:	3304      	adds	r3, #4
10005f9e:	4563      	cmp	r3, ip
10005fa0:	d1fa      	bne.n	10005f98 <hw_endpoint_start_next_buffer+0x6c>
10005fa2:	4644      	mov	r4, r8
10005fa4:	18c9      	adds	r1, r1, r3
10005fa6:	1ae4      	subs	r4, r4, r3
10005fa8:	18d2      	adds	r2, r2, r3
10005faa:	42b3      	cmp	r3, r6
10005fac:	d009      	beq.n	10005fc2 <hw_endpoint_start_next_buffer+0x96>
10005fae:	7813      	ldrb	r3, [r2, #0]
10005fb0:	700b      	strb	r3, [r1, #0]
10005fb2:	2c00      	cmp	r4, #0
10005fb4:	d005      	beq.n	10005fc2 <hw_endpoint_start_next_buffer+0x96>
10005fb6:	7853      	ldrb	r3, [r2, #1]
10005fb8:	704b      	strb	r3, [r1, #1]
10005fba:	2c01      	cmp	r4, #1
10005fbc:	d001      	beq.n	10005fc2 <hw_endpoint_start_next_buffer+0x96>
10005fbe:	7893      	ldrb	r3, [r2, #2]
10005fc0:	708b      	strb	r3, [r1, #2]
10005fc2:	6902      	ldr	r2, [r0, #16]
10005fc4:	8a83      	ldrh	r3, [r0, #20]
10005fc6:	1992      	adds	r2, r2, r6
10005fc8:	6102      	str	r2, [r0, #16]
10005fca:	2280      	movs	r2, #128	@ 0x80
10005fcc:	0212      	lsls	r2, r2, #8
10005fce:	4317      	orrs	r7, r2
10005fd0:	2b00      	cmp	r3, #0
10005fd2:	d102      	bne.n	10005fda <hw_endpoint_start_next_buffer+0xae>
10005fd4:	2280      	movs	r2, #128	@ 0x80
10005fd6:	01d2      	lsls	r2, r2, #7
10005fd8:	4317      	orrs	r7, r2
10005fda:	2280      	movs	r2, #128	@ 0x80
10005fdc:	494b      	ldr	r1, [pc, #300]	@ (1000610c <hw_endpoint_start_next_buffer+0x1e0>)
10005fde:	0152      	lsls	r2, r2, #5
10005fe0:	6c0c      	ldr	r4, [r1, #64]	@ 0x40
10005fe2:	433a      	orrs	r2, r7
10005fe4:	7881      	ldrb	r1, [r0, #2]
10005fe6:	07a4      	lsls	r4, r4, #30
10005fe8:	d51d      	bpl.n	10006026 <hw_endpoint_start_next_buffer+0xfa>
10005fea:	0649      	lsls	r1, r1, #25
10005fec:	d01d      	beq.n	1000602a <hw_endpoint_start_next_buffer+0xfe>
10005fee:	4b48      	ldr	r3, [pc, #288]	@ (10006110 <hw_endpoint_start_next_buffer+0x1e4>)
10005ff0:	401d      	ands	r5, r3
10005ff2:	2380      	movs	r3, #128	@ 0x80
10005ff4:	059b      	lsls	r3, r3, #22
10005ff6:	431d      	orrs	r5, r3
10005ff8:	6843      	ldr	r3, [r0, #4]
10005ffa:	601d      	str	r5, [r3, #0]
10005ffc:	6883      	ldr	r3, [r0, #8]
10005ffe:	6819      	ldr	r1, [r3, #0]
10006000:	0549      	lsls	r1, r1, #21
10006002:	d500      	bpl.n	10006006 <hw_endpoint_start_next_buffer+0xda>
10006004:	e07d      	b.n	10006102 <hw_endpoint_start_next_buffer+0x1d6>
10006006:	4943      	ldr	r1, [pc, #268]	@ (10006114 <hw_endpoint_start_next_buffer+0x1e8>)
10006008:	4011      	ands	r1, r2
1000600a:	6019      	str	r1, [r3, #0]
1000600c:	493f      	ldr	r1, [pc, #252]	@ (1000610c <hw_endpoint_start_next_buffer+0x1e0>)
1000600e:	6c09      	ldr	r1, [r1, #64]	@ 0x40
10006010:	0789      	lsls	r1, r1, #30
10006012:	d403      	bmi.n	1000601c <hw_endpoint_start_next_buffer+0xf0>
10006014:	230c      	movs	r3, #12
10006016:	3b03      	subs	r3, #3
10006018:	d2fd      	bcs.n	10006016 <hw_endpoint_start_next_buffer+0xea>
1000601a:	6883      	ldr	r3, [r0, #8]
1000601c:	601a      	str	r2, [r3, #0]
1000601e:	bcc0      	pop	{r6, r7}
10006020:	46b9      	mov	r9, r7
10006022:	46b0      	mov	r8, r6
10006024:	bdf8      	pop	{r3, r4, r5, r6, r7, pc}
10006026:	09c9      	lsrs	r1, r1, #7
10006028:	d0e1      	beq.n	10005fee <hw_endpoint_start_next_buffer+0xc2>
1000602a:	2b00      	cmp	r3, #0
1000602c:	d0df      	beq.n	10005fee <hw_endpoint_start_next_buffer+0xc2>
1000602e:	8b01      	ldrh	r1, [r0, #24]
10006030:	1c0c      	adds	r4, r1, #0
10006032:	4299      	cmp	r1, r3
10006034:	d900      	bls.n	10006038 <hw_endpoint_start_next_buffer+0x10c>
10006036:	1c1c      	adds	r4, r3, #0
10006038:	2680      	movs	r6, #128	@ 0x80
1000603a:	b2a1      	uxth	r1, r4
1000603c:	78c4      	ldrb	r4, [r0, #3]
1000603e:	00f6      	lsls	r6, r6, #3
10006040:	430e      	orrs	r6, r1
10006042:	1a5b      	subs	r3, r3, r1
10006044:	468c      	mov	ip, r1
10006046:	0021      	movs	r1, r4
10006048:	1e4f      	subs	r7, r1, #1
1000604a:	41b9      	sbcs	r1, r7
1000604c:	0349      	lsls	r1, r1, #13
1000604e:	4331      	orrs	r1, r6
10006050:	2601      	movs	r6, #1
10006052:	4074      	eors	r4, r6
10006054:	70c4      	strb	r4, [r0, #3]
10006056:	7844      	ldrb	r4, [r0, #1]
10006058:	b29b      	uxth	r3, r3
1000605a:	8283      	strh	r3, [r0, #20]
1000605c:	2c00      	cmp	r4, #0
1000605e:	d135      	bne.n	100060cc <hw_endpoint_start_next_buffer+0x1a0>
10006060:	2701      	movs	r7, #1
10006062:	427f      	negs	r7, r7
10006064:	4467      	add	r7, ip
10006066:	46b9      	mov	r9, r7
10006068:	4667      	mov	r7, ip
1000606a:	68c6      	ldr	r6, [r0, #12]
1000606c:	6904      	ldr	r4, [r0, #16]
1000606e:	3640      	adds	r6, #64	@ 0x40
10006070:	2f00      	cmp	r7, #0
10006072:	d026      	beq.n	100060c2 <hw_endpoint_start_next_buffer+0x196>
10006074:	464b      	mov	r3, r9
10006076:	2b06      	cmp	r3, #6
10006078:	d93c      	bls.n	100060f4 <hw_endpoint_start_next_buffer+0x1c8>
1000607a:	1c63      	adds	r3, r4, #1
1000607c:	1af3      	subs	r3, r6, r3
1000607e:	2b02      	cmp	r3, #2
10006080:	d938      	bls.n	100060f4 <hw_endpoint_start_next_buffer+0x1c8>
10006082:	0023      	movs	r3, r4
10006084:	4333      	orrs	r3, r6
10006086:	079b      	lsls	r3, r3, #30
10006088:	d134      	bne.n	100060f4 <hw_endpoint_start_next_buffer+0x1c8>
1000608a:	08bb      	lsrs	r3, r7, #2
1000608c:	009b      	lsls	r3, r3, #2
1000608e:	4698      	mov	r8, r3
10006090:	2300      	movs	r3, #0
10006092:	58e7      	ldr	r7, [r4, r3]
10006094:	50f7      	str	r7, [r6, r3]
10006096:	3304      	adds	r3, #4
10006098:	4598      	cmp	r8, r3
1000609a:	d1fa      	bne.n	10006092 <hw_endpoint_start_next_buffer+0x166>
1000609c:	464b      	mov	r3, r9
1000609e:	4647      	mov	r7, r8
100060a0:	4446      	add	r6, r8
100060a2:	1bdb      	subs	r3, r3, r7
100060a4:	4444      	add	r4, r8
100060a6:	45e0      	cmp	r8, ip
100060a8:	d009      	beq.n	100060be <hw_endpoint_start_next_buffer+0x192>
100060aa:	7827      	ldrb	r7, [r4, #0]
100060ac:	7037      	strb	r7, [r6, #0]
100060ae:	2b00      	cmp	r3, #0
100060b0:	d005      	beq.n	100060be <hw_endpoint_start_next_buffer+0x192>
100060b2:	7867      	ldrb	r7, [r4, #1]
100060b4:	7077      	strb	r7, [r6, #1]
100060b6:	2b01      	cmp	r3, #1
100060b8:	d001      	beq.n	100060be <hw_endpoint_start_next_buffer+0x192>
100060ba:	78a3      	ldrb	r3, [r4, #2]
100060bc:	70b3      	strb	r3, [r6, #2]
100060be:	6904      	ldr	r4, [r0, #16]
100060c0:	8a83      	ldrh	r3, [r0, #20]
100060c2:	4464      	add	r4, ip
100060c4:	6104      	str	r4, [r0, #16]
100060c6:	2480      	movs	r4, #128	@ 0x80
100060c8:	0224      	lsls	r4, r4, #8
100060ca:	4321      	orrs	r1, r4
100060cc:	2b00      	cmp	r3, #0
100060ce:	d102      	bne.n	100060d6 <hw_endpoint_start_next_buffer+0x1aa>
100060d0:	2380      	movs	r3, #128	@ 0x80
100060d2:	01db      	lsls	r3, r3, #7
100060d4:	4319      	orrs	r1, r3
100060d6:	4b10      	ldr	r3, [pc, #64]	@ (10006118 <hw_endpoint_start_next_buffer+0x1ec>)
100060d8:	0409      	lsls	r1, r1, #16
100060da:	402b      	ands	r3, r5
100060dc:	25a0      	movs	r5, #160	@ 0xa0
100060de:	05ed      	lsls	r5, r5, #23
100060e0:	430a      	orrs	r2, r1
100060e2:	431d      	orrs	r5, r3
100060e4:	e788      	b.n	10005ff8 <hw_endpoint_start_next_buffer+0xcc>
100060e6:	2300      	movs	r3, #0
100060e8:	5cd4      	ldrb	r4, [r2, r3]
100060ea:	54cc      	strb	r4, [r1, r3]
100060ec:	3301      	adds	r3, #1
100060ee:	429e      	cmp	r6, r3
100060f0:	d1fa      	bne.n	100060e8 <hw_endpoint_start_next_buffer+0x1bc>
100060f2:	e766      	b.n	10005fc2 <hw_endpoint_start_next_buffer+0x96>
100060f4:	2300      	movs	r3, #0
100060f6:	5ce7      	ldrb	r7, [r4, r3]
100060f8:	54f7      	strb	r7, [r6, r3]
100060fa:	3301      	adds	r3, #1
100060fc:	459c      	cmp	ip, r3
100060fe:	d1fa      	bne.n	100060f6 <hw_endpoint_start_next_buffer+0x1ca>
10006100:	e7dd      	b.n	100060be <hw_endpoint_start_next_buffer+0x192>
10006102:	7881      	ldrb	r1, [r0, #2]
10006104:	4805      	ldr	r0, [pc, #20]	@ (1000611c <hw_endpoint_start_next_buffer+0x1f0>)
10006106:	f7fa fda3 	bl	10000c50 <panic>
1000610a:	46c0      	nop			@ (mov r8, r8)
1000610c:	50110000 	.word	0x50110000
10006110:	afffffff 	.word	0xafffffff
10006114:	fffffbff 	.word	0xfffffbff
10006118:	dfffffff 	.word	0xdfffffff
1000611c:	10008d7c 	.word	0x10008d7c

10006120 <hw_endpoint_xfer_start>:
10006120:	2300      	movs	r3, #0
10006122:	b510      	push	{r4, lr}
10006124:	82c3      	strh	r3, [r0, #22]
10006126:	3301      	adds	r3, #1
10006128:	8282      	strh	r2, [r0, #20]
1000612a:	7683      	strb	r3, [r0, #26]
1000612c:	6101      	str	r1, [r0, #16]
1000612e:	f7ff fefd 	bl	10005f2c <hw_endpoint_start_next_buffer>
10006132:	bd10      	pop	{r4, pc}

10006134 <hw_endpoint_xfer_continue>:
10006134:	b5f8      	push	{r3, r4, r5, r6, r7, lr}
10006136:	46ce      	mov	lr, r9
10006138:	4647      	mov	r7, r8
1000613a:	b580      	push	{r7, lr}
1000613c:	0002      	movs	r2, r0
1000613e:	7e80      	ldrb	r0, [r0, #26]
10006140:	2800      	cmp	r0, #0
10006142:	d100      	bne.n	10006146 <hw_endpoint_xfer_continue+0x12>
10006144:	e0aa      	b.n	1000629c <hw_endpoint_xfer_continue+0x168>
10006146:	6893      	ldr	r3, [r2, #8]
10006148:	6819      	ldr	r1, [r3, #0]
1000614a:	6819      	ldr	r1, [r3, #0]
1000614c:	7853      	ldrb	r3, [r2, #1]
1000614e:	0589      	lsls	r1, r1, #22
10006150:	0d8f      	lsrs	r7, r1, #22
10006152:	2b00      	cmp	r3, #0
10006154:	d03f      	beq.n	100061d6 <hw_endpoint_xfer_continue+0xa2>
10006156:	1e7b      	subs	r3, r7, #1
10006158:	469c      	mov	ip, r3
1000615a:	6914      	ldr	r4, [r2, #16]
1000615c:	68d5      	ldr	r5, [r2, #12]
1000615e:	2f00      	cmp	r7, #0
10006160:	d022      	beq.n	100061a8 <hw_endpoint_xfer_continue+0x74>
10006162:	2b06      	cmp	r3, #6
10006164:	d956      	bls.n	10006214 <hw_endpoint_xfer_continue+0xe0>
10006166:	0023      	movs	r3, r4
10006168:	432b      	orrs	r3, r5
1000616a:	079b      	lsls	r3, r3, #30
1000616c:	d152      	bne.n	10006214 <hw_endpoint_xfer_continue+0xe0>
1000616e:	1c6b      	adds	r3, r5, #1
10006170:	1ae3      	subs	r3, r4, r3
10006172:	2b02      	cmp	r3, #2
10006174:	d94e      	bls.n	10006214 <hw_endpoint_xfer_continue+0xe0>
10006176:	2300      	movs	r3, #0
10006178:	0e09      	lsrs	r1, r1, #24
1000617a:	0089      	lsls	r1, r1, #2
1000617c:	58ee      	ldr	r6, [r5, r3]
1000617e:	50e6      	str	r6, [r4, r3]
10006180:	3304      	adds	r3, #4
10006182:	428b      	cmp	r3, r1
10006184:	d1fa      	bne.n	1000617c <hw_endpoint_xfer_continue+0x48>
10006186:	4661      	mov	r1, ip
10006188:	18e4      	adds	r4, r4, r3
1000618a:	1ac9      	subs	r1, r1, r3
1000618c:	18ed      	adds	r5, r5, r3
1000618e:	429f      	cmp	r7, r3
10006190:	d009      	beq.n	100061a6 <hw_endpoint_xfer_continue+0x72>
10006192:	782b      	ldrb	r3, [r5, #0]
10006194:	7023      	strb	r3, [r4, #0]
10006196:	2900      	cmp	r1, #0
10006198:	d005      	beq.n	100061a6 <hw_endpoint_xfer_continue+0x72>
1000619a:	786b      	ldrb	r3, [r5, #1]
1000619c:	7063      	strb	r3, [r4, #1]
1000619e:	2901      	cmp	r1, #1
100061a0:	d001      	beq.n	100061a6 <hw_endpoint_xfer_continue+0x72>
100061a2:	78ab      	ldrb	r3, [r5, #2]
100061a4:	70a3      	strb	r3, [r4, #2]
100061a6:	6914      	ldr	r4, [r2, #16]
100061a8:	8ad3      	ldrh	r3, [r2, #22]
100061aa:	8b11      	ldrh	r1, [r2, #24]
100061ac:	18fb      	adds	r3, r7, r3
100061ae:	19e4      	adds	r4, r4, r7
100061b0:	b29b      	uxth	r3, r3
100061b2:	6114      	str	r4, [r2, #16]
100061b4:	82d3      	strh	r3, [r2, #22]
100061b6:	6854      	ldr	r4, [r2, #4]
100061b8:	428f      	cmp	r7, r1
100061ba:	d314      	bcc.n	100061e6 <hw_endpoint_xfer_continue+0xb2>
100061bc:	6824      	ldr	r4, [r4, #0]
100061be:	0064      	lsls	r4, r4, #1
100061c0:	d501      	bpl.n	100061c6 <hw_endpoint_xfer_continue+0x92>
100061c2:	428f      	cmp	r7, r1
100061c4:	d016      	beq.n	100061f4 <hw_endpoint_xfer_continue+0xc0>
100061c6:	8a93      	ldrh	r3, [r2, #20]
100061c8:	2b00      	cmp	r3, #0
100061ca:	d00f      	beq.n	100061ec <hw_endpoint_xfer_continue+0xb8>
100061cc:	0010      	movs	r0, r2
100061ce:	f7ff fead 	bl	10005f2c <hw_endpoint_start_next_buffer>
100061d2:	2000      	movs	r0, #0
100061d4:	e00a      	b.n	100061ec <hw_endpoint_xfer_continue+0xb8>
100061d6:	8ad3      	ldrh	r3, [r2, #22]
100061d8:	8b11      	ldrh	r1, [r2, #24]
100061da:	18fb      	adds	r3, r7, r3
100061dc:	b29b      	uxth	r3, r3
100061de:	6854      	ldr	r4, [r2, #4]
100061e0:	82d3      	strh	r3, [r2, #22]
100061e2:	428f      	cmp	r7, r1
100061e4:	d2ea      	bcs.n	100061bc <hw_endpoint_xfer_continue+0x88>
100061e6:	2300      	movs	r3, #0
100061e8:	8293      	strh	r3, [r2, #20]
100061ea:	6823      	ldr	r3, [r4, #0]
100061ec:	bcc0      	pop	{r6, r7}
100061ee:	46b9      	mov	r9, r7
100061f0:	46b0      	mov	r8, r6
100061f2:	bdf8      	pop	{r3, r4, r5, r6, r7, pc}
100061f4:	6894      	ldr	r4, [r2, #8]
100061f6:	7856      	ldrb	r6, [r2, #1]
100061f8:	6824      	ldr	r4, [r4, #0]
100061fa:	0c24      	lsrs	r4, r4, #16
100061fc:	05a4      	lsls	r4, r4, #22
100061fe:	46a1      	mov	r9, r4
10006200:	0da5      	lsrs	r5, r4, #22
10006202:	2e00      	cmp	r6, #0
10006204:	d10d      	bne.n	10006222 <hw_endpoint_xfer_continue+0xee>
10006206:	195b      	adds	r3, r3, r5
10006208:	82d3      	strh	r3, [r2, #22]
1000620a:	428d      	cmp	r5, r1
1000620c:	d2db      	bcs.n	100061c6 <hw_endpoint_xfer_continue+0x92>
1000620e:	2300      	movs	r3, #0
10006210:	8293      	strh	r3, [r2, #20]
10006212:	e7eb      	b.n	100061ec <hw_endpoint_xfer_continue+0xb8>
10006214:	2300      	movs	r3, #0
10006216:	5ce9      	ldrb	r1, [r5, r3]
10006218:	54e1      	strb	r1, [r4, r3]
1000621a:	3301      	adds	r3, #1
1000621c:	429f      	cmp	r7, r3
1000621e:	d1fa      	bne.n	10006216 <hw_endpoint_xfer_continue+0xe2>
10006220:	e7c1      	b.n	100061a6 <hw_endpoint_xfer_continue+0x72>
10006222:	68d7      	ldr	r7, [r2, #12]
10006224:	1e6c      	subs	r4, r5, #1
10006226:	46b8      	mov	r8, r7
10006228:	46a4      	mov	ip, r4
1000622a:	6916      	ldr	r6, [r2, #16]
1000622c:	3740      	adds	r7, #64	@ 0x40
1000622e:	2d00      	cmp	r5, #0
10006230:	d028      	beq.n	10006284 <hw_endpoint_xfer_continue+0x150>
10006232:	2c06      	cmp	r4, #6
10006234:	d92b      	bls.n	1000628e <hw_endpoint_xfer_continue+0x15a>
10006236:	4643      	mov	r3, r8
10006238:	3341      	adds	r3, #65	@ 0x41
1000623a:	1af3      	subs	r3, r6, r3
1000623c:	2b02      	cmp	r3, #2
1000623e:	d926      	bls.n	1000628e <hw_endpoint_xfer_continue+0x15a>
10006240:	003b      	movs	r3, r7
10006242:	4333      	orrs	r3, r6
10006244:	079b      	lsls	r3, r3, #30
10006246:	d122      	bne.n	1000628e <hw_endpoint_xfer_continue+0x15a>
10006248:	464b      	mov	r3, r9
1000624a:	0e19      	lsrs	r1, r3, #24
1000624c:	2300      	movs	r3, #0
1000624e:	0089      	lsls	r1, r1, #2
10006250:	58fc      	ldr	r4, [r7, r3]
10006252:	50f4      	str	r4, [r6, r3]
10006254:	3304      	adds	r3, #4
10006256:	428b      	cmp	r3, r1
10006258:	d1fa      	bne.n	10006250 <hw_endpoint_xfer_continue+0x11c>
1000625a:	429d      	cmp	r5, r3
1000625c:	d00f      	beq.n	1000627e <hw_endpoint_xfer_continue+0x14a>
1000625e:	4661      	mov	r1, ip
10006260:	5cfc      	ldrb	r4, [r7, r3]
10006262:	1ac9      	subs	r1, r1, r3
10006264:	18f6      	adds	r6, r6, r3
10006266:	4688      	mov	r8, r1
10006268:	7034      	strb	r4, [r6, #0]
1000626a:	18f9      	adds	r1, r7, r3
1000626c:	459c      	cmp	ip, r3
1000626e:	d006      	beq.n	1000627e <hw_endpoint_xfer_continue+0x14a>
10006270:	784b      	ldrb	r3, [r1, #1]
10006272:	7073      	strb	r3, [r6, #1]
10006274:	4643      	mov	r3, r8
10006276:	2b01      	cmp	r3, #1
10006278:	d001      	beq.n	1000627e <hw_endpoint_xfer_continue+0x14a>
1000627a:	788b      	ldrb	r3, [r1, #2]
1000627c:	70b3      	strb	r3, [r6, #2]
1000627e:	8ad3      	ldrh	r3, [r2, #22]
10006280:	6916      	ldr	r6, [r2, #16]
10006282:	8b11      	ldrh	r1, [r2, #24]
10006284:	18eb      	adds	r3, r5, r3
10006286:	1976      	adds	r6, r6, r5
10006288:	82d3      	strh	r3, [r2, #22]
1000628a:	6116      	str	r6, [r2, #16]
1000628c:	e7bd      	b.n	1000620a <hw_endpoint_xfer_continue+0xd6>
1000628e:	2100      	movs	r1, #0
10006290:	5c7b      	ldrb	r3, [r7, r1]
10006292:	5473      	strb	r3, [r6, r1]
10006294:	3101      	adds	r1, #1
10006296:	428d      	cmp	r5, r1
10006298:	d1fa      	bne.n	10006290 <hw_endpoint_xfer_continue+0x15c>
1000629a:	e7f0      	b.n	1000627e <hw_endpoint_xfer_continue+0x14a>
1000629c:	7891      	ldrb	r1, [r2, #2]
1000629e:	4801      	ldr	r0, [pc, #4]	@ (100062a4 <hw_endpoint_xfer_continue+0x170>)
100062a0:	f7fa fcd6 	bl	10000c50 <panic>
100062a4:	10008d9c 	.word	0x10008d9c

100062a8 <_control_blocking_complete_cb>:
100062a8:	78c2      	ldrb	r2, [r0, #3]
100062aa:	6943      	ldr	r3, [r0, #20]
100062ac:	701a      	strb	r2, [r3, #0]
100062ae:	4770      	bx	lr

100062b0 <process_removing_device>:
100062b0:	b5f8      	push	{r3, r4, r5, r6, r7, lr}
100062b2:	4647      	mov	r7, r8
100062b4:	46ce      	mov	lr, r9
100062b6:	4680      	mov	r8, r0
100062b8:	4d2f      	ldr	r5, [pc, #188]	@ (10006378 <process_removing_device+0xc8>)
100062ba:	4c30      	ldr	r4, [pc, #192]	@ (1000637c <process_removing_device+0xcc>)
100062bc:	782b      	ldrb	r3, [r5, #0]
100062be:	b580      	push	{r7, lr}
100062c0:	46a1      	mov	r9, r4
100062c2:	482f      	ldr	r0, [pc, #188]	@ (10006380 <process_removing_device+0xd0>)
100062c4:	4f2f      	ldr	r7, [pc, #188]	@ (10006384 <process_removing_device+0xd4>)
100062c6:	4598      	cmp	r8, r3
100062c8:	d102      	bne.n	100062d0 <process_removing_device+0x20>
100062ca:	792b      	ldrb	r3, [r5, #4]
100062cc:	07db      	lsls	r3, r3, #31
100062ce:	d403      	bmi.n	100062d8 <process_removing_device+0x28>
100062d0:	bcc0      	pop	{r6, r7}
100062d2:	46b9      	mov	r9, r7
100062d4:	46b0      	mov	r8, r6
100062d6:	bdf8      	pop	{r3, r4, r5, r6, r7, pc}
100062d8:	2900      	cmp	r1, #0
100062da:	d002      	beq.n	100062e2 <process_removing_device+0x32>
100062dc:	786b      	ldrb	r3, [r5, #1]
100062de:	428b      	cmp	r3, r1
100062e0:	d1f6      	bne.n	100062d0 <process_removing_device+0x20>
100062e2:	2a00      	cmp	r2, #0
100062e4:	d002      	beq.n	100062ec <process_removing_device+0x3c>
100062e6:	78ab      	ldrb	r3, [r5, #2]
100062e8:	4293      	cmp	r3, r2
100062ea:	d1f1      	bne.n	100062d0 <process_removing_device+0x20>
100062ec:	2800      	cmp	r0, #0
100062ee:	d002      	beq.n	100062f6 <process_removing_device+0x46>
100062f0:	2001      	movs	r0, #1
100062f2:	e000      	b.n	100062f6 <process_removing_device+0x46>
100062f4:	bf00      	nop
100062f6:	464b      	mov	r3, r9
100062f8:	781a      	ldrb	r2, [r3, #0]
100062fa:	2a00      	cmp	r2, #0
100062fc:	d014      	beq.n	10006328 <process_removing_device+0x78>
100062fe:	683b      	ldr	r3, [r7, #0]
10006300:	2b00      	cmp	r3, #0
10006302:	d136      	bne.n	10006372 <process_removing_device+0xc2>
10006304:	2a01      	cmp	r2, #1
10006306:	d00f      	beq.n	10006328 <process_removing_device+0x78>
10006308:	2401      	movs	r4, #1
1000630a:	261c      	movs	r6, #28
1000630c:	231c      	movs	r3, #28
1000630e:	e001      	b.n	10006314 <process_removing_device+0x64>
10006310:	683b      	ldr	r3, [r7, #0]
10006312:	199b      	adds	r3, r3, r6
10006314:	699b      	ldr	r3, [r3, #24]
10006316:	2001      	movs	r0, #1
10006318:	4798      	blx	r3
1000631a:	464b      	mov	r3, r9
1000631c:	3401      	adds	r4, #1
1000631e:	781b      	ldrb	r3, [r3, #0]
10006320:	b2e4      	uxtb	r4, r4
10006322:	361c      	adds	r6, #28
10006324:	42a3      	cmp	r3, r4
10006326:	d8f3      	bhi.n	10006310 <process_removing_device+0x60>
10006328:	2101      	movs	r1, #1
1000632a:	4640      	mov	r0, r8
1000632c:	f7ff f874 	bl	10005418 <hcd_device_close>
10006330:	2256      	movs	r2, #86	@ 0x56
10006332:	2100      	movs	r1, #0
10006334:	0028      	movs	r0, r5
10006336:	f7fc fe0f 	bl	10002f58 <__wrap_memset>
1000633a:	0028      	movs	r0, r5
1000633c:	2208      	movs	r2, #8
1000633e:	21ff      	movs	r1, #255	@ 0xff
10006340:	300d      	adds	r0, #13
10006342:	f7fc fe09 	bl	10002f58 <__wrap_memset>
10006346:	0028      	movs	r0, r5
10006348:	2220      	movs	r2, #32
1000634a:	21ff      	movs	r1, #255	@ 0xff
1000634c:	3015      	adds	r0, #21
1000634e:	f7fc fe03 	bl	10002f58 <__wrap_memset>
10006352:	4c0d      	ldr	r4, [pc, #52]	@ (10006388 <process_removing_device+0xd8>)
10006354:	7b23      	ldrb	r3, [r4, #12]
10006356:	2b01      	cmp	r3, #1
10006358:	d1ba      	bne.n	100062d0 <process_removing_device+0x20>
1000635a:	2101      	movs	r1, #1
1000635c:	4d0b      	ldr	r5, [pc, #44]	@ (1000638c <process_removing_device+0xdc>)
1000635e:	4249      	negs	r1, r1
10006360:	6828      	ldr	r0, [r5, #0]
10006362:	f002 fb21 	bl	100089a8 <__mutex_enter_timeout_ms_veneer>
10006366:	2300      	movs	r3, #0
10006368:	6828      	ldr	r0, [r5, #0]
1000636a:	7363      	strb	r3, [r4, #13]
1000636c:	f002 fb04 	bl	10008978 <__mutex_exit_veneer>
10006370:	e7ae      	b.n	100062d0 <process_removing_device+0x20>
10006372:	2400      	movs	r4, #0
10006374:	2600      	movs	r6, #0
10006376:	e7cd      	b.n	10006314 <process_removing_device+0x64>
10006378:	20000a28 	.word	0x20000a28
1000637c:	2000137c 	.word	0x2000137c
10006380:	00000000 	.word	0x00000000
10006384:	20000a10 	.word	0x20000a10
10006388:	20000a14 	.word	0x20000a14
1000638c:	20000c88 	.word	0x20000c88

10006390 <usbh_control_xfer_cb.isra.0>:
10006390:	b5f0      	push	{r4, r5, r6, r7, lr}
10006392:	4645      	mov	r5, r8
10006394:	46de      	mov	lr, fp
10006396:	4657      	mov	r7, sl
10006398:	464e      	mov	r6, r9
1000639a:	b5e0      	push	{r5, r6, r7, lr}
1000639c:	0004      	movs	r4, r0
1000639e:	000d      	movs	r5, r1
100063a0:	b08d      	sub	sp, #52	@ 0x34
100063a2:	2801      	cmp	r0, #1
100063a4:	d15f      	bne.n	10006466 <usbh_control_xfer_cb.isra.0+0xd6>
100063a6:	4b7a      	ldr	r3, [pc, #488]	@ (10006590 <usbh_control_xfer_cb.isra.0+0x200>)
100063a8:	781f      	ldrb	r7, [r3, #0]
100063aa:	2d00      	cmp	r5, #0
100063ac:	d130      	bne.n	10006410 <usbh_control_xfer_cb.isra.0+0x80>
100063ae:	4d79      	ldr	r5, [pc, #484]	@ (10006594 <usbh_control_xfer_cb.isra.0+0x204>)
100063b0:	7b6b      	ldrb	r3, [r5, #13]
100063b2:	b2d9      	uxtb	r1, r3
100063b4:	2b02      	cmp	r3, #2
100063b6:	d100      	bne.n	100063ba <usbh_control_xfer_cb.isra.0+0x2a>
100063b8:	e086      	b.n	100064c8 <usbh_control_xfer_cb.isra.0+0x138>
100063ba:	2903      	cmp	r1, #3
100063bc:	d056      	beq.n	1000646c <usbh_control_xfer_cb.isra.0+0xdc>
100063be:	2901      	cmp	r1, #1
100063c0:	d11f      	bne.n	10006402 <usbh_control_xfer_cb.isra.0+0x72>
100063c2:	4e75      	ldr	r6, [pc, #468]	@ (10006598 <usbh_control_xfer_cb.isra.0+0x208>)
100063c4:	88f3      	ldrh	r3, [r6, #6]
100063c6:	2b00      	cmp	r3, #0
100063c8:	d000      	beq.n	100063cc <usbh_control_xfer_cb.isra.0+0x3c>
100063ca:	e0ca      	b.n	10006562 <usbh_control_xfer_cb.isra.0+0x1d2>
100063cc:	2101      	movs	r1, #1
100063ce:	4b73      	ldr	r3, [pc, #460]	@ (1000659c <usbh_control_xfer_cb.isra.0+0x20c>)
100063d0:	b292      	uxth	r2, r2
100063d2:	4249      	negs	r1, r1
100063d4:	6818      	ldr	r0, [r3, #0]
100063d6:	4698      	mov	r8, r3
100063d8:	81ea      	strh	r2, [r5, #14]
100063da:	f002 fae5 	bl	100089a8 <__mutex_enter_timeout_ms_veneer>
100063de:	2303      	movs	r3, #3
100063e0:	736b      	strb	r3, [r5, #13]
100063e2:	4643      	mov	r3, r8
100063e4:	6818      	ldr	r0, [r3, #0]
100063e6:	f002 fac7 	bl	10008978 <__mutex_exit_veneer>
100063ea:	2301      	movs	r3, #1
100063ec:	7832      	ldrb	r2, [r6, #0]
100063ee:	0021      	movs	r1, r4
100063f0:	09d2      	lsrs	r2, r2, #7
100063f2:	405a      	eors	r2, r3
100063f4:	2300      	movs	r3, #0
100063f6:	01d2      	lsls	r2, r2, #7
100063f8:	0038      	movs	r0, r7
100063fa:	b2d2      	uxtb	r2, r2
100063fc:	9300      	str	r3, [sp, #0]
100063fe:	f7ff fb63 	bl	10005ac8 <hcd_edpt_xfer>
10006402:	b00d      	add	sp, #52	@ 0x34
10006404:	bcf0      	pop	{r4, r5, r6, r7}
10006406:	46bb      	mov	fp, r7
10006408:	46b2      	mov	sl, r6
1000640a:	46a9      	mov	r9, r5
1000640c:	46a0      	mov	r8, r4
1000640e:	bdf0      	pop	{r4, r5, r6, r7, pc}
10006410:	af04      	add	r7, sp, #16
10006412:	003a      	movs	r2, r7
10006414:	4b60      	ldr	r3, [pc, #384]	@ (10006598 <usbh_control_xfer_cb.isra.0+0x208>)
10006416:	cb03      	ldmia	r3!, {r0, r1}
10006418:	c203      	stmia	r2!, {r0, r1}
1000641a:	ab02      	add	r3, sp, #8
1000641c:	469c      	mov	ip, r3
1000641e:	2011      	movs	r0, #17
10006420:	0016      	movs	r6, r2
10006422:	4460      	add	r0, ip
10006424:	2202      	movs	r2, #2
10006426:	2100      	movs	r1, #0
10006428:	f7fc fd96 	bl	10002f58 <__wrap_memset>
1000642c:	2101      	movs	r1, #1
1000642e:	7034      	strb	r4, [r6, #0]
10006430:	4c58      	ldr	r4, [pc, #352]	@ (10006594 <usbh_control_xfer_cb.isra.0+0x204>)
10006432:	70f5      	strb	r5, [r6, #3]
10006434:	89e3      	ldrh	r3, [r4, #14]
10006436:	4d59      	ldr	r5, [pc, #356]	@ (1000659c <usbh_control_xfer_cb.isra.0+0x20c>)
10006438:	6073      	str	r3, [r6, #4]
1000643a:	6823      	ldr	r3, [r4, #0]
1000643c:	4249      	negs	r1, r1
1000643e:	60f3      	str	r3, [r6, #12]
10006440:	6863      	ldr	r3, [r4, #4]
10006442:	6828      	ldr	r0, [r5, #0]
10006444:	6133      	str	r3, [r6, #16]
10006446:	68a3      	ldr	r3, [r4, #8]
10006448:	60b7      	str	r7, [r6, #8]
1000644a:	6173      	str	r3, [r6, #20]
1000644c:	f002 faac 	bl	100089a8 <__mutex_enter_timeout_ms_veneer>
10006450:	2300      	movs	r3, #0
10006452:	6828      	ldr	r0, [r5, #0]
10006454:	7363      	strb	r3, [r4, #13]
10006456:	f002 fa8f 	bl	10008978 <__mutex_exit_veneer>
1000645a:	6933      	ldr	r3, [r6, #16]
1000645c:	2b00      	cmp	r3, #0
1000645e:	d0d0      	beq.n	10006402 <usbh_control_xfer_cb.isra.0+0x72>
10006460:	0030      	movs	r0, r6
10006462:	4798      	blx	r3
10006464:	e7cd      	b.n	10006402 <usbh_control_xfer_cb.isra.0+0x72>
10006466:	4b4e      	ldr	r3, [pc, #312]	@ (100065a0 <usbh_control_xfer_cb.isra.0+0x210>)
10006468:	781f      	ldrb	r7, [r3, #0]
1000646a:	e79e      	b.n	100063aa <usbh_control_xfer_cb.isra.0+0x1a>
1000646c:	4e4a      	ldr	r6, [pc, #296]	@ (10006598 <usbh_control_xfer_cb.isra.0+0x208>)
1000646e:	7873      	ldrb	r3, [r6, #1]
10006470:	2b09      	cmp	r3, #9
10006472:	d02b      	beq.n	100064cc <usbh_control_xfer_cb.isra.0+0x13c>
10006474:	4b49      	ldr	r3, [pc, #292]	@ (1000659c <usbh_control_xfer_cb.isra.0+0x20c>)
10006476:	469a      	mov	sl, r3
10006478:	af04      	add	r7, sp, #16
1000647a:	003b      	movs	r3, r7
1000647c:	ce06      	ldmia	r6!, {r1, r2}
1000647e:	c306      	stmia	r3!, {r1, r2}
10006480:	001e      	movs	r6, r3
10006482:	ab02      	add	r3, sp, #8
10006484:	469c      	mov	ip, r3
10006486:	2011      	movs	r0, #17
10006488:	2202      	movs	r2, #2
1000648a:	4460      	add	r0, ip
1000648c:	2100      	movs	r1, #0
1000648e:	f7fc fd63 	bl	10002f58 <__wrap_memset>
10006492:	7034      	strb	r4, [r6, #0]
10006494:	2400      	movs	r4, #0
10006496:	70f4      	strb	r4, [r6, #3]
10006498:	89eb      	ldrh	r3, [r5, #14]
1000649a:	2101      	movs	r1, #1
1000649c:	6073      	str	r3, [r6, #4]
1000649e:	682b      	ldr	r3, [r5, #0]
100064a0:	4249      	negs	r1, r1
100064a2:	60f3      	str	r3, [r6, #12]
100064a4:	686b      	ldr	r3, [r5, #4]
100064a6:	60b7      	str	r7, [r6, #8]
100064a8:	6133      	str	r3, [r6, #16]
100064aa:	68ab      	ldr	r3, [r5, #8]
100064ac:	6173      	str	r3, [r6, #20]
100064ae:	4653      	mov	r3, sl
100064b0:	6818      	ldr	r0, [r3, #0]
100064b2:	f002 fa79 	bl	100089a8 <__mutex_enter_timeout_ms_veneer>
100064b6:	4653      	mov	r3, sl
100064b8:	6818      	ldr	r0, [r3, #0]
100064ba:	736c      	strb	r4, [r5, #13]
100064bc:	f002 fa5c 	bl	10008978 <__mutex_exit_veneer>
100064c0:	6933      	ldr	r3, [r6, #16]
100064c2:	2b00      	cmp	r3, #0
100064c4:	d1cc      	bne.n	10006460 <usbh_control_xfer_cb.isra.0+0xd0>
100064c6:	e79c      	b.n	10006402 <usbh_control_xfer_cb.isra.0+0x72>
100064c8:	4e33      	ldr	r6, [pc, #204]	@ (10006598 <usbh_control_xfer_cb.isra.0+0x208>)
100064ca:	e77f      	b.n	100063cc <usbh_control_xfer_cb.isra.0+0x3c>
100064cc:	7833      	ldrb	r3, [r6, #0]
100064ce:	2b00      	cmp	r3, #0
100064d0:	d1d0      	bne.n	10006474 <usbh_control_xfer_cb.isra.0+0xe4>
100064d2:	2c01      	cmp	r4, #1
100064d4:	d1ce      	bne.n	10006474 <usbh_control_xfer_cb.isra.0+0xe4>
100064d6:	4b33      	ldr	r3, [pc, #204]	@ (100065a4 <usbh_control_xfer_cb.isra.0+0x214>)
100064d8:	9403      	str	r4, [sp, #12]
100064da:	4699      	mov	r9, r3
100064dc:	2301      	movs	r3, #1
100064de:	4698      	mov	r8, r3
100064e0:	3b39      	subs	r3, #57	@ 0x39
100064e2:	444b      	add	r3, r9
100064e4:	469b      	mov	fp, r3
100064e6:	4b2d      	ldr	r3, [pc, #180]	@ (1000659c <usbh_control_xfer_cb.isra.0+0x20c>)
100064e8:	4647      	mov	r7, r8
100064ea:	469a      	mov	sl, r3
100064ec:	002b      	movs	r3, r5
100064ee:	46b0      	mov	r8, r6
100064f0:	464d      	mov	r5, r9
100064f2:	4699      	mov	r9, r3
100064f4:	003c      	movs	r4, r7
100064f6:	3418      	adds	r4, #24
100064f8:	0064      	lsls	r4, r4, #1
100064fa:	445c      	add	r4, fp
100064fc:	7963      	ldrb	r3, [r4, #5]
100064fe:	b2fe      	uxtb	r6, r7
10006500:	07db      	lsls	r3, r3, #31
10006502:	d50e      	bpl.n	10006522 <usbh_control_xfer_cb.isra.0+0x192>
10006504:	465b      	mov	r3, fp
10006506:	0032      	movs	r2, r6
10006508:	2101      	movs	r1, #1
1000650a:	7818      	ldrb	r0, [r3, #0]
1000650c:	f7ff fc88 	bl	10005e20 <hcd_edpt_abort_xfer>
10006510:	2201      	movs	r2, #1
10006512:	7963      	ldrb	r3, [r4, #5]
10006514:	1e68      	subs	r0, r5, #1
10006516:	4393      	bics	r3, r2
10006518:	7163      	strb	r3, [r4, #5]
1000651a:	4653      	mov	r3, sl
1000651c:	6819      	ldr	r1, [r3, #0]
1000651e:	f000 fead 	bl	1000727c <tu_edpt_release>
10006522:	007c      	lsls	r4, r7, #1
10006524:	445c      	add	r4, fp
10006526:	3431      	adds	r4, #49	@ 0x31
10006528:	7963      	ldrb	r3, [r4, #5]
1000652a:	07db      	lsls	r3, r3, #31
1000652c:	d511      	bpl.n	10006552 <usbh_control_xfer_cb.isra.0+0x1c2>
1000652e:	2380      	movs	r3, #128	@ 0x80
10006530:	425b      	negs	r3, r3
10006532:	431e      	orrs	r6, r3
10006534:	465b      	mov	r3, fp
10006536:	2101      	movs	r1, #1
10006538:	7818      	ldrb	r0, [r3, #0]
1000653a:	b2f2      	uxtb	r2, r6
1000653c:	f7ff fc70 	bl	10005e20 <hcd_edpt_abort_xfer>
10006540:	2201      	movs	r2, #1
10006542:	7963      	ldrb	r3, [r4, #5]
10006544:	0028      	movs	r0, r5
10006546:	4393      	bics	r3, r2
10006548:	7163      	strb	r3, [r4, #5]
1000654a:	4653      	mov	r3, sl
1000654c:	6819      	ldr	r1, [r3, #0]
1000654e:	f000 fe95 	bl	1000727c <tu_edpt_release>
10006552:	3701      	adds	r7, #1
10006554:	3502      	adds	r5, #2
10006556:	2f10      	cmp	r7, #16
10006558:	d1cc      	bne.n	100064f4 <usbh_control_xfer_cb.isra.0+0x164>
1000655a:	4646      	mov	r6, r8
1000655c:	464d      	mov	r5, r9
1000655e:	9c03      	ldr	r4, [sp, #12]
10006560:	e78a      	b.n	10006478 <usbh_control_xfer_cb.isra.0+0xe8>
10006562:	4b0e      	ldr	r3, [pc, #56]	@ (1000659c <usbh_control_xfer_cb.isra.0+0x20c>)
10006564:	3902      	subs	r1, #2
10006566:	6818      	ldr	r0, [r3, #0]
10006568:	4698      	mov	r8, r3
1000656a:	f002 fa1d 	bl	100089a8 <__mutex_enter_timeout_ms_veneer>
1000656e:	2302      	movs	r3, #2
10006570:	736b      	strb	r3, [r5, #13]
10006572:	4643      	mov	r3, r8
10006574:	6818      	ldr	r0, [r3, #0]
10006576:	f002 f9ff 	bl	10008978 <__mutex_exit_veneer>
1000657a:	2180      	movs	r1, #128	@ 0x80
1000657c:	7832      	ldrb	r2, [r6, #0]
1000657e:	682b      	ldr	r3, [r5, #0]
10006580:	400a      	ands	r2, r1
10006582:	88f1      	ldrh	r1, [r6, #6]
10006584:	0038      	movs	r0, r7
10006586:	9100      	str	r1, [sp, #0]
10006588:	0021      	movs	r1, r4
1000658a:	f7ff fa9d 	bl	10005ac8 <hcd_edpt_xfer>
1000658e:	e738      	b.n	10006402 <usbh_control_xfer_cb.isra.0+0x72>
10006590:	20000a28 	.word	0x20000a28
10006594:	20000a14 	.word	0x20000a14
10006598:	20000a80 	.word	0x20000a80
1000659c:	20000c88 	.word	0x20000c88
100065a0:	20000a24 	.word	0x20000a24
100065a4:	20000a60 	.word	0x20000a60

100065a8 <tuh_event_hook_cb>:
100065a8:	4770      	bx	lr
100065aa:	46c0      	nop			@ (mov r8, r8)

100065ac <tuh_vid_pid_get>:
100065ac:	2300      	movs	r3, #0
100065ae:	b510      	push	{r4, lr}
100065b0:	8013      	strh	r3, [r2, #0]
100065b2:	800b      	strh	r3, [r1, #0]
100065b4:	2801      	cmp	r0, #1
100065b6:	d10c      	bne.n	100065d2 <tuh_vid_pid_get+0x26>
100065b8:	4c07      	ldr	r4, [pc, #28]	@ (100065d8 <tuh_vid_pid_get+0x2c>)
100065ba:	7923      	ldrb	r3, [r4, #4]
100065bc:	079b      	lsls	r3, r3, #30
100065be:	0fd8      	lsrs	r0, r3, #31
100065c0:	2b00      	cmp	r3, #0
100065c2:	da05      	bge.n	100065d0 <tuh_vid_pid_get+0x24>
100065c4:	88e3      	ldrh	r3, [r4, #6]
100065c6:	2b00      	cmp	r3, #0
100065c8:	d003      	beq.n	100065d2 <tuh_vid_pid_get+0x26>
100065ca:	800b      	strh	r3, [r1, #0]
100065cc:	8923      	ldrh	r3, [r4, #8]
100065ce:	8013      	strh	r3, [r2, #0]
100065d0:	bd10      	pop	{r4, pc}
100065d2:	2000      	movs	r0, #0
100065d4:	e7fc      	b.n	100065d0 <tuh_vid_pid_get+0x24>
100065d6:	46c0      	nop			@ (mov r8, r8)
100065d8:	20000a28 	.word	0x20000a28

100065dc <tuh_speed_get>:
100065dc:	2801      	cmp	r0, #1
100065de:	d102      	bne.n	100065e6 <tuh_speed_get+0xa>
100065e0:	4b03      	ldr	r3, [pc, #12]	@ (100065f0 <tuh_speed_get+0x14>)
100065e2:	78d8      	ldrb	r0, [r3, #3]
100065e4:	4770      	bx	lr
100065e6:	4b03      	ldr	r3, [pc, #12]	@ (100065f4 <tuh_speed_get+0x18>)
100065e8:	78d8      	ldrb	r0, [r3, #3]
100065ea:	0700      	lsls	r0, r0, #28
100065ec:	0f00      	lsrs	r0, r0, #28
100065ee:	e7f9      	b.n	100065e4 <tuh_speed_get+0x8>
100065f0:	20000a28 	.word	0x20000a28
100065f4:	20000a24 	.word	0x20000a24

100065f8 <tuh_rhport_init>:
100065f8:	b5f0      	push	{r4, r5, r6, r7, lr}
100065fa:	4646      	mov	r6, r8
100065fc:	46d6      	mov	lr, sl
100065fe:	464f      	mov	r7, r9
10006600:	b5c0      	push	{r6, r7, lr}
10006602:	4b38      	ldr	r3, [pc, #224]	@ (100066e4 <tuh_rhport_init+0xec>)
10006604:	0004      	movs	r4, r0
10006606:	4698      	mov	r8, r3
10006608:	781b      	ldrb	r3, [r3, #0]
1000660a:	000e      	movs	r6, r1
1000660c:	4298      	cmp	r0, r3
1000660e:	d011      	beq.n	10006634 <tuh_rhport_init+0x3c>
10006610:	2bff      	cmp	r3, #255	@ 0xff
10006612:	d011      	beq.n	10006638 <tuh_rhport_init+0x40>
10006614:	4643      	mov	r3, r8
10006616:	0031      	movs	r1, r6
10006618:	0020      	movs	r0, r4
1000661a:	701c      	strb	r4, [r3, #0]
1000661c:	f7fe feb0 	bl	10005380 <hcd_init>
10006620:	2800      	cmp	r0, #0
10006622:	d104      	bne.n	1000662e <tuh_rhport_init+0x36>
10006624:	bce0      	pop	{r5, r6, r7}
10006626:	46ba      	mov	sl, r7
10006628:	46b1      	mov	r9, r6
1000662a:	46a8      	mov	r8, r5
1000662c:	bdf0      	pop	{r4, r5, r6, r7, pc}
1000662e:	0020      	movs	r0, r4
10006630:	f7ff f92a 	bl	10005888 <hcd_int_enable>
10006634:	2001      	movs	r0, #1
10006636:	e7f5      	b.n	10006624 <tuh_rhport_init+0x2c>
10006638:	4d2b      	ldr	r5, [pc, #172]	@ (100066e8 <tuh_rhport_init+0xf0>)
1000663a:	0028      	movs	r0, r5
1000663c:	3d14      	subs	r5, #20
1000663e:	f7fa fe7b 	bl	10001338 <critical_section_init>
10006642:	0028      	movs	r0, r5
10006644:	f000 ff5e 	bl	10007504 <tu_fifo_clear>
10006648:	4b28      	ldr	r3, [pc, #160]	@ (100066ec <tuh_rhport_init+0xf4>)
1000664a:	601d      	str	r5, [r3, #0]
1000664c:	4d28      	ldr	r5, [pc, #160]	@ (100066f0 <tuh_rhport_init+0xf8>)
1000664e:	0028      	movs	r0, r5
10006650:	f7fa fe64 	bl	1000131c <mutex_init>
10006654:	4b27      	ldr	r3, [pc, #156]	@ (100066f4 <tuh_rhport_init+0xfc>)
10006656:	601d      	str	r5, [r3, #0]
10006658:	4b27      	ldr	r3, [pc, #156]	@ (100066f8 <tuh_rhport_init+0x100>)
1000665a:	2b00      	cmp	r3, #0
1000665c:	d03c      	beq.n	100066d8 <tuh_rhport_init+0xe0>
1000665e:	4b27      	ldr	r3, [pc, #156]	@ (100066fc <tuh_rhport_init+0x104>)
10006660:	0018      	movs	r0, r3
10006662:	4699      	mov	r9, r3
10006664:	f7f9 ffe0 	bl	10000628 <usbh_app_driver_get_cb>
10006668:	4b25      	ldr	r3, [pc, #148]	@ (10006700 <tuh_rhport_init+0x108>)
1000666a:	6018      	str	r0, [r3, #0]
1000666c:	2200      	movs	r2, #0
1000666e:	4b25      	ldr	r3, [pc, #148]	@ (10006704 <tuh_rhport_init+0x10c>)
10006670:	2100      	movs	r1, #0
10006672:	601a      	str	r2, [r3, #0]
10006674:	4824      	ldr	r0, [pc, #144]	@ (10006708 <tuh_rhport_init+0x110>)
10006676:	3210      	adds	r2, #16
10006678:	f7fc fc6e 	bl	10002f58 <__wrap_memset>
1000667c:	4d23      	ldr	r5, [pc, #140]	@ (1000670c <tuh_rhport_init+0x114>)
1000667e:	2256      	movs	r2, #86	@ 0x56
10006680:	2100      	movs	r1, #0
10006682:	0028      	movs	r0, r5
10006684:	f7fc fc68 	bl	10002f58 <__wrap_memset>
10006688:	0028      	movs	r0, r5
1000668a:	2208      	movs	r2, #8
1000668c:	21ff      	movs	r1, #255	@ 0xff
1000668e:	300d      	adds	r0, #13
10006690:	f7fc fc62 	bl	10002f58 <__wrap_memset>
10006694:	0028      	movs	r0, r5
10006696:	2220      	movs	r2, #32
10006698:	21ff      	movs	r1, #255	@ 0xff
1000669a:	3015      	adds	r0, #21
1000669c:	f7fc fc5c 	bl	10002f58 <__wrap_memset>
100066a0:	464b      	mov	r3, r9
100066a2:	781a      	ldrb	r2, [r3, #0]
100066a4:	2a00      	cmp	r2, #0
100066a6:	d0b5      	beq.n	10006614 <tuh_rhport_init+0x1c>
100066a8:	4b15      	ldr	r3, [pc, #84]	@ (10006700 <tuh_rhport_init+0x108>)
100066aa:	469a      	mov	sl, r3
100066ac:	681b      	ldr	r3, [r3, #0]
100066ae:	2b00      	cmp	r3, #0
100066b0:	d115      	bne.n	100066de <tuh_rhport_init+0xe6>
100066b2:	2a01      	cmp	r2, #1
100066b4:	d0ae      	beq.n	10006614 <tuh_rhport_init+0x1c>
100066b6:	231c      	movs	r3, #28
100066b8:	271c      	movs	r7, #28
100066ba:	2501      	movs	r5, #1
100066bc:	e002      	b.n	100066c4 <tuh_rhport_init+0xcc>
100066be:	4653      	mov	r3, sl
100066c0:	681b      	ldr	r3, [r3, #0]
100066c2:	19db      	adds	r3, r3, r7
100066c4:	685b      	ldr	r3, [r3, #4]
100066c6:	4798      	blx	r3
100066c8:	464b      	mov	r3, r9
100066ca:	3501      	adds	r5, #1
100066cc:	781b      	ldrb	r3, [r3, #0]
100066ce:	b2ed      	uxtb	r5, r5
100066d0:	371c      	adds	r7, #28
100066d2:	42ab      	cmp	r3, r5
100066d4:	d8f3      	bhi.n	100066be <tuh_rhport_init+0xc6>
100066d6:	e79d      	b.n	10006614 <tuh_rhport_init+0x1c>
100066d8:	4b08      	ldr	r3, [pc, #32]	@ (100066fc <tuh_rhport_init+0x104>)
100066da:	4699      	mov	r9, r3
100066dc:	e7c6      	b.n	1000666c <tuh_rhport_init+0x74>
100066de:	2700      	movs	r7, #0
100066e0:	2500      	movs	r5, #0
100066e2:	e7ef      	b.n	100066c4 <tuh_rhport_init+0xcc>
100066e4:	20000684 	.word	0x20000684
100066e8:	2000067c 	.word	0x2000067c
100066ec:	20000c94 	.word	0x20000c94
100066f0:	20000c8c 	.word	0x20000c8c
100066f4:	20000c88 	.word	0x20000c88
100066f8:	10000629 	.word	0x10000629
100066fc:	2000137c 	.word	0x2000137c
10006700:	20000a10 	.word	0x20000a10
10006704:	20000a24 	.word	0x20000a24
10006708:	20000a14 	.word	0x20000a14
1000670c:	20000a28 	.word	0x20000a28

10006710 <tuh_control_xfer>:
10006710:	b5f0      	push	{r4, r5, r6, r7, lr}
10006712:	46ce      	mov	lr, r9
10006714:	4647      	mov	r7, r8
10006716:	b580      	push	{r7, lr}
10006718:	7843      	ldrb	r3, [r0, #1]
1000671a:	0004      	movs	r4, r0
1000671c:	b083      	sub	sp, #12
1000671e:	2b00      	cmp	r3, #0
10006720:	d10d      	bne.n	1000673e <tuh_control_xfer+0x2e>
10006722:	6883      	ldr	r3, [r0, #8]
10006724:	2b00      	cmp	r3, #0
10006726:	d00a      	beq.n	1000673e <tuh_control_xfer+0x2e>
10006728:	7805      	ldrb	r5, [r0, #0]
1000672a:	2d00      	cmp	r5, #0
1000672c:	d10e      	bne.n	1000674c <tuh_control_xfer+0x3c>
1000672e:	4b3d      	ldr	r3, [pc, #244]	@ (10006824 <tuh_control_xfer+0x114>)
10006730:	78db      	ldrb	r3, [r3, #3]
10006732:	06db      	lsls	r3, r3, #27
10006734:	d503      	bpl.n	1000673e <tuh_control_xfer+0x2e>
10006736:	4e3c      	ldr	r6, [pc, #240]	@ (10006828 <tuh_control_xfer+0x118>)
10006738:	7b73      	ldrb	r3, [r6, #13]
1000673a:	2b00      	cmp	r3, #0
1000673c:	d010      	beq.n	10006760 <tuh_control_xfer+0x50>
1000673e:	2500      	movs	r5, #0
10006740:	0028      	movs	r0, r5
10006742:	b003      	add	sp, #12
10006744:	bcc0      	pop	{r6, r7}
10006746:	46b9      	mov	r9, r7
10006748:	46b0      	mov	r8, r6
1000674a:	bdf0      	pop	{r4, r5, r6, r7, pc}
1000674c:	2d01      	cmp	r5, #1
1000674e:	d1f6      	bne.n	1000673e <tuh_control_xfer+0x2e>
10006750:	4b36      	ldr	r3, [pc, #216]	@ (1000682c <tuh_control_xfer+0x11c>)
10006752:	791b      	ldrb	r3, [r3, #4]
10006754:	07db      	lsls	r3, r3, #31
10006756:	d5f2      	bpl.n	1000673e <tuh_control_xfer+0x2e>
10006758:	4e33      	ldr	r6, [pc, #204]	@ (10006828 <tuh_control_xfer+0x118>)
1000675a:	7b73      	ldrb	r3, [r6, #13]
1000675c:	2b00      	cmp	r3, #0
1000675e:	d1ee      	bne.n	1000673e <tuh_control_xfer+0x2e>
10006760:	2101      	movs	r1, #1
10006762:	4f33      	ldr	r7, [pc, #204]	@ (10006830 <tuh_control_xfer+0x120>)
10006764:	4249      	negs	r1, r1
10006766:	6838      	ldr	r0, [r7, #0]
10006768:	f002 f91e 	bl	100089a8 <__mutex_enter_timeout_ms_veneer>
1000676c:	7b73      	ldrb	r3, [r6, #13]
1000676e:	683f      	ldr	r7, [r7, #0]
10006770:	b2da      	uxtb	r2, r3
10006772:	2b00      	cmp	r3, #0
10006774:	d003      	beq.n	1000677e <tuh_control_xfer+0x6e>
10006776:	0038      	movs	r0, r7
10006778:	f002 f8fe 	bl	10008978 <__mutex_exit_veneer>
1000677c:	e7df      	b.n	1000673e <tuh_control_xfer+0x2e>
1000677e:	2301      	movs	r3, #1
10006780:	7335      	strb	r5, [r6, #12]
10006782:	7373      	strb	r3, [r6, #13]
10006784:	68e3      	ldr	r3, [r4, #12]
10006786:	81f2      	strh	r2, [r6, #14]
10006788:	6033      	str	r3, [r6, #0]
1000678a:	6923      	ldr	r3, [r4, #16]
1000678c:	2208      	movs	r2, #8
1000678e:	6073      	str	r3, [r6, #4]
10006790:	6963      	ldr	r3, [r4, #20]
10006792:	68a1      	ldr	r1, [r4, #8]
10006794:	60b3      	str	r3, [r6, #8]
10006796:	4b27      	ldr	r3, [pc, #156]	@ (10006834 <tuh_control_xfer+0x124>)
10006798:	0018      	movs	r0, r3
1000679a:	4698      	mov	r8, r3
1000679c:	f7fc fbe2 	bl	10002f64 <__wrap___aeabi_memcpy>
100067a0:	0038      	movs	r0, r7
100067a2:	f002 f8e9 	bl	10008978 <__mutex_exit_veneer>
100067a6:	2d01      	cmp	r5, #1
100067a8:	d12f      	bne.n	1000680a <tuh_control_xfer+0xfa>
100067aa:	4b20      	ldr	r3, [pc, #128]	@ (1000682c <tuh_control_xfer+0x11c>)
100067ac:	7818      	ldrb	r0, [r3, #0]
100067ae:	6923      	ldr	r3, [r4, #16]
100067b0:	2b00      	cmp	r3, #0
100067b2:	d005      	beq.n	100067c0 <tuh_control_xfer+0xb0>
100067b4:	0029      	movs	r1, r5
100067b6:	4642      	mov	r2, r8
100067b8:	f7ff fb34 	bl	10005e24 <hcd_setup_send>
100067bc:	0005      	movs	r5, r0
100067be:	e7bf      	b.n	10006740 <tuh_control_xfer+0x30>
100067c0:	466b      	mov	r3, sp
100067c2:	1ddf      	adds	r7, r3, #7
100067c4:	2304      	movs	r3, #4
100067c6:	703b      	strb	r3, [r7, #0]
100067c8:	4b1b      	ldr	r3, [pc, #108]	@ (10006838 <tuh_control_xfer+0x128>)
100067ca:	0029      	movs	r1, r5
100067cc:	4642      	mov	r2, r8
100067ce:	60b7      	str	r7, [r6, #8]
100067d0:	6073      	str	r3, [r6, #4]
100067d2:	f7ff fb27 	bl	10005e24 <hcd_setup_send>
100067d6:	1e05      	subs	r5, r0, #0
100067d8:	d0b1      	beq.n	1000673e <tuh_control_xfer+0x2e>
100067da:	4b18      	ldr	r3, [pc, #96]	@ (1000683c <tuh_control_xfer+0x12c>)
100067dc:	4698      	mov	r8, r3
100067de:	4b18      	ldr	r3, [pc, #96]	@ (10006840 <tuh_control_xfer+0x130>)
100067e0:	4699      	mov	r9, r3
100067e2:	783b      	ldrb	r3, [r7, #0]
100067e4:	2b04      	cmp	r3, #4
100067e6:	d113      	bne.n	10006810 <tuh_control_xfer+0x100>
100067e8:	4643      	mov	r3, r8
100067ea:	781b      	ldrb	r3, [r3, #0]
100067ec:	2bff      	cmp	r3, #255	@ 0xff
100067ee:	d0f8      	beq.n	100067e2 <tuh_control_xfer+0xd2>
100067f0:	464b      	mov	r3, r9
100067f2:	6818      	ldr	r0, [r3, #0]
100067f4:	f000 fdde 	bl	100073b4 <tu_fifo_empty>
100067f8:	2800      	cmp	r0, #0
100067fa:	d1f2      	bne.n	100067e2 <tuh_control_xfer+0xd2>
100067fc:	4643      	mov	r3, r8
100067fe:	781b      	ldrb	r3, [r3, #0]
10006800:	2bff      	cmp	r3, #255	@ 0xff
10006802:	d0ee      	beq.n	100067e2 <tuh_control_xfer+0xd2>
10006804:	f000 f864 	bl	100068d0 <tuh_task_ext.part.0>
10006808:	e7eb      	b.n	100067e2 <tuh_control_xfer+0xd2>
1000680a:	4b06      	ldr	r3, [pc, #24]	@ (10006824 <tuh_control_xfer+0x114>)
1000680c:	7818      	ldrb	r0, [r3, #0]
1000680e:	e7ce      	b.n	100067ae <tuh_control_xfer+0x9e>
10006810:	6963      	ldr	r3, [r4, #20]
10006812:	2b00      	cmp	r3, #0
10006814:	d001      	beq.n	1000681a <tuh_control_xfer+0x10a>
10006816:	783a      	ldrb	r2, [r7, #0]
10006818:	701a      	strb	r2, [r3, #0]
1000681a:	783b      	ldrb	r3, [r7, #0]
1000681c:	70e3      	strb	r3, [r4, #3]
1000681e:	89f3      	ldrh	r3, [r6, #14]
10006820:	6063      	str	r3, [r4, #4]
10006822:	e78d      	b.n	10006740 <tuh_control_xfer+0x30>
10006824:	20000a24 	.word	0x20000a24
10006828:	20000a14 	.word	0x20000a14
1000682c:	20000a28 	.word	0x20000a28
10006830:	20000c88 	.word	0x20000c88
10006834:	20000a80 	.word	0x20000a80
10006838:	100062a9 	.word	0x100062a9
1000683c:	20000684 	.word	0x20000684
10006840:	20000c94 	.word	0x20000c94

10006844 <enum_new_device.part.0>:
10006844:	b510      	push	{r4, lr}
10006846:	4c1c      	ldr	r4, [pc, #112]	@ (100068b8 <enum_new_device.part.0+0x74>)
10006848:	b088      	sub	sp, #32
1000684a:	7820      	ldrb	r0, [r4, #0]
1000684c:	f7fe fdd2 	bl	100053f4 <hcd_port_speed_get>
10006850:	220f      	movs	r2, #15
10006852:	0003      	movs	r3, r0
10006854:	78e0      	ldrb	r0, [r4, #3]
10006856:	4013      	ands	r3, r2
10006858:	4390      	bics	r0, r2
1000685a:	4318      	orrs	r0, r3
1000685c:	2200      	movs	r2, #0
1000685e:	70e0      	strb	r0, [r4, #3]
10006860:	200a      	movs	r0, #10
10006862:	4b16      	ldr	r3, [pc, #88]	@ (100068bc <enum_new_device.part.0+0x78>)
10006864:	2100      	movs	r1, #0
10006866:	701a      	strb	r2, [r3, #0]
10006868:	4468      	add	r0, sp
1000686a:	3205      	adds	r2, #5
1000686c:	f7fc fb74 	bl	10002f58 <__wrap_memset>
10006870:	466a      	mov	r2, sp
10006872:	4b13      	ldr	r3, [pc, #76]	@ (100068c0 <enum_new_device.part.0+0x7c>)
10006874:	2100      	movs	r1, #0
10006876:	8113      	strh	r3, [r2, #8]
10006878:	2308      	movs	r3, #8
1000687a:	7820      	ldrb	r0, [r4, #0]
1000687c:	8193      	strh	r3, [r2, #12]
1000687e:	aa02      	add	r2, sp, #8
10006880:	f7ff f808 	bl	10005894 <hcd_edpt_open>
10006884:	2800      	cmp	r0, #0
10006886:	d101      	bne.n	1000688c <enum_new_device.part.0+0x48>
10006888:	b008      	add	sp, #32
1000688a:	bd10      	pop	{r4, pc}
1000688c:	4b0d      	ldr	r3, [pc, #52]	@ (100068c4 <enum_new_device.part.0+0x80>)
1000688e:	2208      	movs	r2, #8
10006890:	9300      	str	r3, [sp, #0]
10006892:	2380      	movs	r3, #128	@ 0x80
10006894:	2100      	movs	r1, #0
10006896:	031b      	lsls	r3, r3, #12
10006898:	a802      	add	r0, sp, #8
1000689a:	9301      	str	r3, [sp, #4]
1000689c:	f7fc fb5c 	bl	10002f58 <__wrap_memset>
100068a0:	466b      	mov	r3, sp
100068a2:	9304      	str	r3, [sp, #16]
100068a4:	4b08      	ldr	r3, [pc, #32]	@ (100068c8 <enum_new_device.part.0+0x84>)
100068a6:	a802      	add	r0, sp, #8
100068a8:	9305      	str	r3, [sp, #20]
100068aa:	4b08      	ldr	r3, [pc, #32]	@ (100068cc <enum_new_device.part.0+0x88>)
100068ac:	9306      	str	r3, [sp, #24]
100068ae:	2307      	movs	r3, #7
100068b0:	9307      	str	r3, [sp, #28]
100068b2:	f7ff ff2d 	bl	10006710 <tuh_control_xfer>
100068b6:	e7e7      	b.n	10006888 <enum_new_device.part.0+0x44>
100068b8:	20000a24 	.word	0x20000a24
100068bc:	2000137f 	.word	0x2000137f
100068c0:	00000507 	.word	0x00000507
100068c4:	01000680 	.word	0x01000680
100068c8:	20000a88 	.word	0x20000a88
100068cc:	10006b29 	.word	0x10006b29

100068d0 <tuh_task_ext.part.0>:
100068d0:	b5f0      	push	{r4, r5, r6, r7, lr}
100068d2:	4657      	mov	r7, sl
100068d4:	464e      	mov	r6, r9
100068d6:	4645      	mov	r5, r8
100068d8:	46de      	mov	lr, fp
100068da:	4b86      	ldr	r3, [pc, #536]	@ (10006af4 <tuh_task_ext.part.0+0x224>)
100068dc:	b5e0      	push	{r5, r6, r7, lr}
100068de:	469a      	mov	sl, r3
100068e0:	4b85      	ldr	r3, [pc, #532]	@ (10006af8 <tuh_task_ext.part.0+0x228>)
100068e2:	4681      	mov	r9, r0
100068e4:	2700      	movs	r7, #0
100068e6:	4698      	mov	r8, r3
100068e8:	b085      	sub	sp, #20
100068ea:	4e84      	ldr	r6, [pc, #528]	@ (10006afc <tuh_task_ext.part.0+0x22c>)
100068ec:	ad01      	add	r5, sp, #4
100068ee:	6834      	ldr	r4, [r6, #0]
100068f0:	6962      	ldr	r2, [r4, #20]
100068f2:	f3ef 8110 	mrs	r1, PRIMASK
100068f6:	b672      	cpsid	i
100068f8:	6813      	ldr	r3, [r2, #0]
100068fa:	2b00      	cmp	r3, #0
100068fc:	d0fc      	beq.n	100068f8 <tuh_task_ext.part.0+0x28>
100068fe:	f3bf 8f5f 	dmb	sy
10006902:	61a1      	str	r1, [r4, #24]
10006904:	0020      	movs	r0, r4
10006906:	0029      	movs	r1, r5
10006908:	f000 fd5c 	bl	100073c4 <tu_fifo_read>
1000690c:	6962      	ldr	r2, [r4, #20]
1000690e:	69a3      	ldr	r3, [r4, #24]
10006910:	f3bf 8f5f 	dmb	sy
10006914:	6017      	str	r7, [r2, #0]
10006916:	f383 8810 	msr	PRIMASK, r3
1000691a:	2800      	cmp	r0, #0
1000691c:	d060      	beq.n	100069e0 <tuh_task_ext.part.0+0x110>
1000691e:	786b      	ldrb	r3, [r5, #1]
10006920:	2b02      	cmp	r3, #2
10006922:	d015      	beq.n	10006950 <tuh_task_ext.part.0+0x80>
10006924:	d80c      	bhi.n	10006940 <tuh_task_ext.part.0+0x70>
10006926:	2b00      	cmp	r3, #0
10006928:	d020      	beq.n	1000696c <tuh_task_ext.part.0+0x9c>
1000692a:	796a      	ldrb	r2, [r5, #5]
1000692c:	7929      	ldrb	r1, [r5, #4]
1000692e:	7828      	ldrb	r0, [r5, #0]
10006930:	f7ff fcbe 	bl	100062b0 <process_removing_device>
10006934:	6834      	ldr	r4, [r6, #0]
10006936:	6962      	ldr	r2, [r4, #20]
10006938:	f3ef 8110 	mrs	r1, PRIMASK
1000693c:	b672      	cpsid	i
1000693e:	e7db      	b.n	100068f8 <tuh_task_ext.part.0+0x28>
10006940:	2b03      	cmp	r3, #3
10006942:	d1d4      	bne.n	100068ee <tuh_task_ext.part.0+0x1e>
10006944:	686b      	ldr	r3, [r5, #4]
10006946:	2b00      	cmp	r3, #0
10006948:	d0d1      	beq.n	100068ee <tuh_task_ext.part.0+0x1e>
1000694a:	68a8      	ldr	r0, [r5, #8]
1000694c:	4798      	blx	r3
1000694e:	e7ce      	b.n	100068ee <tuh_task_ext.part.0+0x1e>
10006950:	237f      	movs	r3, #127	@ 0x7f
10006952:	7929      	ldrb	r1, [r5, #4]
10006954:	78aa      	ldrb	r2, [r5, #2]
10006956:	400b      	ands	r3, r1
10006958:	2a00      	cmp	r2, #0
1000695a:	d148      	bne.n	100069ee <tuh_task_ext.part.0+0x11e>
1000695c:	2b00      	cmp	r3, #0
1000695e:	d13f      	bne.n	100069e0 <tuh_task_ext.part.0+0x110>
10006960:	2000      	movs	r0, #0
10006962:	68aa      	ldr	r2, [r5, #8]
10006964:	7969      	ldrb	r1, [r5, #5]
10006966:	f7ff fd13 	bl	10006390 <usbh_control_xfer_cb.isra.0>
1000696a:	e7c0      	b.n	100068ee <tuh_task_ext.part.0+0x1e>
1000696c:	4643      	mov	r3, r8
1000696e:	78db      	ldrb	r3, [r3, #3]
10006970:	06db      	lsls	r3, r3, #27
10006972:	d566      	bpl.n	10006a42 <tuh_task_ext.part.0+0x172>
10006974:	4643      	mov	r3, r8
10006976:	7828      	ldrb	r0, [r5, #0]
10006978:	781b      	ldrb	r3, [r3, #0]
1000697a:	4298      	cmp	r0, r3
1000697c:	d10b      	bne.n	10006996 <tuh_task_ext.part.0+0xc6>
1000697e:	4641      	mov	r1, r8
10006980:	792a      	ldrb	r2, [r5, #4]
10006982:	7849      	ldrb	r1, [r1, #1]
10006984:	4291      	cmp	r1, r2
10006986:	d106      	bne.n	10006996 <tuh_task_ext.part.0+0xc6>
10006988:	4644      	mov	r4, r8
1000698a:	7969      	ldrb	r1, [r5, #5]
1000698c:	78a4      	ldrb	r4, [r4, #2]
1000698e:	468b      	mov	fp, r1
10006990:	428c      	cmp	r4, r1
10006992:	d100      	bne.n	10006996 <tuh_task_ext.part.0+0xc6>
10006994:	e07f      	b.n	10006a96 <tuh_task_ext.part.0+0x1c6>
10006996:	6830      	ldr	r0, [r6, #0]
10006998:	f000 fd0c 	bl	100073b4 <tu_fifo_empty>
1000699c:	6834      	ldr	r4, [r6, #0]
1000699e:	4683      	mov	fp, r0
100069a0:	6962      	ldr	r2, [r4, #20]
100069a2:	f3ef 8110 	mrs	r1, PRIMASK
100069a6:	b672      	cpsid	i
100069a8:	6813      	ldr	r3, [r2, #0]
100069aa:	2b00      	cmp	r3, #0
100069ac:	d0fc      	beq.n	100069a8 <tuh_task_ext.part.0+0xd8>
100069ae:	f3bf 8f5f 	dmb	sy
100069b2:	61a1      	str	r1, [r4, #24]
100069b4:	0020      	movs	r0, r4
100069b6:	0029      	movs	r1, r5
100069b8:	f000 fd52 	bl	10007460 <tu_fifo_write>
100069bc:	6962      	ldr	r2, [r4, #20]
100069be:	69a3      	ldr	r3, [r4, #24]
100069c0:	f3bf 8f5f 	dmb	sy
100069c4:	6017      	str	r7, [r2, #0]
100069c6:	f383 8810 	msr	PRIMASK, r3
100069ca:	2800      	cmp	r0, #0
100069cc:	d004      	beq.n	100069d8 <tuh_task_ext.part.0+0x108>
100069ce:	464a      	mov	r2, r9
100069d0:	7869      	ldrb	r1, [r5, #1]
100069d2:	7828      	ldrb	r0, [r5, #0]
100069d4:	f7ff fde8 	bl	100065a8 <tuh_event_hook_cb>
100069d8:	465b      	mov	r3, fp
100069da:	2b00      	cmp	r3, #0
100069dc:	d100      	bne.n	100069e0 <tuh_task_ext.part.0+0x110>
100069de:	e786      	b.n	100068ee <tuh_task_ext.part.0+0x1e>
100069e0:	b005      	add	sp, #20
100069e2:	bcf0      	pop	{r4, r5, r6, r7}
100069e4:	46bb      	mov	fp, r7
100069e6:	46b2      	mov	sl, r6
100069e8:	46a9      	mov	r9, r5
100069ea:	46a0      	mov	r8, r4
100069ec:	bdf0      	pop	{r4, r5, r6, r7, pc}
100069ee:	2a01      	cmp	r2, #1
100069f0:	d1f6      	bne.n	100069e0 <tuh_task_ext.part.0+0x110>
100069f2:	4650      	mov	r0, sl
100069f4:	7900      	ldrb	r0, [r0, #4]
100069f6:	07c0      	lsls	r0, r0, #31
100069f8:	d5f2      	bpl.n	100069e0 <tuh_task_ext.part.0+0x110>
100069fa:	0058      	lsls	r0, r3, #1
100069fc:	4450      	add	r0, sl
100069fe:	4683      	mov	fp, r0
10006a00:	09cc      	lsrs	r4, r1, #7
10006a02:	44a3      	add	fp, r4
10006a04:	465c      	mov	r4, fp
10006a06:	3430      	adds	r4, #48	@ 0x30
10006a08:	7960      	ldrb	r0, [r4, #5]
10006a0a:	4390      	bics	r0, r2
10006a0c:	7160      	strb	r0, [r4, #5]
10006a0e:	2004      	movs	r0, #4
10006a10:	7962      	ldrb	r2, [r4, #5]
10006a12:	4382      	bics	r2, r0
10006a14:	7162      	strb	r2, [r4, #5]
10006a16:	2b00      	cmp	r3, #0
10006a18:	d063      	beq.n	10006ae2 <tuh_task_ext.part.0+0x212>
10006a1a:	465b      	mov	r3, fp
10006a1c:	7d58      	ldrb	r0, [r3, #21]
10006a1e:	4b38      	ldr	r3, [pc, #224]	@ (10006b00 <tuh_task_ext.part.0+0x230>)
10006a20:	781b      	ldrb	r3, [r3, #0]
10006a22:	4283      	cmp	r3, r0
10006a24:	d9dc      	bls.n	100069e0 <tuh_task_ext.part.0+0x110>
10006a26:	4a37      	ldr	r2, [pc, #220]	@ (10006b04 <tuh_task_ext.part.0+0x234>)
10006a28:	00c3      	lsls	r3, r0, #3
10006a2a:	1a1b      	subs	r3, r3, r0
10006a2c:	6810      	ldr	r0, [r2, #0]
10006a2e:	009b      	lsls	r3, r3, #2
10006a30:	18c0      	adds	r0, r0, r3
10006a32:	2800      	cmp	r0, #0
10006a34:	d0d4      	beq.n	100069e0 <tuh_task_ext.part.0+0x110>
10006a36:	6944      	ldr	r4, [r0, #20]
10006a38:	68ab      	ldr	r3, [r5, #8]
10006a3a:	796a      	ldrb	r2, [r5, #5]
10006a3c:	2001      	movs	r0, #1
10006a3e:	47a0      	blx	r4
10006a40:	e755      	b.n	100068ee <tuh_task_ext.part.0+0x1e>
10006a42:	4643      	mov	r3, r8
10006a44:	2210      	movs	r2, #16
10006a46:	78db      	ldrb	r3, [r3, #3]
10006a48:	4641      	mov	r1, r8
10006a4a:	4313      	orrs	r3, r2
10006a4c:	4642      	mov	r2, r8
10006a4e:	70d3      	strb	r3, [r2, #3]
10006a50:	7828      	ldrb	r0, [r5, #0]
10006a52:	792b      	ldrb	r3, [r5, #4]
10006a54:	796a      	ldrb	r2, [r5, #5]
10006a56:	7008      	strb	r0, [r1, #0]
10006a58:	704b      	strb	r3, [r1, #1]
10006a5a:	708a      	strb	r2, [r1, #2]
10006a5c:	2b00      	cmp	r3, #0
10006a5e:	d000      	beq.n	10006a62 <tuh_task_ext.part.0+0x192>
10006a60:	e745      	b.n	100068ee <tuh_task_ext.part.0+0x1e>
10006a62:	f7fe fcb7 	bl	100053d4 <hcd_port_reset>
10006a66:	2032      	movs	r0, #50	@ 0x32
10006a68:	f000 fbdc 	bl	10007224 <tusb_time_delay_ms_api>
10006a6c:	4643      	mov	r3, r8
10006a6e:	7818      	ldrb	r0, [r3, #0]
10006a70:	f7fe fcb2 	bl	100053d8 <hcd_port_reset_end>
10006a74:	20e1      	movs	r0, #225	@ 0xe1
10006a76:	0040      	lsls	r0, r0, #1
10006a78:	f000 fbd4 	bl	10007224 <tusb_time_delay_ms_api>
10006a7c:	4643      	mov	r3, r8
10006a7e:	7818      	ldrb	r0, [r3, #0]
10006a80:	f7fe fcac 	bl	100053dc <hcd_port_connect_status>
10006a84:	2800      	cmp	r0, #0
10006a86:	d132      	bne.n	10006aee <tuh_task_ext.part.0+0x21e>
10006a88:	4643      	mov	r3, r8
10006a8a:	2210      	movs	r2, #16
10006a8c:	78db      	ldrb	r3, [r3, #3]
10006a8e:	4393      	bics	r3, r2
10006a90:	4642      	mov	r2, r8
10006a92:	70d3      	strb	r3, [r2, #3]
10006a94:	e72b      	b.n	100068ee <tuh_task_ext.part.0+0x1e>
10006a96:	4c1c      	ldr	r4, [pc, #112]	@ (10006b08 <tuh_task_ext.part.0+0x238>)
10006a98:	7b21      	ldrb	r1, [r4, #12]
10006a9a:	2900      	cmp	r1, #0
10006a9c:	d118      	bne.n	10006ad0 <tuh_task_ext.part.0+0x200>
10006a9e:	7b61      	ldrb	r1, [r4, #13]
10006aa0:	2900      	cmp	r1, #0
10006aa2:	d015      	beq.n	10006ad0 <tuh_task_ext.part.0+0x200>
10006aa4:	2200      	movs	r2, #0
10006aa6:	2100      	movs	r1, #0
10006aa8:	0018      	movs	r0, r3
10006aaa:	f7ff f9b9 	bl	10005e20 <hcd_edpt_abort_xfer>
10006aae:	2101      	movs	r1, #1
10006ab0:	4b16      	ldr	r3, [pc, #88]	@ (10006b0c <tuh_task_ext.part.0+0x23c>)
10006ab2:	4249      	negs	r1, r1
10006ab4:	6818      	ldr	r0, [r3, #0]
10006ab6:	469b      	mov	fp, r3
10006ab8:	f001 ff76 	bl	100089a8 <__mutex_enter_timeout_ms_veneer>
10006abc:	2300      	movs	r3, #0
10006abe:	7363      	strb	r3, [r4, #13]
10006ac0:	465b      	mov	r3, fp
10006ac2:	6818      	ldr	r0, [r3, #0]
10006ac4:	f001 ff58 	bl	10008978 <__mutex_exit_veneer>
10006ac8:	796b      	ldrb	r3, [r5, #5]
10006aca:	7828      	ldrb	r0, [r5, #0]
10006acc:	469b      	mov	fp, r3
10006ace:	792a      	ldrb	r2, [r5, #4]
10006ad0:	4643      	mov	r3, r8
10006ad2:	4659      	mov	r1, fp
10006ad4:	7018      	strb	r0, [r3, #0]
10006ad6:	705a      	strb	r2, [r3, #1]
10006ad8:	7099      	strb	r1, [r3, #2]
10006ada:	2a00      	cmp	r2, #0
10006adc:	d000      	beq.n	10006ae0 <tuh_task_ext.part.0+0x210>
10006ade:	e706      	b.n	100068ee <tuh_task_ext.part.0+0x1e>
10006ae0:	e7bf      	b.n	10006a62 <tuh_task_ext.part.0+0x192>
10006ae2:	68aa      	ldr	r2, [r5, #8]
10006ae4:	7969      	ldrb	r1, [r5, #5]
10006ae6:	3803      	subs	r0, #3
10006ae8:	f7ff fc52 	bl	10006390 <usbh_control_xfer_cb.isra.0>
10006aec:	e6ff      	b.n	100068ee <tuh_task_ext.part.0+0x1e>
10006aee:	f7ff fea9 	bl	10006844 <enum_new_device.part.0>
10006af2:	e6fc      	b.n	100068ee <tuh_task_ext.part.0+0x1e>
10006af4:	20000a28 	.word	0x20000a28
10006af8:	20000a24 	.word	0x20000a24
10006afc:	20000c94 	.word	0x20000c94
10006b00:	2000137c 	.word	0x2000137c
10006b04:	20000a10 	.word	0x20000a10
10006b08:	20000a14 	.word	0x20000a14
10006b0c:	20000c88 	.word	0x20000c88

10006b10 <tuh_task_ext>:
10006b10:	b510      	push	{r4, lr}
10006b12:	4b04      	ldr	r3, [pc, #16]	@ (10006b24 <tuh_task_ext+0x14>)
10006b14:	0008      	movs	r0, r1
10006b16:	781b      	ldrb	r3, [r3, #0]
10006b18:	2bff      	cmp	r3, #255	@ 0xff
10006b1a:	d001      	beq.n	10006b20 <tuh_task_ext+0x10>
10006b1c:	f7ff fed8 	bl	100068d0 <tuh_task_ext.part.0>
10006b20:	bd10      	pop	{r4, pc}
10006b22:	46c0      	nop			@ (mov r8, r8)
10006b24:	20000684 	.word	0x20000684

10006b28 <process_enumeration>:
10006b28:	b5f0      	push	{r4, r5, r6, r7, lr}
10006b2a:	464e      	mov	r6, r9
10006b2c:	46de      	mov	lr, fp
10006b2e:	4657      	mov	r7, sl
10006b30:	4645      	mov	r5, r8
10006b32:	b5e0      	push	{r5, r6, r7, lr}
10006b34:	78c6      	ldrb	r6, [r0, #3]
10006b36:	0004      	movs	r4, r0
10006b38:	b08d      	sub	sp, #52	@ 0x34
10006b3a:	2e00      	cmp	r6, #0
10006b3c:	d10a      	bne.n	10006b54 <process_enumeration+0x2c>
10006b3e:	4bbc      	ldr	r3, [pc, #752]	@ (10006e30 <process_enumeration+0x308>)
10006b40:	7805      	ldrb	r5, [r0, #0]
10006b42:	701e      	strb	r6, [r3, #0]
10006b44:	6943      	ldr	r3, [r0, #20]
10006b46:	3b03      	subs	r3, #3
10006b48:	2b09      	cmp	r3, #9
10006b4a:	d820      	bhi.n	10006b8e <process_enumeration+0x66>
10006b4c:	4ab9      	ldr	r2, [pc, #740]	@ (10006e34 <process_enumeration+0x30c>)
10006b4e:	009b      	lsls	r3, r3, #2
10006b50:	58d3      	ldr	r3, [r2, r3]
10006b52:	469f      	mov	pc, r3
10006b54:	4db8      	ldr	r5, [pc, #736]	@ (10006e38 <process_enumeration+0x310>)
10006b56:	78eb      	ldrb	r3, [r5, #3]
10006b58:	06db      	lsls	r3, r3, #27
10006b5a:	d50d      	bpl.n	10006b78 <process_enumeration+0x50>
10006b5c:	4ab4      	ldr	r2, [pc, #720]	@ (10006e30 <process_enumeration+0x308>)
10006b5e:	7813      	ldrb	r3, [r2, #0]
10006b60:	2b02      	cmp	r3, #2
10006b62:	d809      	bhi.n	10006b78 <process_enumeration+0x50>
10006b64:	2064      	movs	r0, #100	@ 0x64
10006b66:	3301      	adds	r3, #1
10006b68:	7013      	strb	r3, [r2, #0]
10006b6a:	f000 fb5b 	bl	10007224 <tusb_time_delay_ms_api>
10006b6e:	0020      	movs	r0, r4
10006b70:	f7ff fdce 	bl	10006710 <tuh_control_xfer>
10006b74:	2800      	cmp	r0, #0
10006b76:	d103      	bne.n	10006b80 <process_enumeration+0x58>
10006b78:	2210      	movs	r2, #16
10006b7a:	78eb      	ldrb	r3, [r5, #3]
10006b7c:	4393      	bics	r3, r2
10006b7e:	70eb      	strb	r3, [r5, #3]
10006b80:	b00d      	add	sp, #52	@ 0x34
10006b82:	bcf0      	pop	{r4, r5, r6, r7}
10006b84:	46bb      	mov	fp, r7
10006b86:	46b2      	mov	sl, r6
10006b88:	46a9      	mov	r9, r5
10006b8a:	46a0      	mov	r8, r4
10006b8c:	bdf0      	pop	{r4, r5, r6, r7, pc}
10006b8e:	2110      	movs	r1, #16
10006b90:	4aa9      	ldr	r2, [pc, #676]	@ (10006e38 <process_enumeration+0x310>)
10006b92:	78d3      	ldrb	r3, [r2, #3]
10006b94:	438b      	bics	r3, r1
10006b96:	70d3      	strb	r3, [r2, #3]
10006b98:	e7f2      	b.n	10006b80 <process_enumeration+0x58>
10006b9a:	2d01      	cmp	r5, #1
10006b9c:	d1f0      	bne.n	10006b80 <process_enumeration+0x58>
10006b9e:	2204      	movs	r2, #4
10006ba0:	4fa6      	ldr	r7, [pc, #664]	@ (10006e3c <process_enumeration+0x314>)
10006ba2:	793b      	ldrb	r3, [r7, #4]
10006ba4:	4313      	orrs	r3, r2
10006ba6:	713b      	strb	r3, [r7, #4]
10006ba8:	4ba5      	ldr	r3, [pc, #660]	@ (10006e40 <process_enumeration+0x318>)
10006baa:	001a      	movs	r2, r3
10006bac:	8959      	ldrh	r1, [r3, #10]
10006bae:	7a1d      	ldrb	r5, [r3, #8]
10006bb0:	3208      	adds	r2, #8
10006bb2:	1889      	adds	r1, r1, r2
10006bb4:	18ad      	adds	r5, r5, r2
10006bb6:	4ba3      	ldr	r3, [pc, #652]	@ (10006e44 <process_enumeration+0x31c>)
10006bb8:	42a9      	cmp	r1, r5
10006bba:	d800      	bhi.n	10006bbe <process_enumeration+0x96>
10006bbc:	e1e1      	b.n	10006f82 <process_enumeration+0x45a>
10006bbe:	469a      	mov	sl, r3
10006bc0:	4ba1      	ldr	r3, [pc, #644]	@ (10006e48 <process_enumeration+0x320>)
10006bc2:	468b      	mov	fp, r1
10006bc4:	4699      	mov	r9, r3
10006bc6:	46b8      	mov	r8, r7
10006bc8:	9603      	str	r6, [sp, #12]
10006bca:	782a      	ldrb	r2, [r5, #0]
10006bcc:	2a00      	cmp	r2, #0
10006bce:	d100      	bne.n	10006bd2 <process_enumeration+0xaa>
10006bd0:	e1d2      	b.n	10006f78 <process_enumeration+0x450>
10006bd2:	786b      	ldrb	r3, [r5, #1]
10006bd4:	2601      	movs	r6, #1
10006bd6:	2b0b      	cmp	r3, #11
10006bd8:	d102      	bne.n	10006be0 <process_enumeration+0xb8>
10006bda:	78ee      	ldrb	r6, [r5, #3]
10006bdc:	18ad      	adds	r5, r5, r2
10006bde:	786b      	ldrb	r3, [r5, #1]
10006be0:	2b04      	cmp	r3, #4
10006be2:	d1cd      	bne.n	10006b80 <process_enumeration+0x58>
10006be4:	465b      	mov	r3, fp
10006be6:	1b5a      	subs	r2, r3, r5
10006be8:	0031      	movs	r1, r6
10006bea:	0028      	movs	r0, r5
10006bec:	b292      	uxth	r2, r2
10006bee:	f000 fbb9 	bl	10007364 <tu_desc_get_interface_total_len>
10006bf2:	0007      	movs	r7, r0
10006bf4:	2808      	cmp	r0, #8
10006bf6:	d9c3      	bls.n	10006b80 <process_enumeration+0x58>
10006bf8:	4653      	mov	r3, sl
10006bfa:	781a      	ldrb	r2, [r3, #0]
10006bfc:	2400      	movs	r4, #0
10006bfe:	9302      	str	r3, [sp, #8]
10006c00:	2a00      	cmp	r2, #0
10006c02:	d01f      	beq.n	10006c44 <process_enumeration+0x11c>
10006c04:	464b      	mov	r3, r9
10006c06:	002f      	movs	r7, r5
10006c08:	4681      	mov	r9, r0
10006c0a:	001d      	movs	r5, r3
10006c0c:	9601      	str	r6, [sp, #4]
10006c0e:	00e3      	lsls	r3, r4, #3
10006c10:	6829      	ldr	r1, [r5, #0]
10006c12:	1b1b      	subs	r3, r3, r4
10006c14:	009b      	lsls	r3, r3, #2
10006c16:	18cb      	adds	r3, r1, r3
10006c18:	2b00      	cmp	r3, #0
10006c1a:	d00b      	beq.n	10006c34 <process_enumeration+0x10c>
10006c1c:	4642      	mov	r2, r8
10006c1e:	68de      	ldr	r6, [r3, #12]
10006c20:	7810      	ldrb	r0, [r2, #0]
10006c22:	464b      	mov	r3, r9
10006c24:	003a      	movs	r2, r7
10006c26:	2101      	movs	r1, #1
10006c28:	47b0      	blx	r6
10006c2a:	2800      	cmp	r0, #0
10006c2c:	d000      	beq.n	10006c30 <process_enumeration+0x108>
10006c2e:	e180      	b.n	10006f32 <process_enumeration+0x40a>
10006c30:	4653      	mov	r3, sl
10006c32:	781a      	ldrb	r2, [r3, #0]
10006c34:	3401      	adds	r4, #1
10006c36:	b2e3      	uxtb	r3, r4
10006c38:	4293      	cmp	r3, r2
10006c3a:	d3e8      	bcc.n	10006c0e <process_enumeration+0xe6>
10006c3c:	002b      	movs	r3, r5
10006c3e:	003d      	movs	r5, r7
10006c40:	464f      	mov	r7, r9
10006c42:	4699      	mov	r9, r3
10006c44:	19ed      	adds	r5, r5, r7
10006c46:	45ab      	cmp	fp, r5
10006c48:	d8bf      	bhi.n	10006bca <process_enumeration+0xa2>
10006c4a:	4647      	mov	r7, r8
10006c4c:	9e03      	ldr	r6, [sp, #12]
10006c4e:	9b02      	ldr	r3, [sp, #8]
10006c50:	7b78      	ldrb	r0, [r7, #13]
10006c52:	781a      	ldrb	r2, [r3, #0]
10006c54:	4b7c      	ldr	r3, [pc, #496]	@ (10006e48 <process_enumeration+0x320>)
10006c56:	6819      	ldr	r1, [r3, #0]
10006c58:	4290      	cmp	r0, r2
10006c5a:	d206      	bcs.n	10006c6a <process_enumeration+0x142>
10006c5c:	00c3      	lsls	r3, r0, #3
10006c5e:	1a1b      	subs	r3, r3, r0
10006c60:	009b      	lsls	r3, r3, #2
10006c62:	18cb      	adds	r3, r1, r3
10006c64:	2b00      	cmp	r3, #0
10006c66:	d000      	beq.n	10006c6a <process_enumeration+0x142>
10006c68:	e181      	b.n	10006f6e <process_enumeration+0x446>
10006c6a:	7bb8      	ldrb	r0, [r7, #14]
10006c6c:	4290      	cmp	r0, r2
10006c6e:	d206      	bcs.n	10006c7e <process_enumeration+0x156>
10006c70:	00c3      	lsls	r3, r0, #3
10006c72:	1a1b      	subs	r3, r3, r0
10006c74:	009b      	lsls	r3, r3, #2
10006c76:	18cb      	adds	r3, r1, r3
10006c78:	2b00      	cmp	r3, #0
10006c7a:	d000      	beq.n	10006c7e <process_enumeration+0x156>
10006c7c:	e176      	b.n	10006f6c <process_enumeration+0x444>
10006c7e:	7bf8      	ldrb	r0, [r7, #15]
10006c80:	4290      	cmp	r0, r2
10006c82:	d206      	bcs.n	10006c92 <process_enumeration+0x16a>
10006c84:	00c3      	lsls	r3, r0, #3
10006c86:	1a1b      	subs	r3, r3, r0
10006c88:	009b      	lsls	r3, r3, #2
10006c8a:	18cb      	adds	r3, r1, r3
10006c8c:	2b00      	cmp	r3, #0
10006c8e:	d000      	beq.n	10006c92 <process_enumeration+0x16a>
10006c90:	e179      	b.n	10006f86 <process_enumeration+0x45e>
10006c92:	7c38      	ldrb	r0, [r7, #16]
10006c94:	4290      	cmp	r0, r2
10006c96:	d206      	bcs.n	10006ca6 <process_enumeration+0x17e>
10006c98:	00c3      	lsls	r3, r0, #3
10006c9a:	1a1b      	subs	r3, r3, r0
10006c9c:	009b      	lsls	r3, r3, #2
10006c9e:	18cb      	adds	r3, r1, r3
10006ca0:	2b00      	cmp	r3, #0
10006ca2:	d000      	beq.n	10006ca6 <process_enumeration+0x17e>
10006ca4:	e173      	b.n	10006f8e <process_enumeration+0x466>
10006ca6:	7c78      	ldrb	r0, [r7, #17]
10006ca8:	4282      	cmp	r2, r0
10006caa:	d906      	bls.n	10006cba <process_enumeration+0x192>
10006cac:	00c3      	lsls	r3, r0, #3
10006cae:	1a1b      	subs	r3, r3, r0
10006cb0:	009b      	lsls	r3, r3, #2
10006cb2:	18cb      	adds	r3, r1, r3
10006cb4:	2b00      	cmp	r3, #0
10006cb6:	d000      	beq.n	10006cba <process_enumeration+0x192>
10006cb8:	e16b      	b.n	10006f92 <process_enumeration+0x46a>
10006cba:	7cb8      	ldrb	r0, [r7, #18]
10006cbc:	4282      	cmp	r2, r0
10006cbe:	d906      	bls.n	10006cce <process_enumeration+0x1a6>
10006cc0:	00c3      	lsls	r3, r0, #3
10006cc2:	1a1b      	subs	r3, r3, r0
10006cc4:	009b      	lsls	r3, r3, #2
10006cc6:	18cb      	adds	r3, r1, r3
10006cc8:	2b00      	cmp	r3, #0
10006cca:	d000      	beq.n	10006cce <process_enumeration+0x1a6>
10006ccc:	e163      	b.n	10006f96 <process_enumeration+0x46e>
10006cce:	7cf8      	ldrb	r0, [r7, #19]
10006cd0:	4282      	cmp	r2, r0
10006cd2:	d906      	bls.n	10006ce2 <process_enumeration+0x1ba>
10006cd4:	00c3      	lsls	r3, r0, #3
10006cd6:	1a1b      	subs	r3, r3, r0
10006cd8:	009b      	lsls	r3, r3, #2
10006cda:	18cb      	adds	r3, r1, r3
10006cdc:	2b00      	cmp	r3, #0
10006cde:	d000      	beq.n	10006ce2 <process_enumeration+0x1ba>
10006ce0:	e153      	b.n	10006f8a <process_enumeration+0x462>
10006ce2:	7d38      	ldrb	r0, [r7, #20]
10006ce4:	4290      	cmp	r0, r2
10006ce6:	d207      	bcs.n	10006cf8 <process_enumeration+0x1d0>
10006ce8:	00c3      	lsls	r3, r0, #3
10006cea:	1a1b      	subs	r3, r3, r0
10006cec:	009b      	lsls	r3, r3, #2
10006cee:	18cb      	adds	r3, r1, r3
10006cf0:	2607      	movs	r6, #7
10006cf2:	2b00      	cmp	r3, #0
10006cf4:	d000      	beq.n	10006cf8 <process_enumeration+0x1d0>
10006cf6:	e13a      	b.n	10006f6e <process_enumeration+0x446>
10006cf8:	2110      	movs	r1, #16
10006cfa:	4a4f      	ldr	r2, [pc, #316]	@ (10006e38 <process_enumeration+0x310>)
10006cfc:	78d3      	ldrb	r3, [r2, #3]
10006cfe:	438b      	bics	r3, r1
10006d00:	70d3      	strb	r3, [r2, #3]
10006d02:	4b52      	ldr	r3, [pc, #328]	@ (10006e4c <process_enumeration+0x324>)
10006d04:	2b00      	cmp	r3, #0
10006d06:	d100      	bne.n	10006d0a <process_enumeration+0x1e2>
10006d08:	e73a      	b.n	10006b80 <process_enumeration+0x58>
10006d0a:	2001      	movs	r0, #1
10006d0c:	e000      	b.n	10006d10 <process_enumeration+0x1e8>
10006d0e:	bf00      	nop
10006d10:	e736      	b.n	10006b80 <process_enumeration+0x58>
10006d12:	2280      	movs	r2, #128	@ 0x80
10006d14:	4e4a      	ldr	r6, [pc, #296]	@ (10006e40 <process_enumeration+0x318>)
10006d16:	0092      	lsls	r2, r2, #2
10006d18:	8973      	ldrh	r3, [r6, #10]
10006d1a:	4293      	cmp	r3, r2
10006d1c:	d900      	bls.n	10006d20 <process_enumeration+0x1f8>
10006d1e:	e72f      	b.n	10006b80 <process_enumeration+0x58>
10006d20:	4a4b      	ldr	r2, [pc, #300]	@ (10006e50 <process_enumeration+0x328>)
10006d22:	af04      	add	r7, sp, #16
10006d24:	9204      	str	r2, [sp, #16]
10006d26:	2200      	movs	r2, #0
10006d28:	ac06      	add	r4, sp, #24
10006d2a:	80ba      	strh	r2, [r7, #4]
10006d2c:	80fb      	strh	r3, [r7, #6]
10006d2e:	2100      	movs	r1, #0
10006d30:	0020      	movs	r0, r4
10006d32:	3208      	adds	r2, #8
10006d34:	f7fc f910 	bl	10002f58 <__wrap_memset>
10006d38:	4b46      	ldr	r3, [pc, #280]	@ (10006e54 <process_enumeration+0x32c>)
10006d3a:	7025      	strb	r5, [r4, #0]
10006d3c:	930a      	str	r3, [sp, #40]	@ 0x28
10006d3e:	230b      	movs	r3, #11
10006d40:	3608      	adds	r6, #8
10006d42:	0020      	movs	r0, r4
10006d44:	9708      	str	r7, [sp, #32]
10006d46:	9609      	str	r6, [sp, #36]	@ 0x24
10006d48:	930b      	str	r3, [sp, #44]	@ 0x2c
10006d4a:	f7ff fce1 	bl	10006710 <tuh_control_xfer>
10006d4e:	e717      	b.n	10006b80 <process_enumeration+0x58>
10006d50:	4b41      	ldr	r3, [pc, #260]	@ (10006e58 <process_enumeration+0x330>)
10006d52:	ac06      	add	r4, sp, #24
10006d54:	9304      	str	r3, [sp, #16]
10006d56:	2300      	movs	r3, #0
10006d58:	2210      	movs	r2, #16
10006d5a:	2100      	movs	r1, #0
10006d5c:	0020      	movs	r0, r4
10006d5e:	9305      	str	r3, [sp, #20]
10006d60:	f7fc f8fa 	bl	10002f58 <__wrap_memset>
10006d64:	ab04      	add	r3, sp, #16
10006d66:	7025      	strb	r5, [r4, #0]
10006d68:	9308      	str	r3, [sp, #32]
10006d6a:	4b3a      	ldr	r3, [pc, #232]	@ (10006e54 <process_enumeration+0x32c>)
10006d6c:	0020      	movs	r0, r4
10006d6e:	930a      	str	r3, [sp, #40]	@ 0x28
10006d70:	230c      	movs	r3, #12
10006d72:	930b      	str	r3, [sp, #44]	@ 0x2c
10006d74:	f7ff fccc 	bl	10006710 <tuh_control_xfer>
10006d78:	e702      	b.n	10006b80 <process_enumeration+0x58>
10006d7a:	ab04      	add	r3, sp, #16
10006d7c:	469c      	mov	ip, r3
10006d7e:	200a      	movs	r0, #10
10006d80:	2205      	movs	r2, #5
10006d82:	2100      	movs	r1, #0
10006d84:	4460      	add	r0, ip
10006d86:	f7fc f8e7 	bl	10002f58 <__wrap_memset>
10006d8a:	4b34      	ldr	r3, [pc, #208]	@ (10006e5c <process_enumeration+0x334>)
10006d8c:	ac06      	add	r4, sp, #24
10006d8e:	8023      	strh	r3, [r4, #0]
10006d90:	2308      	movs	r3, #8
10006d92:	80a3      	strh	r3, [r4, #4]
10006d94:	4b28      	ldr	r3, [pc, #160]	@ (10006e38 <process_enumeration+0x310>)
10006d96:	0022      	movs	r2, r4
10006d98:	2100      	movs	r1, #0
10006d9a:	7818      	ldrb	r0, [r3, #0]
10006d9c:	f7fe fd7a 	bl	10005894 <hcd_edpt_open>
10006da0:	2800      	cmp	r0, #0
10006da2:	d100      	bne.n	10006da6 <process_enumeration+0x27e>
10006da4:	e6ec      	b.n	10006b80 <process_enumeration+0x58>
10006da6:	4b2e      	ldr	r3, [pc, #184]	@ (10006e60 <process_enumeration+0x338>)
10006da8:	2208      	movs	r2, #8
10006daa:	9304      	str	r3, [sp, #16]
10006dac:	2380      	movs	r3, #128	@ 0x80
10006dae:	2100      	movs	r1, #0
10006db0:	031b      	lsls	r3, r3, #12
10006db2:	0020      	movs	r0, r4
10006db4:	9305      	str	r3, [sp, #20]
10006db6:	f7fc f8cf 	bl	10002f58 <__wrap_memset>
10006dba:	ab04      	add	r3, sp, #16
10006dbc:	9308      	str	r3, [sp, #32]
10006dbe:	4b29      	ldr	r3, [pc, #164]	@ (10006e64 <process_enumeration+0x33c>)
10006dc0:	0020      	movs	r0, r4
10006dc2:	9309      	str	r3, [sp, #36]	@ 0x24
10006dc4:	4b23      	ldr	r3, [pc, #140]	@ (10006e54 <process_enumeration+0x32c>)
10006dc6:	930a      	str	r3, [sp, #40]	@ 0x28
10006dc8:	2307      	movs	r3, #7
10006dca:	930b      	str	r3, [sp, #44]	@ 0x2c
10006dcc:	f7ff fca0 	bl	10006710 <tuh_control_xfer>
10006dd0:	e6d6      	b.n	10006b80 <process_enumeration+0x58>
10006dd2:	491b      	ldr	r1, [pc, #108]	@ (10006e40 <process_enumeration+0x318>)
10006dd4:	7b0b      	ldrb	r3, [r1, #12]
10006dd6:	2b09      	cmp	r3, #9
10006dd8:	d100      	bne.n	10006ddc <process_enumeration+0x2b4>
10006dda:	e6d1      	b.n	10006b80 <process_enumeration+0x58>
10006ddc:	4b17      	ldr	r3, [pc, #92]	@ (10006e3c <process_enumeration+0x314>)
10006dde:	791a      	ldrb	r2, [r3, #4]
10006de0:	07d2      	lsls	r2, r2, #31
10006de2:	0fd0      	lsrs	r0, r2, #31
10006de4:	2a00      	cmp	r2, #0
10006de6:	d000      	beq.n	10006dea <process_enumeration+0x2c2>
10006de8:	e6ca      	b.n	10006b80 <process_enumeration+0x58>
10006dea:	4a13      	ldr	r2, [pc, #76]	@ (10006e38 <process_enumeration+0x310>)
10006dec:	8814      	ldrh	r4, [r2, #0]
10006dee:	801c      	strh	r4, [r3, #0]
10006df0:	7894      	ldrb	r4, [r2, #2]
10006df2:	78d2      	ldrb	r2, [r2, #3]
10006df4:	709c      	strb	r4, [r3, #2]
10006df6:	2401      	movs	r4, #1
10006df8:	0712      	lsls	r2, r2, #28
10006dfa:	0f12      	lsrs	r2, r2, #28
10006dfc:	70da      	strb	r2, [r3, #3]
10006dfe:	791a      	ldrb	r2, [r3, #4]
10006e00:	4322      	orrs	r2, r4
10006e02:	711a      	strb	r2, [r3, #4]
10006e04:	7bca      	ldrb	r2, [r1, #15]
10006e06:	ac06      	add	r4, sp, #24
10006e08:	715a      	strb	r2, [r3, #5]
10006e0a:	4b17      	ldr	r3, [pc, #92]	@ (10006e68 <process_enumeration+0x340>)
10006e0c:	9005      	str	r0, [sp, #20]
10006e0e:	2210      	movs	r2, #16
10006e10:	2100      	movs	r1, #0
10006e12:	0020      	movs	r0, r4
10006e14:	9304      	str	r3, [sp, #16]
10006e16:	f7fc f89f 	bl	10002f58 <__wrap_memset>
10006e1a:	ab04      	add	r3, sp, #16
10006e1c:	9308      	str	r3, [sp, #32]
10006e1e:	4b0d      	ldr	r3, [pc, #52]	@ (10006e54 <process_enumeration+0x32c>)
10006e20:	0020      	movs	r0, r4
10006e22:	930a      	str	r3, [sp, #40]	@ 0x28
10006e24:	2308      	movs	r3, #8
10006e26:	930b      	str	r3, [sp, #44]	@ 0x2c
10006e28:	f7ff fc72 	bl	10006710 <tuh_control_xfer>
10006e2c:	e6a8      	b.n	10006b80 <process_enumeration+0x58>
10006e2e:	46c0      	nop			@ (mov r8, r8)
10006e30:	2000137f 	.word	0x2000137f
10006e34:	10009048 	.word	0x10009048
10006e38:	20000a24 	.word	0x20000a24
10006e3c:	20000a28 	.word	0x20000a28
10006e40:	20000a80 	.word	0x20000a80
10006e44:	2000137c 	.word	0x2000137c
10006e48:	20000a10 	.word	0x20000a10
10006e4c:	00000000 	.word	0x00000000
10006e50:	02000680 	.word	0x02000680
10006e54:	10006b29 	.word	0x10006b29
10006e58:	00010900 	.word	0x00010900
10006e5c:	00000507 	.word	0x00000507
10006e60:	01000680 	.word	0x01000680
10006e64:	20000a88 	.word	0x20000a88
10006e68:	00010500 	.word	0x00010500
10006e6c:	2002      	movs	r0, #2
10006e6e:	f000 f9d9 	bl	10007224 <tusb_time_delay_ms_api>
10006e72:	68a3      	ldr	r3, [r4, #8]
10006e74:	789e      	ldrb	r6, [r3, #2]
10006e76:	2e01      	cmp	r6, #1
10006e78:	d000      	beq.n	10006e7c <process_enumeration+0x354>
10006e7a:	e681      	b.n	10006b80 <process_enumeration+0x58>
10006e7c:	2202      	movs	r2, #2
10006e7e:	4d47      	ldr	r5, [pc, #284]	@ (10006f9c <process_enumeration+0x474>)
10006e80:	2100      	movs	r1, #0
10006e82:	792b      	ldrb	r3, [r5, #4]
10006e84:	ac06      	add	r4, sp, #24
10006e86:	4313      	orrs	r3, r2
10006e88:	712b      	strb	r3, [r5, #4]
10006e8a:	4b45      	ldr	r3, [pc, #276]	@ (10006fa0 <process_enumeration+0x478>)
10006e8c:	7818      	ldrb	r0, [r3, #0]
10006e8e:	f7fe fac3 	bl	10005418 <hcd_device_close>
10006e92:	ab04      	add	r3, sp, #16
10006e94:	469c      	mov	ip, r3
10006e96:	200a      	movs	r0, #10
10006e98:	2205      	movs	r2, #5
10006e9a:	2100      	movs	r1, #0
10006e9c:	4460      	add	r0, ip
10006e9e:	796f      	ldrb	r7, [r5, #5]
10006ea0:	f7fc f85a 	bl	10002f58 <__wrap_memset>
10006ea4:	4b3f      	ldr	r3, [pc, #252]	@ (10006fa4 <process_enumeration+0x47c>)
10006ea6:	0022      	movs	r2, r4
10006ea8:	2101      	movs	r1, #1
10006eaa:	7828      	ldrb	r0, [r5, #0]
10006eac:	8023      	strh	r3, [r4, #0]
10006eae:	80a7      	strh	r7, [r4, #4]
10006eb0:	f7fe fcf0 	bl	10005894 <hcd_edpt_open>
10006eb4:	2800      	cmp	r0, #0
10006eb6:	d100      	bne.n	10006eba <process_enumeration+0x392>
10006eb8:	e662      	b.n	10006b80 <process_enumeration+0x58>
10006eba:	4b3b      	ldr	r3, [pc, #236]	@ (10006fa8 <process_enumeration+0x480>)
10006ebc:	2208      	movs	r2, #8
10006ebe:	9304      	str	r3, [sp, #16]
10006ec0:	2390      	movs	r3, #144	@ 0x90
10006ec2:	2100      	movs	r1, #0
10006ec4:	035b      	lsls	r3, r3, #13
10006ec6:	0020      	movs	r0, r4
10006ec8:	9305      	str	r3, [sp, #20]
10006eca:	f7fc f845 	bl	10002f58 <__wrap_memset>
10006ece:	ab04      	add	r3, sp, #16
10006ed0:	7026      	strb	r6, [r4, #0]
10006ed2:	9308      	str	r3, [sp, #32]
10006ed4:	4b35      	ldr	r3, [pc, #212]	@ (10006fac <process_enumeration+0x484>)
10006ed6:	0020      	movs	r0, r4
10006ed8:	9309      	str	r3, [sp, #36]	@ 0x24
10006eda:	4b35      	ldr	r3, [pc, #212]	@ (10006fb0 <process_enumeration+0x488>)
10006edc:	930a      	str	r3, [sp, #40]	@ 0x28
10006ede:	2309      	movs	r3, #9
10006ee0:	930b      	str	r3, [sp, #44]	@ 0x2c
10006ee2:	f7ff fc15 	bl	10006710 <tuh_control_xfer>
10006ee6:	e64b      	b.n	10006b80 <process_enumeration+0x58>
10006ee8:	2d01      	cmp	r5, #1
10006eea:	d000      	beq.n	10006eee <process_enumeration+0x3c6>
10006eec:	e648      	b.n	10006b80 <process_enumeration+0x58>
10006eee:	4e31      	ldr	r6, [pc, #196]	@ (10006fb4 <process_enumeration+0x48c>)
10006ef0:	4b2a      	ldr	r3, [pc, #168]	@ (10006f9c <process_enumeration+0x474>)
10006ef2:	8a32      	ldrh	r2, [r6, #16]
10006ef4:	ac06      	add	r4, sp, #24
10006ef6:	80da      	strh	r2, [r3, #6]
10006ef8:	8a72      	ldrh	r2, [r6, #18]
10006efa:	2100      	movs	r1, #0
10006efc:	811a      	strh	r2, [r3, #8]
10006efe:	8af2      	ldrh	r2, [r6, #22]
10006f00:	0020      	movs	r0, r4
10006f02:	815a      	strh	r2, [r3, #10]
10006f04:	7e32      	ldrb	r2, [r6, #24]
10006f06:	3608      	adds	r6, #8
10006f08:	731a      	strb	r2, [r3, #12]
10006f0a:	4b2b      	ldr	r3, [pc, #172]	@ (10006fb8 <process_enumeration+0x490>)
10006f0c:	2208      	movs	r2, #8
10006f0e:	9304      	str	r3, [sp, #16]
10006f10:	2390      	movs	r3, #144	@ 0x90
10006f12:	031b      	lsls	r3, r3, #12
10006f14:	9305      	str	r3, [sp, #20]
10006f16:	f7fc f81f 	bl	10002f58 <__wrap_memset>
10006f1a:	ab04      	add	r3, sp, #16
10006f1c:	7025      	strb	r5, [r4, #0]
10006f1e:	9308      	str	r3, [sp, #32]
10006f20:	4b23      	ldr	r3, [pc, #140]	@ (10006fb0 <process_enumeration+0x488>)
10006f22:	0020      	movs	r0, r4
10006f24:	930a      	str	r3, [sp, #40]	@ 0x28
10006f26:	230a      	movs	r3, #10
10006f28:	9609      	str	r6, [sp, #36]	@ 0x24
10006f2a:	930b      	str	r3, [sp, #44]	@ 0x2c
10006f2c:	f7ff fbf0 	bl	10006710 <tuh_control_xfer>
10006f30:	e626      	b.n	10006b80 <process_enumeration+0x58>
10006f32:	002b      	movs	r3, r5
10006f34:	9e01      	ldr	r6, [sp, #4]
10006f36:	003d      	movs	r5, r7
10006f38:	464f      	mov	r7, r9
10006f3a:	4699      	mov	r9, r3
10006f3c:	b2e3      	uxtb	r3, r4
10006f3e:	2e00      	cmp	r6, #0
10006f40:	d00e      	beq.n	10006f60 <process_enumeration+0x438>
10006f42:	4644      	mov	r4, r8
10006f44:	78aa      	ldrb	r2, [r5, #2]
10006f46:	18b6      	adds	r6, r6, r2
10006f48:	b2f6      	uxtb	r6, r6
10006f4a:	18a1      	adds	r1, r4, r2
10006f4c:	7b48      	ldrb	r0, [r1, #13]
10006f4e:	28ff      	cmp	r0, #255	@ 0xff
10006f50:	d000      	beq.n	10006f54 <process_enumeration+0x42c>
10006f52:	e615      	b.n	10006b80 <process_enumeration+0x58>
10006f54:	3201      	adds	r2, #1
10006f56:	b2d2      	uxtb	r2, r2
10006f58:	734b      	strb	r3, [r1, #13]
10006f5a:	42b2      	cmp	r2, r6
10006f5c:	d1f5      	bne.n	10006f4a <process_enumeration+0x422>
10006f5e:	46a0      	mov	r8, r4
10006f60:	003a      	movs	r2, r7
10006f62:	0029      	movs	r1, r5
10006f64:	4815      	ldr	r0, [pc, #84]	@ (10006fbc <process_enumeration+0x494>)
10006f66:	f000 f9e3 	bl	10007330 <tu_edpt_bind_driver>
10006f6a:	e66b      	b.n	10006c44 <process_enumeration+0x11c>
10006f6c:	2601      	movs	r6, #1
10006f6e:	0031      	movs	r1, r6
10006f70:	691b      	ldr	r3, [r3, #16]
10006f72:	2001      	movs	r0, #1
10006f74:	4798      	blx	r3
10006f76:	e603      	b.n	10006b80 <process_enumeration+0x58>
10006f78:	4b11      	ldr	r3, [pc, #68]	@ (10006fc0 <process_enumeration+0x498>)
10006f7a:	4647      	mov	r7, r8
10006f7c:	9e03      	ldr	r6, [sp, #12]
10006f7e:	9302      	str	r3, [sp, #8]
10006f80:	e665      	b.n	10006c4e <process_enumeration+0x126>
10006f82:	9302      	str	r3, [sp, #8]
10006f84:	e663      	b.n	10006c4e <process_enumeration+0x126>
10006f86:	2602      	movs	r6, #2
10006f88:	e7f1      	b.n	10006f6e <process_enumeration+0x446>
10006f8a:	2606      	movs	r6, #6
10006f8c:	e7ef      	b.n	10006f6e <process_enumeration+0x446>
10006f8e:	2603      	movs	r6, #3
10006f90:	e7ed      	b.n	10006f6e <process_enumeration+0x446>
10006f92:	2604      	movs	r6, #4
10006f94:	e7eb      	b.n	10006f6e <process_enumeration+0x446>
10006f96:	2605      	movs	r6, #5
10006f98:	e7e9      	b.n	10006f6e <process_enumeration+0x446>
10006f9a:	46c0      	nop			@ (mov r8, r8)
10006f9c:	20000a28 	.word	0x20000a28
10006fa0:	20000a24 	.word	0x20000a24
10006fa4:	00000507 	.word	0x00000507
10006fa8:	01000680 	.word	0x01000680
10006fac:	20000a88 	.word	0x20000a88
10006fb0:	10006b29 	.word	0x10006b29
10006fb4:	20000a80 	.word	0x20000a80
10006fb8:	02000680 	.word	0x02000680
10006fbc:	20000a3d 	.word	0x20000a3d
10006fc0:	2000137c 	.word	0x2000137c

10006fc4 <usbh_edpt_claim>:
10006fc4:	b510      	push	{r4, lr}
10006fc6:	2801      	cmp	r0, #1
10006fc8:	d113      	bne.n	10006ff2 <usbh_edpt_claim+0x2e>
10006fca:	4a0b      	ldr	r2, [pc, #44]	@ (10006ff8 <usbh_edpt_claim+0x34>)
10006fcc:	7913      	ldrb	r3, [r2, #4]
10006fce:	07db      	lsls	r3, r3, #31
10006fd0:	0fd8      	lsrs	r0, r3, #31
10006fd2:	2b00      	cmp	r3, #0
10006fd4:	d100      	bne.n	10006fd8 <usbh_edpt_claim+0x14>
10006fd6:	bd10      	pop	{r4, pc}
10006fd8:	207f      	movs	r0, #127	@ 0x7f
10006fda:	4b08      	ldr	r3, [pc, #32]	@ (10006ffc <usbh_edpt_claim+0x38>)
10006fdc:	4008      	ands	r0, r1
10006fde:	681c      	ldr	r4, [r3, #0]
10006fe0:	09cb      	lsrs	r3, r1, #7
10006fe2:	3335      	adds	r3, #53	@ 0x35
10006fe4:	0040      	lsls	r0, r0, #1
10006fe6:	18c0      	adds	r0, r0, r3
10006fe8:	0021      	movs	r1, r4
10006fea:	1880      	adds	r0, r0, r2
10006fec:	f000 f91e 	bl	1000722c <tu_edpt_claim>
10006ff0:	e7f1      	b.n	10006fd6 <usbh_edpt_claim+0x12>
10006ff2:	2000      	movs	r0, #0
10006ff4:	e7ef      	b.n	10006fd6 <usbh_edpt_claim+0x12>
10006ff6:	46c0      	nop			@ (mov r8, r8)
10006ff8:	20000a28 	.word	0x20000a28
10006ffc:	20000c88 	.word	0x20000c88

10007000 <usbh_edpt_release>:
10007000:	b510      	push	{r4, lr}
10007002:	2801      	cmp	r0, #1
10007004:	d113      	bne.n	1000702e <usbh_edpt_release+0x2e>
10007006:	4a0b      	ldr	r2, [pc, #44]	@ (10007034 <usbh_edpt_release+0x34>)
10007008:	7913      	ldrb	r3, [r2, #4]
1000700a:	07db      	lsls	r3, r3, #31
1000700c:	0fd8      	lsrs	r0, r3, #31
1000700e:	2b00      	cmp	r3, #0
10007010:	d100      	bne.n	10007014 <usbh_edpt_release+0x14>
10007012:	bd10      	pop	{r4, pc}
10007014:	207f      	movs	r0, #127	@ 0x7f
10007016:	4b08      	ldr	r3, [pc, #32]	@ (10007038 <usbh_edpt_release+0x38>)
10007018:	4008      	ands	r0, r1
1000701a:	681c      	ldr	r4, [r3, #0]
1000701c:	09cb      	lsrs	r3, r1, #7
1000701e:	3335      	adds	r3, #53	@ 0x35
10007020:	0040      	lsls	r0, r0, #1
10007022:	18c0      	adds	r0, r0, r3
10007024:	0021      	movs	r1, r4
10007026:	1880      	adds	r0, r0, r2
10007028:	f000 f928 	bl	1000727c <tu_edpt_release>
1000702c:	e7f1      	b.n	10007012 <usbh_edpt_release+0x12>
1000702e:	2000      	movs	r0, #0
10007030:	e7ef      	b.n	10007012 <usbh_edpt_release+0x12>
10007032:	46c0      	nop			@ (mov r8, r8)
10007034:	20000a28 	.word	0x20000a28
10007038:	20000c88 	.word	0x20000c88

1000703c <usbh_edpt_xfer_with_callback>:
1000703c:	b5f0      	push	{r4, r5, r6, r7, lr}
1000703e:	0005      	movs	r5, r0
10007040:	b083      	sub	sp, #12
10007042:	2801      	cmp	r0, #1
10007044:	d10a      	bne.n	1000705c <usbh_edpt_xfer_with_callback+0x20>
10007046:	247f      	movs	r4, #127	@ 0x7f
10007048:	4e10      	ldr	r6, [pc, #64]	@ (1000708c <usbh_edpt_xfer_with_callback+0x50>)
1000704a:	400c      	ands	r4, r1
1000704c:	0064      	lsls	r4, r4, #1
1000704e:	09c8      	lsrs	r0, r1, #7
10007050:	1934      	adds	r4, r6, r4
10007052:	1824      	adds	r4, r4, r0
10007054:	3430      	adds	r4, #48	@ 0x30
10007056:	7960      	ldrb	r0, [r4, #5]
10007058:	07c0      	lsls	r0, r0, #31
1000705a:	d502      	bpl.n	10007062 <usbh_edpt_xfer_with_callback+0x26>
1000705c:	2000      	movs	r0, #0
1000705e:	b003      	add	sp, #12
10007060:	bdf0      	pop	{r4, r5, r6, r7, pc}
10007062:	2701      	movs	r7, #1
10007064:	7960      	ldrb	r0, [r4, #5]
10007066:	4338      	orrs	r0, r7
10007068:	7160      	strb	r0, [r4, #5]
1000706a:	7830      	ldrb	r0, [r6, #0]
1000706c:	9300      	str	r3, [sp, #0]
1000706e:	0013      	movs	r3, r2
10007070:	000a      	movs	r2, r1
10007072:	2101      	movs	r1, #1
10007074:	f7fe fd28 	bl	10005ac8 <hcd_edpt_xfer>
10007078:	2800      	cmp	r0, #0
1000707a:	d1f0      	bne.n	1000705e <usbh_edpt_xfer_with_callback+0x22>
1000707c:	2204      	movs	r2, #4
1000707e:	7963      	ldrb	r3, [r4, #5]
10007080:	43ab      	bics	r3, r5
10007082:	7163      	strb	r3, [r4, #5]
10007084:	7963      	ldrb	r3, [r4, #5]
10007086:	4393      	bics	r3, r2
10007088:	7163      	strb	r3, [r4, #5]
1000708a:	e7e7      	b.n	1000705c <usbh_edpt_xfer_with_callback+0x20>
1000708c:	20000a28 	.word	0x20000a28

10007090 <tuh_edpt_open>:
10007090:	b570      	push	{r4, r5, r6, lr}
10007092:	0004      	movs	r4, r0
10007094:	000d      	movs	r5, r1
10007096:	2801      	cmp	r0, #1
10007098:	d10c      	bne.n	100070b4 <tuh_edpt_open+0x24>
1000709a:	4e0c      	ldr	r6, [pc, #48]	@ (100070cc <tuh_edpt_open+0x3c>)
1000709c:	0028      	movs	r0, r5
1000709e:	78f1      	ldrb	r1, [r6, #3]
100070a0:	f000 f908 	bl	100072b4 <tu_edpt_validate>
100070a4:	2800      	cmp	r0, #0
100070a6:	d00e      	beq.n	100070c6 <tuh_edpt_open+0x36>
100070a8:	002a      	movs	r2, r5
100070aa:	0021      	movs	r1, r4
100070ac:	7830      	ldrb	r0, [r6, #0]
100070ae:	f7fe fbf1 	bl	10005894 <hcd_edpt_open>
100070b2:	bd70      	pop	{r4, r5, r6, pc}
100070b4:	4e06      	ldr	r6, [pc, #24]	@ (100070d0 <tuh_edpt_open+0x40>)
100070b6:	0028      	movs	r0, r5
100070b8:	78f1      	ldrb	r1, [r6, #3]
100070ba:	0709      	lsls	r1, r1, #28
100070bc:	0f09      	lsrs	r1, r1, #28
100070be:	f000 f8f9 	bl	100072b4 <tu_edpt_validate>
100070c2:	2800      	cmp	r0, #0
100070c4:	d1f0      	bne.n	100070a8 <tuh_edpt_open+0x18>
100070c6:	2000      	movs	r0, #0
100070c8:	e7f3      	b.n	100070b2 <tuh_edpt_open+0x22>
100070ca:	46c0      	nop			@ (mov r8, r8)
100070cc:	20000a28 	.word	0x20000a28
100070d0:	20000a24 	.word	0x20000a24

100070d4 <usbh_edpt_busy>:
100070d4:	2801      	cmp	r0, #1
100070d6:	d10b      	bne.n	100070f0 <usbh_edpt_busy+0x1c>
100070d8:	227f      	movs	r2, #127	@ 0x7f
100070da:	4b06      	ldr	r3, [pc, #24]	@ (100070f4 <usbh_edpt_busy+0x20>)
100070dc:	400a      	ands	r2, r1
100070de:	0052      	lsls	r2, r2, #1
100070e0:	09c9      	lsrs	r1, r1, #7
100070e2:	189b      	adds	r3, r3, r2
100070e4:	185b      	adds	r3, r3, r1
100070e6:	3330      	adds	r3, #48	@ 0x30
100070e8:	7958      	ldrb	r0, [r3, #5]
100070ea:	07c0      	lsls	r0, r0, #31
100070ec:	0fc0      	lsrs	r0, r0, #31
100070ee:	4770      	bx	lr
100070f0:	2000      	movs	r0, #0
100070f2:	e7fc      	b.n	100070ee <usbh_edpt_busy+0x1a>
100070f4:	20000a28 	.word	0x20000a28

100070f8 <usbh_driver_set_config_complete>:
100070f8:	000a      	movs	r2, r1
100070fa:	b5f8      	push	{r3, r4, r5, r6, r7, lr}
100070fc:	2801      	cmp	r0, #1
100070fe:	d000      	beq.n	10007102 <usbh_driver_set_config_complete+0xa>
10007100:	e081      	b.n	10007206 <usbh_driver_set_config_complete+0x10e>
10007102:	4c43      	ldr	r4, [pc, #268]	@ (10007210 <usbh_driver_set_config_complete+0x118>)
10007104:	1c51      	adds	r1, r2, #1
10007106:	b2c9      	uxtb	r1, r1
10007108:	2907      	cmp	r1, #7
1000710a:	d900      	bls.n	1000710e <usbh_driver_set_config_complete+0x16>
1000710c:	e07d      	b.n	1000720a <usbh_driver_set_config_complete+0x112>
1000710e:	4b41      	ldr	r3, [pc, #260]	@ (10007214 <usbh_driver_set_config_complete+0x11c>)
10007110:	781d      	ldrb	r5, [r3, #0]
10007112:	4b41      	ldr	r3, [pc, #260]	@ (10007218 <usbh_driver_set_config_complete+0x120>)
10007114:	681e      	ldr	r6, [r3, #0]
10007116:	1863      	adds	r3, r4, r1
10007118:	7b5f      	ldrb	r7, [r3, #13]
1000711a:	42bd      	cmp	r5, r7
1000711c:	d905      	bls.n	1000712a <usbh_driver_set_config_complete+0x32>
1000711e:	00fb      	lsls	r3, r7, #3
10007120:	1bdb      	subs	r3, r3, r7
10007122:	009b      	lsls	r3, r3, #2
10007124:	18f3      	adds	r3, r6, r3
10007126:	2b00      	cmp	r3, #0
10007128:	d16a      	bne.n	10007200 <usbh_driver_set_config_complete+0x108>
1000712a:	1c91      	adds	r1, r2, #2
1000712c:	b2c9      	uxtb	r1, r1
1000712e:	2908      	cmp	r1, #8
10007130:	d05a      	beq.n	100071e8 <usbh_driver_set_config_complete+0xf0>
10007132:	1863      	adds	r3, r4, r1
10007134:	7b5f      	ldrb	r7, [r3, #13]
10007136:	42bd      	cmp	r5, r7
10007138:	d905      	bls.n	10007146 <usbh_driver_set_config_complete+0x4e>
1000713a:	00fb      	lsls	r3, r7, #3
1000713c:	1bdb      	subs	r3, r3, r7
1000713e:	009b      	lsls	r3, r3, #2
10007140:	18f3      	adds	r3, r6, r3
10007142:	2b00      	cmp	r3, #0
10007144:	d15c      	bne.n	10007200 <usbh_driver_set_config_complete+0x108>
10007146:	1cd1      	adds	r1, r2, #3
10007148:	b2c9      	uxtb	r1, r1
1000714a:	2908      	cmp	r1, #8
1000714c:	d04c      	beq.n	100071e8 <usbh_driver_set_config_complete+0xf0>
1000714e:	1863      	adds	r3, r4, r1
10007150:	7b5f      	ldrb	r7, [r3, #13]
10007152:	42bd      	cmp	r5, r7
10007154:	d905      	bls.n	10007162 <usbh_driver_set_config_complete+0x6a>
10007156:	00fb      	lsls	r3, r7, #3
10007158:	1bdb      	subs	r3, r3, r7
1000715a:	009b      	lsls	r3, r3, #2
1000715c:	18f3      	adds	r3, r6, r3
1000715e:	2b00      	cmp	r3, #0
10007160:	d14e      	bne.n	10007200 <usbh_driver_set_config_complete+0x108>
10007162:	1d11      	adds	r1, r2, #4
10007164:	b2c9      	uxtb	r1, r1
10007166:	2908      	cmp	r1, #8
10007168:	d03e      	beq.n	100071e8 <usbh_driver_set_config_complete+0xf0>
1000716a:	1863      	adds	r3, r4, r1
1000716c:	7b5f      	ldrb	r7, [r3, #13]
1000716e:	42bd      	cmp	r5, r7
10007170:	d905      	bls.n	1000717e <usbh_driver_set_config_complete+0x86>
10007172:	00fb      	lsls	r3, r7, #3
10007174:	1bdb      	subs	r3, r3, r7
10007176:	009b      	lsls	r3, r3, #2
10007178:	18f3      	adds	r3, r6, r3
1000717a:	2b00      	cmp	r3, #0
1000717c:	d140      	bne.n	10007200 <usbh_driver_set_config_complete+0x108>
1000717e:	1d51      	adds	r1, r2, #5
10007180:	b2c9      	uxtb	r1, r1
10007182:	2908      	cmp	r1, #8
10007184:	d030      	beq.n	100071e8 <usbh_driver_set_config_complete+0xf0>
10007186:	1863      	adds	r3, r4, r1
10007188:	7b5f      	ldrb	r7, [r3, #13]
1000718a:	42bd      	cmp	r5, r7
1000718c:	d905      	bls.n	1000719a <usbh_driver_set_config_complete+0xa2>
1000718e:	00fb      	lsls	r3, r7, #3
10007190:	1bdb      	subs	r3, r3, r7
10007192:	009b      	lsls	r3, r3, #2
10007194:	18f3      	adds	r3, r6, r3
10007196:	2b00      	cmp	r3, #0
10007198:	d132      	bne.n	10007200 <usbh_driver_set_config_complete+0x108>
1000719a:	1d91      	adds	r1, r2, #6
1000719c:	b2c9      	uxtb	r1, r1
1000719e:	2908      	cmp	r1, #8
100071a0:	d022      	beq.n	100071e8 <usbh_driver_set_config_complete+0xf0>
100071a2:	1863      	adds	r3, r4, r1
100071a4:	7b5f      	ldrb	r7, [r3, #13]
100071a6:	42bd      	cmp	r5, r7
100071a8:	d905      	bls.n	100071b6 <usbh_driver_set_config_complete+0xbe>
100071aa:	00fb      	lsls	r3, r7, #3
100071ac:	1bdb      	subs	r3, r3, r7
100071ae:	009b      	lsls	r3, r3, #2
100071b0:	18f3      	adds	r3, r6, r3
100071b2:	2b00      	cmp	r3, #0
100071b4:	d124      	bne.n	10007200 <usbh_driver_set_config_complete+0x108>
100071b6:	1dd1      	adds	r1, r2, #7
100071b8:	b2c9      	uxtb	r1, r1
100071ba:	2908      	cmp	r1, #8
100071bc:	d014      	beq.n	100071e8 <usbh_driver_set_config_complete+0xf0>
100071be:	1863      	adds	r3, r4, r1
100071c0:	7b5f      	ldrb	r7, [r3, #13]
100071c2:	42bd      	cmp	r5, r7
100071c4:	d905      	bls.n	100071d2 <usbh_driver_set_config_complete+0xda>
100071c6:	00fb      	lsls	r3, r7, #3
100071c8:	1bdb      	subs	r3, r3, r7
100071ca:	009b      	lsls	r3, r3, #2
100071cc:	18f3      	adds	r3, r6, r3
100071ce:	2b00      	cmp	r3, #0
100071d0:	d116      	bne.n	10007200 <usbh_driver_set_config_complete+0x108>
100071d2:	2aff      	cmp	r2, #255	@ 0xff
100071d4:	d108      	bne.n	100071e8 <usbh_driver_set_config_complete+0xf0>
100071d6:	7d22      	ldrb	r2, [r4, #20]
100071d8:	42aa      	cmp	r2, r5
100071da:	d205      	bcs.n	100071e8 <usbh_driver_set_config_complete+0xf0>
100071dc:	00d3      	lsls	r3, r2, #3
100071de:	1a9b      	subs	r3, r3, r2
100071e0:	009b      	lsls	r3, r3, #2
100071e2:	18f3      	adds	r3, r6, r3
100071e4:	2b00      	cmp	r3, #0
100071e6:	d10a      	bne.n	100071fe <usbh_driver_set_config_complete+0x106>
100071e8:	2110      	movs	r1, #16
100071ea:	4a0c      	ldr	r2, [pc, #48]	@ (1000721c <usbh_driver_set_config_complete+0x124>)
100071ec:	78d3      	ldrb	r3, [r2, #3]
100071ee:	438b      	bics	r3, r1
100071f0:	70d3      	strb	r3, [r2, #3]
100071f2:	4b0b      	ldr	r3, [pc, #44]	@ (10007220 <usbh_driver_set_config_complete+0x128>)
100071f4:	2b00      	cmp	r3, #0
100071f6:	d001      	beq.n	100071fc <usbh_driver_set_config_complete+0x104>
100071f8:	e000      	b.n	100071fc <usbh_driver_set_config_complete+0x104>
100071fa:	bf00      	nop
100071fc:	bdf8      	pop	{r3, r4, r5, r6, r7, pc}
100071fe:	2107      	movs	r1, #7
10007200:	691b      	ldr	r3, [r3, #16]
10007202:	4798      	blx	r3
10007204:	e7fa      	b.n	100071fc <usbh_driver_set_config_complete+0x104>
10007206:	2400      	movs	r4, #0
10007208:	e77c      	b.n	10007104 <usbh_driver_set_config_complete+0xc>
1000720a:	2908      	cmp	r1, #8
1000720c:	d1f6      	bne.n	100071fc <usbh_driver_set_config_complete+0x104>
1000720e:	e7eb      	b.n	100071e8 <usbh_driver_set_config_complete+0xf0>
10007210:	20000a28 	.word	0x20000a28
10007214:	2000137c 	.word	0x2000137c
10007218:	20000a10 	.word	0x20000a10
1000721c:	20000a24 	.word	0x20000a24
10007220:	00000000 	.word	0x00000000

10007224 <tusb_time_delay_ms_api>:
10007224:	b510      	push	{r4, lr}
10007226:	f7fa fb2d 	bl	10001884 <sleep_ms>
1000722a:	bd10      	pop	{r4, pc}

1000722c <tu_edpt_claim>:
1000722c:	7803      	ldrb	r3, [r0, #0]
1000722e:	b570      	push	{r4, r5, r6, lr}
10007230:	07db      	lsls	r3, r3, #31
10007232:	0004      	movs	r4, r0
10007234:	000e      	movs	r6, r1
10007236:	0fdd      	lsrs	r5, r3, #31
10007238:	2b00      	cmp	r3, #0
1000723a:	d117      	bne.n	1000726c <tu_edpt_claim+0x40>
1000723c:	7803      	ldrb	r3, [r0, #0]
1000723e:	075b      	lsls	r3, r3, #29
10007240:	d501      	bpl.n	10007246 <tu_edpt_claim+0x1a>
10007242:	0028      	movs	r0, r5
10007244:	bd70      	pop	{r4, r5, r6, pc}
10007246:	2101      	movs	r1, #1
10007248:	0030      	movs	r0, r6
1000724a:	4249      	negs	r1, r1
1000724c:	f001 fbac 	bl	100089a8 <__mutex_enter_timeout_ms_veneer>
10007250:	7823      	ldrb	r3, [r4, #0]
10007252:	07db      	lsls	r3, r3, #31
10007254:	0fdd      	lsrs	r5, r3, #31
10007256:	2b00      	cmp	r3, #0
10007258:	d10a      	bne.n	10007270 <tu_edpt_claim+0x44>
1000725a:	7823      	ldrb	r3, [r4, #0]
1000725c:	075b      	lsls	r3, r3, #29
1000725e:	d408      	bmi.n	10007272 <tu_edpt_claim+0x46>
10007260:	2204      	movs	r2, #4
10007262:	7823      	ldrb	r3, [r4, #0]
10007264:	2501      	movs	r5, #1
10007266:	4313      	orrs	r3, r2
10007268:	7023      	strb	r3, [r4, #0]
1000726a:	e002      	b.n	10007272 <tu_edpt_claim+0x46>
1000726c:	2500      	movs	r5, #0
1000726e:	e7e8      	b.n	10007242 <tu_edpt_claim+0x16>
10007270:	2500      	movs	r5, #0
10007272:	0030      	movs	r0, r6
10007274:	f001 fb80 	bl	10008978 <__mutex_exit_veneer>
10007278:	e7e3      	b.n	10007242 <tu_edpt_claim+0x16>
1000727a:	46c0      	nop			@ (mov r8, r8)

1000727c <tu_edpt_release>:
1000727c:	b570      	push	{r4, r5, r6, lr}
1000727e:	000c      	movs	r4, r1
10007280:	2101      	movs	r1, #1
10007282:	0006      	movs	r6, r0
10007284:	4249      	negs	r1, r1
10007286:	0020      	movs	r0, r4
10007288:	f001 fb8e 	bl	100089a8 <__mutex_enter_timeout_ms_veneer>
1000728c:	7833      	ldrb	r3, [r6, #0]
1000728e:	075b      	lsls	r3, r3, #29
10007290:	0fdd      	lsrs	r5, r3, #31
10007292:	2b00      	cmp	r3, #0
10007294:	db04      	blt.n	100072a0 <tu_edpt_release+0x24>
10007296:	0020      	movs	r0, r4
10007298:	f001 fb6e 	bl	10008978 <__mutex_exit_veneer>
1000729c:	0028      	movs	r0, r5
1000729e:	bd70      	pop	{r4, r5, r6, pc}
100072a0:	7833      	ldrb	r3, [r6, #0]
100072a2:	07db      	lsls	r3, r3, #31
100072a4:	d404      	bmi.n	100072b0 <tu_edpt_release+0x34>
100072a6:	2204      	movs	r2, #4
100072a8:	7833      	ldrb	r3, [r6, #0]
100072aa:	4393      	bics	r3, r2
100072ac:	7033      	strb	r3, [r6, #0]
100072ae:	e7f2      	b.n	10007296 <tu_edpt_release+0x1a>
100072b0:	2500      	movs	r5, #0
100072b2:	e7f0      	b.n	10007296 <tu_edpt_release+0x1a>

100072b4 <tu_edpt_validate>:
100072b4:	7943      	ldrb	r3, [r0, #5]
100072b6:	7902      	ldrb	r2, [r0, #4]
100072b8:	021b      	lsls	r3, r3, #8
100072ba:	4313      	orrs	r3, r2
100072bc:	78c2      	ldrb	r2, [r0, #3]
100072be:	055b      	lsls	r3, r3, #21
100072c0:	0792      	lsls	r2, r2, #30
100072c2:	0d5b      	lsrs	r3, r3, #21
100072c4:	0f92      	lsrs	r2, r2, #30
100072c6:	2a02      	cmp	r2, #2
100072c8:	d01d      	beq.n	10007306 <tu_edpt_validate+0x52>
100072ca:	2a03      	cmp	r2, #3
100072cc:	d00c      	beq.n	100072e8 <tu_edpt_validate+0x34>
100072ce:	2000      	movs	r0, #0
100072d0:	2a01      	cmp	r2, #1
100072d2:	d108      	bne.n	100072e6 <tu_edpt_validate+0x32>
100072d4:	3902      	subs	r1, #2
100072d6:	424a      	negs	r2, r1
100072d8:	4151      	adcs	r1, r2
100072da:	4a12      	ldr	r2, [pc, #72]	@ (10007324 <tu_edpt_validate+0x70>)
100072dc:	4694      	mov	ip, r2
100072de:	4461      	add	r1, ip
100072e0:	4299      	cmp	r1, r3
100072e2:	4140      	adcs	r0, r0
100072e4:	b2c0      	uxtb	r0, r0
100072e6:	4770      	bx	lr
100072e8:	3902      	subs	r1, #2
100072ea:	1e4a      	subs	r2, r1, #1
100072ec:	4191      	sbcs	r1, r2
100072ee:	4a0e      	ldr	r2, [pc, #56]	@ (10007328 <tu_edpt_validate+0x74>)
100072f0:	4249      	negs	r1, r1
100072f2:	4011      	ands	r1, r2
100072f4:	2280      	movs	r2, #128	@ 0x80
100072f6:	00d2      	lsls	r2, r2, #3
100072f8:	4694      	mov	ip, r2
100072fa:	2000      	movs	r0, #0
100072fc:	4461      	add	r1, ip
100072fe:	4299      	cmp	r1, r3
10007300:	4140      	adcs	r0, r0
10007302:	b2c0      	uxtb	r0, r0
10007304:	e7ef      	b.n	100072e6 <tu_edpt_validate+0x32>
10007306:	2902      	cmp	r1, #2
10007308:	d005      	beq.n	10007316 <tu_edpt_validate+0x62>
1000730a:	2000      	movs	r0, #0
1000730c:	2240      	movs	r2, #64	@ 0x40
1000730e:	429a      	cmp	r2, r3
10007310:	4140      	adcs	r0, r0
10007312:	b2c0      	uxtb	r0, r0
10007314:	e7e7      	b.n	100072e6 <tu_edpt_validate+0x32>
10007316:	4a05      	ldr	r2, [pc, #20]	@ (1000732c <tu_edpt_validate+0x78>)
10007318:	1898      	adds	r0, r3, r2
1000731a:	4243      	negs	r3, r0
1000731c:	4158      	adcs	r0, r3
1000731e:	b2c0      	uxtb	r0, r0
10007320:	e7e1      	b.n	100072e6 <tu_edpt_validate+0x32>
10007322:	46c0      	nop			@ (mov r8, r8)
10007324:	000003ff 	.word	0x000003ff
10007328:	fffffc40 	.word	0xfffffc40
1000732c:	fffffe00 	.word	0xfffffe00

10007330 <tu_edpt_bind_driver>:
10007330:	188a      	adds	r2, r1, r2
10007332:	b570      	push	{r4, r5, r6, lr}
10007334:	4291      	cmp	r1, r2
10007336:	d207      	bcs.n	10007348 <tu_edpt_bind_driver+0x18>
10007338:	267f      	movs	r6, #127	@ 0x7f
1000733a:	784c      	ldrb	r4, [r1, #1]
1000733c:	2c05      	cmp	r4, #5
1000733e:	d004      	beq.n	1000734a <tu_edpt_bind_driver+0x1a>
10007340:	780c      	ldrb	r4, [r1, #0]
10007342:	1909      	adds	r1, r1, r4
10007344:	428a      	cmp	r2, r1
10007346:	d8f8      	bhi.n	1000733a <tu_edpt_bind_driver+0xa>
10007348:	bd70      	pop	{r4, r5, r6, pc}
1000734a:	0034      	movs	r4, r6
1000734c:	788d      	ldrb	r5, [r1, #2]
1000734e:	402c      	ands	r4, r5
10007350:	0064      	lsls	r4, r4, #1
10007352:	1904      	adds	r4, r0, r4
10007354:	09ed      	lsrs	r5, r5, #7
10007356:	5563      	strb	r3, [r4, r5]
10007358:	780c      	ldrb	r4, [r1, #0]
1000735a:	1909      	adds	r1, r1, r4
1000735c:	428a      	cmp	r2, r1
1000735e:	d8ec      	bhi.n	1000733a <tu_edpt_bind_driver+0xa>
10007360:	e7f2      	b.n	10007348 <tu_edpt_bind_driver+0x18>
10007362:	46c0      	nop			@ (mov r8, r8)

10007364 <tu_desc_get_interface_total_len>:
10007364:	b570      	push	{r4, r5, r6, lr}
10007366:	1e4d      	subs	r5, r1, #1
10007368:	0003      	movs	r3, r0
1000736a:	b2ed      	uxtb	r5, r5
1000736c:	2900      	cmp	r1, #0
1000736e:	d01e      	beq.n	100073ae <tu_desc_get_interface_total_len+0x4a>
10007370:	7801      	ldrb	r1, [r0, #0]
10007372:	2000      	movs	r0, #0
10007374:	000e      	movs	r6, r1
10007376:	1830      	adds	r0, r6, r0
10007378:	b280      	uxth	r0, r0
1000737a:	185b      	adds	r3, r3, r1
1000737c:	4290      	cmp	r0, r2
1000737e:	d305      	bcc.n	1000738c <tu_desc_get_interface_total_len+0x28>
10007380:	e00f      	b.n	100073a2 <tu_desc_get_interface_total_len+0x3e>
10007382:	1808      	adds	r0, r1, r0
10007384:	b280      	uxth	r0, r0
10007386:	185b      	adds	r3, r3, r1
10007388:	4282      	cmp	r2, r0
1000738a:	d90a      	bls.n	100073a2 <tu_desc_get_interface_total_len+0x3e>
1000738c:	7819      	ldrb	r1, [r3, #0]
1000738e:	2900      	cmp	r1, #0
10007390:	d007      	beq.n	100073a2 <tu_desc_get_interface_total_len+0x3e>
10007392:	785c      	ldrb	r4, [r3, #1]
10007394:	2c0b      	cmp	r4, #11
10007396:	d00b      	beq.n	100073b0 <tu_desc_get_interface_total_len+0x4c>
10007398:	2c04      	cmp	r4, #4
1000739a:	d1f2      	bne.n	10007382 <tu_desc_get_interface_total_len+0x1e>
1000739c:	78dc      	ldrb	r4, [r3, #3]
1000739e:	2c00      	cmp	r4, #0
100073a0:	d1ef      	bne.n	10007382 <tu_desc_get_interface_total_len+0x1e>
100073a2:	3d01      	subs	r5, #1
100073a4:	b2ed      	uxtb	r5, r5
100073a6:	2dff      	cmp	r5, #255	@ 0xff
100073a8:	d002      	beq.n	100073b0 <tu_desc_get_interface_total_len+0x4c>
100073aa:	7819      	ldrb	r1, [r3, #0]
100073ac:	e7e3      	b.n	10007376 <tu_desc_get_interface_total_len+0x12>
100073ae:	2000      	movs	r0, #0
100073b0:	bd70      	pop	{r4, r5, r6, pc}
100073b2:	46c0      	nop			@ (mov r8, r8)

100073b4 <tu_fifo_empty>:
100073b4:	8903      	ldrh	r3, [r0, #8]
100073b6:	8940      	ldrh	r0, [r0, #10]
100073b8:	1a18      	subs	r0, r3, r0
100073ba:	4243      	negs	r3, r0
100073bc:	4158      	adcs	r0, r3
100073be:	b2c0      	uxtb	r0, r0
100073c0:	4770      	bx	lr
100073c2:	46c0      	nop			@ (mov r8, r8)

100073c4 <tu_fifo_read>:
100073c4:	b570      	push	{r4, r5, r6, lr}
100073c6:	0004      	movs	r4, r0
100073c8:	6900      	ldr	r0, [r0, #16]
100073ca:	000e      	movs	r6, r1
100073cc:	2800      	cmp	r0, #0
100073ce:	d003      	beq.n	100073d8 <tu_fifo_read+0x14>
100073d0:	2101      	movs	r1, #1
100073d2:	4249      	negs	r1, r1
100073d4:	f001 fae8 	bl	100089a8 <__mutex_enter_timeout_ms_veneer>
100073d8:	8925      	ldrh	r5, [r4, #8]
100073da:	8960      	ldrh	r0, [r4, #10]
100073dc:	88a2      	ldrh	r2, [r4, #4]
100073de:	b2a9      	uxth	r1, r5
100073e0:	b283      	uxth	r3, r0
100073e2:	4285      	cmp	r5, r0
100073e4:	d332      	bcc.n	1000744c <tu_fifo_read+0x88>
100073e6:	1acd      	subs	r5, r1, r3
100073e8:	b2ad      	uxth	r5, r5
100073ea:	2d00      	cmp	r5, #0
100073ec:	d028      	beq.n	10007440 <tu_fifo_read+0x7c>
100073ee:	42aa      	cmp	r2, r5
100073f0:	d208      	bcs.n	10007404 <tu_fifo_read+0x40>
100073f2:	4291      	cmp	r1, r2
100073f4:	d32f      	bcc.n	10007456 <tu_fifo_read+0x92>
100073f6:	1a89      	subs	r1, r1, r2
100073f8:	b28b      	uxth	r3, r1
100073fa:	8163      	strh	r3, [r4, #10]
100073fc:	429a      	cmp	r2, r3
100073fe:	d803      	bhi.n	10007408 <tu_fifo_read+0x44>
10007400:	1a9b      	subs	r3, r3, r2
10007402:	b29b      	uxth	r3, r3
10007404:	429a      	cmp	r2, r3
10007406:	d9fb      	bls.n	10007400 <tu_fifo_read+0x3c>
10007408:	88e2      	ldrh	r2, [r4, #6]
1000740a:	6821      	ldr	r1, [r4, #0]
1000740c:	0452      	lsls	r2, r2, #17
1000740e:	0c52      	lsrs	r2, r2, #17
10007410:	4353      	muls	r3, r2
10007412:	0030      	movs	r0, r6
10007414:	18c9      	adds	r1, r1, r3
10007416:	f7fb fda5 	bl	10002f64 <__wrap___aeabi_memcpy>
1000741a:	8963      	ldrh	r3, [r4, #10]
1000741c:	2501      	movs	r5, #1
1000741e:	1c59      	adds	r1, r3, #1
10007420:	b289      	uxth	r1, r1
10007422:	88a2      	ldrh	r2, [r4, #4]
10007424:	428b      	cmp	r3, r1
10007426:	d90d      	bls.n	10007444 <tu_fifo_read+0x80>
10007428:	2100      	movs	r1, #0
1000742a:	0052      	lsls	r2, r2, #1
1000742c:	1a89      	subs	r1, r1, r2
1000742e:	b289      	uxth	r1, r1
10007430:	6920      	ldr	r0, [r4, #16]
10007432:	8161      	strh	r1, [r4, #10]
10007434:	2800      	cmp	r0, #0
10007436:	d001      	beq.n	1000743c <tu_fifo_read+0x78>
10007438:	f001 fa9e 	bl	10008978 <__mutex_exit_veneer>
1000743c:	0028      	movs	r0, r5
1000743e:	bd70      	pop	{r4, r5, r6, pc}
10007440:	8961      	ldrh	r1, [r4, #10]
10007442:	b289      	uxth	r1, r1
10007444:	0052      	lsls	r2, r2, #1
10007446:	4291      	cmp	r1, r2
10007448:	dbf2      	blt.n	10007430 <tu_fifo_read+0x6c>
1000744a:	e7ef      	b.n	1000742c <tu_fifo_read+0x68>
1000744c:	0055      	lsls	r5, r2, #1
1000744e:	1aed      	subs	r5, r5, r3
10007450:	194d      	adds	r5, r1, r5
10007452:	b2ad      	uxth	r5, r5
10007454:	e7c9      	b.n	100073ea <tu_fifo_read+0x26>
10007456:	1889      	adds	r1, r1, r2
10007458:	b28b      	uxth	r3, r1
1000745a:	8163      	strh	r3, [r4, #10]
1000745c:	e7ce      	b.n	100073fc <tu_fifo_read+0x38>
1000745e:	46c0      	nop			@ (mov r8, r8)

10007460 <tu_fifo_write>:
10007460:	b5f8      	push	{r3, r4, r5, r6, r7, lr}
10007462:	0004      	movs	r4, r0
10007464:	68c0      	ldr	r0, [r0, #12]
10007466:	000e      	movs	r6, r1
10007468:	2800      	cmp	r0, #0
1000746a:	d003      	beq.n	10007474 <tu_fifo_write+0x14>
1000746c:	2101      	movs	r1, #1
1000746e:	4249      	negs	r1, r1
10007470:	f001 fa9a 	bl	100089a8 <__mutex_enter_timeout_ms_veneer>
10007474:	8925      	ldrh	r5, [r4, #8]
10007476:	8920      	ldrh	r0, [r4, #8]
10007478:	8961      	ldrh	r1, [r4, #10]
1000747a:	88a2      	ldrh	r2, [r4, #4]
1000747c:	b2ad      	uxth	r5, r5
1000747e:	b283      	uxth	r3, r0
10007480:	b28f      	uxth	r7, r1
10007482:	4288      	cmp	r0, r1
10007484:	d329      	bcc.n	100074da <tu_fifo_write+0x7a>
10007486:	1bdb      	subs	r3, r3, r7
10007488:	b29b      	uxth	r3, r3
1000748a:	429a      	cmp	r2, r3
1000748c:	d809      	bhi.n	100074a2 <tu_fifo_write+0x42>
1000748e:	79e7      	ldrb	r7, [r4, #7]
10007490:	09ff      	lsrs	r7, r7, #7
10007492:	d106      	bne.n	100074a2 <tu_fifo_write+0x42>
10007494:	68e0      	ldr	r0, [r4, #12]
10007496:	2800      	cmp	r0, #0
10007498:	d001      	beq.n	1000749e <tu_fifo_write+0x3e>
1000749a:	f001 fa6d 	bl	10008978 <__mutex_exit_veneer>
1000749e:	0038      	movs	r0, r7
100074a0:	bdf8      	pop	{r3, r4, r5, r6, r7, pc}
100074a2:	002b      	movs	r3, r5
100074a4:	4295      	cmp	r5, r2
100074a6:	d31d      	bcc.n	100074e4 <tu_fifo_write+0x84>
100074a8:	1a9b      	subs	r3, r3, r2
100074aa:	b29b      	uxth	r3, r3
100074ac:	4293      	cmp	r3, r2
100074ae:	d2fb      	bcs.n	100074a8 <tu_fifo_write+0x48>
100074b0:	88e2      	ldrh	r2, [r4, #6]
100074b2:	6820      	ldr	r0, [r4, #0]
100074b4:	0452      	lsls	r2, r2, #17
100074b6:	0c52      	lsrs	r2, r2, #17
100074b8:	4353      	muls	r3, r2
100074ba:	0031      	movs	r1, r6
100074bc:	18c0      	adds	r0, r0, r3
100074be:	f7fb fd51 	bl	10002f64 <__wrap___aeabi_memcpy>
100074c2:	1c6b      	adds	r3, r5, #1
100074c4:	b29b      	uxth	r3, r3
100074c6:	88a2      	ldrh	r2, [r4, #4]
100074c8:	429d      	cmp	r5, r3
100074ca:	d917      	bls.n	100074fc <tu_fifo_write+0x9c>
100074cc:	2300      	movs	r3, #0
100074ce:	0052      	lsls	r2, r2, #1
100074d0:	1a9b      	subs	r3, r3, r2
100074d2:	b29b      	uxth	r3, r3
100074d4:	2701      	movs	r7, #1
100074d6:	8123      	strh	r3, [r4, #8]
100074d8:	e7dc      	b.n	10007494 <tu_fifo_write+0x34>
100074da:	0051      	lsls	r1, r2, #1
100074dc:	1bc9      	subs	r1, r1, r7
100074de:	185b      	adds	r3, r3, r1
100074e0:	b29b      	uxth	r3, r3
100074e2:	e7d2      	b.n	1000748a <tu_fifo_write+0x2a>
100074e4:	88e2      	ldrh	r2, [r4, #6]
100074e6:	6820      	ldr	r0, [r4, #0]
100074e8:	0452      	lsls	r2, r2, #17
100074ea:	0c52      	lsrs	r2, r2, #17
100074ec:	4353      	muls	r3, r2
100074ee:	0031      	movs	r1, r6
100074f0:	18c0      	adds	r0, r0, r3
100074f2:	f7fb fd37 	bl	10002f64 <__wrap___aeabi_memcpy>
100074f6:	3501      	adds	r5, #1
100074f8:	88a2      	ldrh	r2, [r4, #4]
100074fa:	b2ab      	uxth	r3, r5
100074fc:	0052      	lsls	r2, r2, #1
100074fe:	4293      	cmp	r3, r2
10007500:	dbe8      	blt.n	100074d4 <tu_fifo_write+0x74>
10007502:	e7e5      	b.n	100074d0 <tu_fifo_write+0x70>

10007504 <tu_fifo_clear>:
10007504:	b510      	push	{r4, lr}
10007506:	0004      	movs	r4, r0
10007508:	68c0      	ldr	r0, [r0, #12]
1000750a:	2800      	cmp	r0, #0
1000750c:	d003      	beq.n	10007516 <tu_fifo_clear+0x12>
1000750e:	2101      	movs	r1, #1
10007510:	4249      	negs	r1, r1
10007512:	f001 fa49 	bl	100089a8 <__mutex_enter_timeout_ms_veneer>
10007516:	6920      	ldr	r0, [r4, #16]
10007518:	2800      	cmp	r0, #0
1000751a:	d003      	beq.n	10007524 <tu_fifo_clear+0x20>
1000751c:	2101      	movs	r1, #1
1000751e:	4249      	negs	r1, r1
10007520:	f001 fa42 	bl	100089a8 <__mutex_enter_timeout_ms_veneer>
10007524:	2300      	movs	r3, #0
10007526:	68e0      	ldr	r0, [r4, #12]
10007528:	8163      	strh	r3, [r4, #10]
1000752a:	8123      	strh	r3, [r4, #8]
1000752c:	2800      	cmp	r0, #0
1000752e:	d001      	beq.n	10007534 <tu_fifo_clear+0x30>
10007530:	f001 fa22 	bl	10008978 <__mutex_exit_veneer>
10007534:	6920      	ldr	r0, [r4, #16]
10007536:	2800      	cmp	r0, #0
10007538:	d001      	beq.n	1000753e <tu_fifo_clear+0x3a>
1000753a:	f001 fa1d 	bl	10008978 <__mutex_exit_veneer>
1000753e:	2001      	movs	r0, #1
10007540:	bd10      	pop	{r4, pc}
10007542:	46c0      	nop			@ (mov r8, r8)

10007544 <board_init>:
10007544:	b510      	push	{r4, lr}
10007546:	2019      	movs	r0, #25
10007548:	f7f9 fb62 	bl	10000c10 <gpio_init>
1000754c:	23d0      	movs	r3, #208	@ 0xd0
1000754e:	2280      	movs	r2, #128	@ 0x80
10007550:	21e1      	movs	r1, #225	@ 0xe1
10007552:	061b      	lsls	r3, r3, #24
10007554:	0492      	lsls	r2, r2, #18
10007556:	625a      	str	r2, [r3, #36]	@ 0x24
10007558:	4804      	ldr	r0, [pc, #16]	@ (1000756c <board_init+0x28>)
1000755a:	4b05      	ldr	r3, [pc, #20]	@ (10007570 <board_init+0x2c>)
1000755c:	2200      	movs	r2, #0
1000755e:	6018      	str	r0, [r3, #0]
10007560:	0249      	lsls	r1, r1, #9
10007562:	2301      	movs	r3, #1
10007564:	f7fd fc98 	bl	10004e98 <stdio_uart_init_full>
10007568:	bd10      	pop	{r4, pc}
1000756a:	46c0      	nop			@ (mov r8, r8)
1000756c:	40034000 	.word	0x40034000
10007570:	20001374 	.word	0x20001374

10007574 <_retrieve_unique_id_on_boot>:
10007574:	b510      	push	{r4, lr}
10007576:	4802      	ldr	r0, [pc, #8]	@ (10007580 <_retrieve_unique_id_on_boot+0xc>)
10007578:	f000 f804 	bl	10007584 <flash_get_unique_id>
1000757c:	bd10      	pop	{r4, pc}
1000757e:	46c0      	nop			@ (mov r8, r8)
10007580:	20001360 	.word	0x20001360

10007584 <flash_get_unique_id>:
10007584:	b510      	push	{r4, lr}
10007586:	b088      	sub	sp, #32
10007588:	0004      	movs	r4, r0
1000758a:	220d      	movs	r2, #13
1000758c:	2100      	movs	r1, #0
1000758e:	4668      	mov	r0, sp
10007590:	f7fb fce2 	bl	10002f58 <__wrap_memset>
10007594:	220d      	movs	r2, #13
10007596:	2100      	movs	r1, #0
10007598:	a804      	add	r0, sp, #16
1000759a:	f7fb fcdd 	bl	10002f58 <__wrap_memset>
1000759e:	234b      	movs	r3, #75	@ 0x4b
100075a0:	466a      	mov	r2, sp
100075a2:	4668      	mov	r0, sp
100075a4:	7013      	strb	r3, [r2, #0]
100075a6:	a904      	add	r1, sp, #16
100075a8:	220d      	movs	r2, #13
100075aa:	f001 f9dd 	bl	10008968 <__flash_do_cmd_veneer>
100075ae:	2115      	movs	r1, #21
100075b0:	2208      	movs	r2, #8
100075b2:	0020      	movs	r0, r4
100075b4:	4469      	add	r1, sp
100075b6:	f7fb fcd5 	bl	10002f64 <__wrap___aeabi_memcpy>
100075ba:	b008      	add	sp, #32
100075bc:	bd10      	pop	{r4, pc}
100075be:	46c0      	nop			@ (mov r8, r8)

100075c0 <xinputh_deinit>:
100075c0:	2001      	movs	r0, #1
100075c2:	4770      	bx	lr

100075c4 <xinputh_init>:
100075c4:	22a1      	movs	r2, #161	@ 0xa1
100075c6:	b510      	push	{r4, lr}
100075c8:	2100      	movs	r1, #0
100075ca:	4803      	ldr	r0, [pc, #12]	@ (100075d8 <xinputh_init+0x14>)
100075cc:	0092      	lsls	r2, r2, #2
100075ce:	f7fb fcc3 	bl	10002f58 <__wrap_memset>
100075d2:	2001      	movs	r0, #1
100075d4:	bd10      	pop	{r4, pc}
100075d6:	46c0      	nop			@ (mov r8, r8)
100075d8:	20000d58 	.word	0x20000d58

100075dc <xinputh_open>:
100075dc:	b5f0      	push	{r4, r5, r6, r7, lr}
100075de:	4645      	mov	r5, r8
100075e0:	464e      	mov	r6, r9
100075e2:	46de      	mov	lr, fp
100075e4:	4657      	mov	r7, sl
100075e6:	b5e0      	push	{r5, r6, r7, lr}
100075e8:	4698      	mov	r8, r3
100075ea:	000e      	movs	r6, r1
100075ec:	0015      	movs	r5, r2
100075ee:	b085      	sub	sp, #20
100075f0:	2901      	cmp	r1, #1
100075f2:	d85e      	bhi.n	100076b2 <xinputh_open+0xd6>
100075f4:	7913      	ldrb	r3, [r2, #4]
100075f6:	2b01      	cmp	r3, #1
100075f8:	d95b      	bls.n	100076b2 <xinputh_open+0xd6>
100075fa:	7992      	ldrb	r2, [r2, #6]
100075fc:	2a5d      	cmp	r2, #93	@ 0x5d
100075fe:	d053      	beq.n	100076a8 <xinputh_open+0xcc>
10007600:	2a47      	cmp	r2, #71	@ 0x47
10007602:	d05e      	beq.n	100076c2 <xinputh_open+0xe6>
10007604:	7969      	ldrb	r1, [r5, #5]
10007606:	2958      	cmp	r1, #88	@ 0x58
10007608:	d153      	bne.n	100076b2 <xinputh_open+0xd6>
1000760a:	2a42      	cmp	r2, #66	@ 0x42
1000760c:	d151      	bne.n	100076b2 <xinputh_open+0xd6>
1000760e:	2004      	movs	r0, #4
10007610:	4a3c      	ldr	r2, [pc, #240]	@ (10007704 <xinputh_open+0x128>)
10007612:	1e71      	subs	r1, r6, #1
10007614:	4692      	mov	sl, r2
10007616:	008a      	lsls	r2, r1, #2
10007618:	9202      	str	r2, [sp, #8]
1000761a:	1852      	adds	r2, r2, r1
1000761c:	0152      	lsls	r2, r2, #5
1000761e:	1852      	adds	r2, r2, r1
10007620:	0094      	lsls	r4, r2, #2
10007622:	9200      	str	r2, [sp, #0]
10007624:	4652      	mov	r2, sl
10007626:	5d12      	ldrb	r2, [r2, r4]
10007628:	4693      	mov	fp, r2
1000762a:	2a03      	cmp	r2, #3
1000762c:	d841      	bhi.n	100076b2 <xinputh_open+0xd6>
1000762e:	0092      	lsls	r2, r2, #2
10007630:	9201      	str	r2, [sp, #4]
10007632:	445a      	add	r2, fp
10007634:	0152      	lsls	r2, r2, #5
10007636:	1912      	adds	r2, r2, r4
10007638:	78ac      	ldrb	r4, [r5, #2]
1000763a:	4452      	add	r2, sl
1000763c:	7514      	strb	r4, [r2, #20]
1000763e:	7110      	strb	r0, [r2, #4]
10007640:	2200      	movs	r2, #0
10007642:	9103      	str	r1, [sp, #12]
10007644:	0031      	movs	r1, r6
10007646:	0016      	movs	r6, r2
10007648:	4642      	mov	r2, r8
1000764a:	002c      	movs	r4, r5
1000764c:	46a8      	mov	r8, r5
1000764e:	2700      	movs	r7, #0
10007650:	0015      	movs	r5, r2
10007652:	4689      	mov	r9, r1
10007654:	e004      	b.n	10007660 <xinputh_open+0x84>
10007656:	7822      	ldrb	r2, [r4, #0]
10007658:	18bf      	adds	r7, r7, r2
1000765a:	18a4      	adds	r4, r4, r2
1000765c:	429e      	cmp	r6, r3
1000765e:	da3f      	bge.n	100076e0 <xinputh_open+0x104>
10007660:	42af      	cmp	r7, r5
10007662:	da3d      	bge.n	100076e0 <xinputh_open+0x104>
10007664:	7862      	ldrb	r2, [r4, #1]
10007666:	2a05      	cmp	r2, #5
10007668:	d1f5      	bne.n	10007656 <xinputh_open+0x7a>
1000766a:	0021      	movs	r1, r4
1000766c:	4648      	mov	r0, r9
1000766e:	f7ff fd0f 	bl	10007090 <tuh_edpt_open>
10007672:	2800      	cmp	r0, #0
10007674:	d01d      	beq.n	100076b2 <xinputh_open+0xd6>
10007676:	7963      	ldrb	r3, [r4, #5]
10007678:	7921      	ldrb	r1, [r4, #4]
1000767a:	021b      	lsls	r3, r3, #8
1000767c:	430b      	orrs	r3, r1
1000767e:	78a2      	ldrb	r2, [r4, #2]
10007680:	055b      	lsls	r3, r3, #21
10007682:	0d5b      	lsrs	r3, r3, #21
10007684:	09d1      	lsrs	r1, r2, #7
10007686:	d121      	bne.n	100076cc <xinputh_open+0xf0>
10007688:	9901      	ldr	r1, [sp, #4]
1000768a:	9800      	ldr	r0, [sp, #0]
1000768c:	4459      	add	r1, fp
1000768e:	0149      	lsls	r1, r1, #5
10007690:	0080      	lsls	r0, r0, #2
10007692:	1809      	adds	r1, r1, r0
10007694:	4451      	add	r1, sl
10007696:	758a      	strb	r2, [r1, #22]
10007698:	834b      	strh	r3, [r1, #26]
1000769a:	7823      	ldrb	r3, [r4, #0]
1000769c:	3601      	adds	r6, #1
1000769e:	18ff      	adds	r7, r7, r3
100076a0:	18e4      	adds	r4, r4, r3
100076a2:	4643      	mov	r3, r8
100076a4:	791b      	ldrb	r3, [r3, #4]
100076a6:	e7d9      	b.n	1000765c <xinputh_open+0x80>
100076a8:	79ea      	ldrb	r2, [r5, #7]
100076aa:	2a81      	cmp	r2, #129	@ 0x81
100076ac:	d027      	beq.n	100076fe <xinputh_open+0x122>
100076ae:	2a01      	cmp	r2, #1
100076b0:	d023      	beq.n	100076fa <xinputh_open+0x11e>
100076b2:	2000      	movs	r0, #0
100076b4:	b005      	add	sp, #20
100076b6:	bcf0      	pop	{r4, r5, r6, r7}
100076b8:	46bb      	mov	fp, r7
100076ba:	46b2      	mov	sl, r6
100076bc:	46a9      	mov	r9, r5
100076be:	46a0      	mov	r8, r4
100076c0:	bdf0      	pop	{r4, r5, r6, r7, pc}
100076c2:	79ea      	ldrb	r2, [r5, #7]
100076c4:	2ad0      	cmp	r2, #208	@ 0xd0
100076c6:	d1f4      	bne.n	100076b2 <xinputh_open+0xd6>
100076c8:	2001      	movs	r0, #1
100076ca:	e7a1      	b.n	10007610 <xinputh_open+0x34>
100076cc:	9901      	ldr	r1, [sp, #4]
100076ce:	9800      	ldr	r0, [sp, #0]
100076d0:	4459      	add	r1, fp
100076d2:	0149      	lsls	r1, r1, #5
100076d4:	0080      	lsls	r0, r0, #2
100076d6:	1809      	adds	r1, r1, r0
100076d8:	4451      	add	r1, sl
100076da:	754a      	strb	r2, [r1, #21]
100076dc:	830b      	strh	r3, [r1, #24]
100076de:	e7dc      	b.n	1000769a <xinputh_open+0xbe>
100076e0:	9903      	ldr	r1, [sp, #12]
100076e2:	9b02      	ldr	r3, [sp, #8]
100076e4:	4652      	mov	r2, sl
100076e6:	185b      	adds	r3, r3, r1
100076e8:	015b      	lsls	r3, r3, #5
100076ea:	185b      	adds	r3, r3, r1
100076ec:	4651      	mov	r1, sl
100076ee:	009b      	lsls	r3, r3, #2
100076f0:	5cd2      	ldrb	r2, [r2, r3]
100076f2:	2001      	movs	r0, #1
100076f4:	3201      	adds	r2, #1
100076f6:	54ca      	strb	r2, [r1, r3]
100076f8:	e7dc      	b.n	100076b4 <xinputh_open+0xd8>
100076fa:	2003      	movs	r0, #3
100076fc:	e788      	b.n	10007610 <xinputh_open+0x34>
100076fe:	2002      	movs	r0, #2
10007700:	e786      	b.n	10007610 <xinputh_open+0x34>
10007702:	46c0      	nop			@ (mov r8, r8)
10007704:	20000d58 	.word	0x20000d58

10007708 <xinputh_close>:
10007708:	b5f8      	push	{r3, r4, r5, r6, r7, lr}
1000770a:	46ce      	mov	lr, r9
1000770c:	4647      	mov	r7, r8
1000770e:	0006      	movs	r6, r0
10007710:	b580      	push	{r7, lr}
10007712:	2801      	cmp	r0, #1
10007714:	d821      	bhi.n	1000775a <xinputh_close+0x52>
10007716:	1e43      	subs	r3, r0, #1
10007718:	009d      	lsls	r5, r3, #2
1000771a:	18ed      	adds	r5, r5, r3
1000771c:	016d      	lsls	r5, r5, #5
1000771e:	4a13      	ldr	r2, [pc, #76]	@ (1000776c <xinputh_close+0x64>)
10007720:	18ed      	adds	r5, r5, r3
10007722:	00ab      	lsls	r3, r5, #2
10007724:	4699      	mov	r9, r3
10007726:	4690      	mov	r8, r2
10007728:	5cd3      	ldrb	r3, [r2, r3]
1000772a:	44c1      	add	r9, r8
1000772c:	2b00      	cmp	r3, #0
1000772e:	d00e      	beq.n	1000774e <xinputh_close+0x46>
10007730:	2400      	movs	r4, #0
10007732:	4f0f      	ldr	r7, [pc, #60]	@ (10007770 <xinputh_close+0x68>)
10007734:	2f00      	cmp	r7, #0
10007736:	d014      	beq.n	10007762 <xinputh_close+0x5a>
10007738:	0021      	movs	r1, r4
1000773a:	0030      	movs	r0, r6
1000773c:	f7f8 ffde 	bl	100006fc <tuh_xinput_umount_cb>
10007740:	4642      	mov	r2, r8
10007742:	00ab      	lsls	r3, r5, #2
10007744:	3401      	adds	r4, #1
10007746:	5cd3      	ldrb	r3, [r2, r3]
10007748:	b2e4      	uxtb	r4, r4
1000774a:	42a3      	cmp	r3, r4
1000774c:	d8f2      	bhi.n	10007734 <xinputh_close+0x2c>
1000774e:	22a1      	movs	r2, #161	@ 0xa1
10007750:	2100      	movs	r1, #0
10007752:	4648      	mov	r0, r9
10007754:	0092      	lsls	r2, r2, #2
10007756:	f7fb fbff 	bl	10002f58 <__wrap_memset>
1000775a:	bcc0      	pop	{r6, r7}
1000775c:	46b9      	mov	r9, r7
1000775e:	46b0      	mov	r8, r6
10007760:	bdf8      	pop	{r3, r4, r5, r6, r7, pc}
10007762:	3401      	adds	r4, #1
10007764:	b2e4      	uxtb	r4, r4
10007766:	429c      	cmp	r4, r3
10007768:	d3e4      	bcc.n	10007734 <xinputh_close+0x2c>
1000776a:	e7f0      	b.n	1000774e <xinputh_close+0x46>
1000776c:	20000d58 	.word	0x20000d58
10007770:	100006fd 	.word	0x100006fd

10007774 <tuh_xinput_receive_report>:
10007774:	1e43      	subs	r3, r0, #1
10007776:	b5f0      	push	{r4, r5, r6, r7, lr}
10007778:	009c      	lsls	r4, r3, #2
1000777a:	18e4      	adds	r4, r4, r3
1000777c:	008d      	lsls	r5, r1, #2
1000777e:	0164      	lsls	r4, r4, #5
10007780:	186d      	adds	r5, r5, r1
10007782:	18e4      	adds	r4, r4, r3
10007784:	016d      	lsls	r5, r5, #5
10007786:	00a4      	lsls	r4, r4, #2
10007788:	192b      	adds	r3, r5, r4
1000778a:	46c6      	mov	lr, r8
1000778c:	4698      	mov	r8, r3
1000778e:	4f12      	ldr	r7, [pc, #72]	@ (100077d8 <tuh_xinput_receive_report+0x64>)
10007790:	b500      	push	{lr}
10007792:	44b8      	add	r8, r7
10007794:	4643      	mov	r3, r8
10007796:	b082      	sub	sp, #8
10007798:	7d59      	ldrb	r1, [r3, #21]
1000779a:	0006      	movs	r6, r0
1000779c:	f7ff fc12 	bl	10006fc4 <usbh_edpt_claim>
100077a0:	2800      	cmp	r0, #0
100077a2:	d104      	bne.n	100077ae <tuh_xinput_receive_report+0x3a>
100077a4:	2000      	movs	r0, #0
100077a6:	b002      	add	sp, #8
100077a8:	bc80      	pop	{r7}
100077aa:	46b8      	mov	r8, r7
100077ac:	bdf0      	pop	{r4, r5, r6, r7, pc}
100077ae:	2000      	movs	r0, #0
100077b0:	4643      	mov	r3, r8
100077b2:	4641      	mov	r1, r8
100077b4:	351c      	adds	r5, #28
100077b6:	192a      	adds	r2, r5, r4
100077b8:	8b1b      	ldrh	r3, [r3, #24]
100077ba:	7d49      	ldrb	r1, [r1, #21]
100077bc:	19d2      	adds	r2, r2, r7
100077be:	9001      	str	r0, [sp, #4]
100077c0:	9000      	str	r0, [sp, #0]
100077c2:	0030      	movs	r0, r6
100077c4:	f7ff fc3a 	bl	1000703c <usbh_edpt_xfer_with_callback>
100077c8:	2800      	cmp	r0, #0
100077ca:	d1ec      	bne.n	100077a6 <tuh_xinput_receive_report+0x32>
100077cc:	4643      	mov	r3, r8
100077ce:	0030      	movs	r0, r6
100077d0:	7d59      	ldrb	r1, [r3, #21]
100077d2:	f7ff fc15 	bl	10007000 <usbh_edpt_release>
100077d6:	e7e5      	b.n	100077a4 <tuh_xinput_receive_report+0x30>
100077d8:	20000d58 	.word	0x20000d58

100077dc <tuh_xinput_send_report>:
100077dc:	b5f0      	push	{r4, r5, r6, r7, lr}
100077de:	464f      	mov	r7, r9
100077e0:	4646      	mov	r6, r8
100077e2:	46d6      	mov	lr, sl
100077e4:	4690      	mov	r8, r2
100077e6:	4a1e      	ldr	r2, [pc, #120]	@ (10007860 <tuh_xinput_send_report+0x84>)
100077e8:	b5c0      	push	{r6, r7, lr}
100077ea:	4691      	mov	r9, r2
100077ec:	001f      	movs	r7, r3
100077ee:	1e43      	subs	r3, r0, #1
100077f0:	009c      	lsls	r4, r3, #2
100077f2:	18e4      	adds	r4, r4, r3
100077f4:	008d      	lsls	r5, r1, #2
100077f6:	0164      	lsls	r4, r4, #5
100077f8:	18e4      	adds	r4, r4, r3
100077fa:	186d      	adds	r5, r5, r1
100077fc:	016d      	lsls	r5, r5, #5
100077fe:	00a4      	lsls	r4, r4, #2
10007800:	192b      	adds	r3, r5, r4
10007802:	444b      	add	r3, r9
10007804:	469a      	mov	sl, r3
10007806:	8b5b      	ldrh	r3, [r3, #26]
10007808:	0006      	movs	r6, r0
1000780a:	b082      	sub	sp, #8
1000780c:	42bb      	cmp	r3, r7
1000780e:	d206      	bcs.n	1000781e <tuh_xinput_send_report+0x42>
10007810:	2000      	movs	r0, #0
10007812:	b002      	add	sp, #8
10007814:	bce0      	pop	{r5, r6, r7}
10007816:	46ba      	mov	sl, r7
10007818:	46b1      	mov	r9, r6
1000781a:	46a8      	mov	r8, r5
1000781c:	bdf0      	pop	{r4, r5, r6, r7, pc}
1000781e:	4653      	mov	r3, sl
10007820:	7d99      	ldrb	r1, [r3, #22]
10007822:	f7ff fbcf 	bl	10006fc4 <usbh_edpt_claim>
10007826:	2800      	cmp	r0, #0
10007828:	d0f2      	beq.n	10007810 <tuh_xinput_send_report+0x34>
1000782a:	355c      	adds	r5, #92	@ 0x5c
1000782c:	192d      	adds	r5, r5, r4
1000782e:	444d      	add	r5, r9
10007830:	003a      	movs	r2, r7
10007832:	4641      	mov	r1, r8
10007834:	0028      	movs	r0, r5
10007836:	f7fb fb95 	bl	10002f64 <__wrap___aeabi_memcpy>
1000783a:	4653      	mov	r3, sl
1000783c:	7d99      	ldrb	r1, [r3, #22]
1000783e:	2300      	movs	r3, #0
10007840:	002a      	movs	r2, r5
10007842:	9301      	str	r3, [sp, #4]
10007844:	9300      	str	r3, [sp, #0]
10007846:	0030      	movs	r0, r6
10007848:	003b      	movs	r3, r7
1000784a:	f7ff fbf7 	bl	1000703c <usbh_edpt_xfer_with_callback>
1000784e:	2800      	cmp	r0, #0
10007850:	d1df      	bne.n	10007812 <tuh_xinput_send_report+0x36>
10007852:	4653      	mov	r3, sl
10007854:	0030      	movs	r0, r6
10007856:	7d99      	ldrb	r1, [r3, #22]
10007858:	f7ff fbd2 	bl	10007000 <usbh_edpt_release>
1000785c:	e7d8      	b.n	10007810 <tuh_xinput_send_report+0x34>
1000785e:	46c0      	nop			@ (mov r8, r8)
10007860:	20000d58 	.word	0x20000d58

10007864 <xboxone_init>:
10007864:	b5f0      	push	{r4, r5, r6, r7, lr}
10007866:	46c6      	mov	lr, r8
10007868:	2306      	movs	r3, #6
1000786a:	000c      	movs	r4, r1
1000786c:	0017      	movs	r7, r2
1000786e:	0006      	movs	r6, r0
10007870:	b500      	push	{lr}
10007872:	b082      	sub	sp, #8
10007874:	446b      	add	r3, sp
10007876:	0019      	movs	r1, r3
10007878:	aa01      	add	r2, sp, #4
1000787a:	0020      	movs	r0, r4
1000787c:	4698      	mov	r8, r3
1000787e:	f7fe fe95 	bl	100065ac <tuh_vid_pid_get>
10007882:	2305      	movs	r3, #5
10007884:	0039      	movs	r1, r7
10007886:	0020      	movs	r0, r4
10007888:	4a38      	ldr	r2, [pc, #224]	@ (1000796c <xboxone_init+0x108>)
1000788a:	f7ff ffa7 	bl	100077dc <tuh_xinput_send_report>
1000788e:	7cb5      	ldrb	r5, [r6, #18]
10007890:	e004      	b.n	1000789c <xboxone_init+0x38>
10007892:	2001      	movs	r0, #1
10007894:	2100      	movs	r1, #0
10007896:	4240      	negs	r0, r0
10007898:	f7ff f93a 	bl	10006b10 <tuh_task_ext>
1000789c:	0029      	movs	r1, r5
1000789e:	0020      	movs	r0, r4
100078a0:	f7ff fc18 	bl	100070d4 <usbh_edpt_busy>
100078a4:	2800      	cmp	r0, #0
100078a6:	d1f4      	bne.n	10007892 <xboxone_init+0x2e>
100078a8:	2313      	movs	r3, #19
100078aa:	0039      	movs	r1, r7
100078ac:	0020      	movs	r0, r4
100078ae:	4a30      	ldr	r2, [pc, #192]	@ (10007970 <xboxone_init+0x10c>)
100078b0:	f7ff ff94 	bl	100077dc <tuh_xinput_send_report>
100078b4:	7cb5      	ldrb	r5, [r6, #18]
100078b6:	e004      	b.n	100078c2 <xboxone_init+0x5e>
100078b8:	2001      	movs	r0, #1
100078ba:	2100      	movs	r1, #0
100078bc:	4240      	negs	r0, r0
100078be:	f7ff f927 	bl	10006b10 <tuh_task_ext>
100078c2:	0029      	movs	r1, r5
100078c4:	0020      	movs	r0, r4
100078c6:	f7ff fc05 	bl	100070d4 <usbh_edpt_busy>
100078ca:	2800      	cmp	r0, #0
100078cc:	d1f4      	bne.n	100078b8 <xboxone_init+0x54>
100078ce:	4643      	mov	r3, r8
100078d0:	4a28      	ldr	r2, [pc, #160]	@ (10007974 <xboxone_init+0x110>)
100078d2:	881b      	ldrh	r3, [r3, #0]
100078d4:	4293      	cmp	r3, r2
100078d6:	d006      	beq.n	100078e6 <xboxone_init+0x82>
100078d8:	4a27      	ldr	r2, [pc, #156]	@ (10007978 <xboxone_init+0x114>)
100078da:	4293      	cmp	r3, r2
100078dc:	d01f      	beq.n	1000791e <xboxone_init+0xba>
100078de:	b002      	add	sp, #8
100078e0:	bc80      	pop	{r7}
100078e2:	46b8      	mov	r8, r7
100078e4:	bdf0      	pop	{r4, r5, r6, r7, pc}
100078e6:	466a      	mov	r2, sp
100078e8:	23b0      	movs	r3, #176	@ 0xb0
100078ea:	8892      	ldrh	r2, [r2, #4]
100078ec:	011b      	lsls	r3, r3, #4
100078ee:	429a      	cmp	r2, r3
100078f0:	d1f5      	bne.n	100078de <xboxone_init+0x7a>
100078f2:	2306      	movs	r3, #6
100078f4:	0039      	movs	r1, r7
100078f6:	0020      	movs	r0, r4
100078f8:	4a20      	ldr	r2, [pc, #128]	@ (1000797c <xboxone_init+0x118>)
100078fa:	f7ff ff6f 	bl	100077dc <tuh_xinput_send_report>
100078fe:	7cb5      	ldrb	r5, [r6, #18]
10007900:	e004      	b.n	1000790c <xboxone_init+0xa8>
10007902:	2001      	movs	r0, #1
10007904:	2100      	movs	r1, #0
10007906:	4240      	negs	r0, r0
10007908:	f7ff f902 	bl	10006b10 <tuh_task_ext>
1000790c:	0029      	movs	r1, r5
1000790e:	0020      	movs	r0, r4
10007910:	f7ff fbe0 	bl	100070d4 <usbh_edpt_busy>
10007914:	2800      	cmp	r0, #0
10007916:	d1f4      	bne.n	10007902 <xboxone_init+0x9e>
10007918:	4643      	mov	r3, r8
1000791a:	881b      	ldrh	r3, [r3, #0]
1000791c:	e7dc      	b.n	100078d8 <xboxone_init+0x74>
1000791e:	2307      	movs	r3, #7
10007920:	0039      	movs	r1, r7
10007922:	0020      	movs	r0, r4
10007924:	4a16      	ldr	r2, [pc, #88]	@ (10007980 <xboxone_init+0x11c>)
10007926:	f7ff ff59 	bl	100077dc <tuh_xinput_send_report>
1000792a:	7cb5      	ldrb	r5, [r6, #18]
1000792c:	e004      	b.n	10007938 <xboxone_init+0xd4>
1000792e:	2001      	movs	r0, #1
10007930:	2100      	movs	r1, #0
10007932:	4240      	negs	r0, r0
10007934:	f7ff f8ec 	bl	10006b10 <tuh_task_ext>
10007938:	0029      	movs	r1, r5
1000793a:	0020      	movs	r0, r4
1000793c:	f7ff fbca 	bl	100070d4 <usbh_edpt_busy>
10007940:	2800      	cmp	r0, #0
10007942:	d1f4      	bne.n	1000792e <xboxone_init+0xca>
10007944:	2306      	movs	r3, #6
10007946:	0039      	movs	r1, r7
10007948:	0020      	movs	r0, r4
1000794a:	4a0e      	ldr	r2, [pc, #56]	@ (10007984 <xboxone_init+0x120>)
1000794c:	f7ff ff46 	bl	100077dc <tuh_xinput_send_report>
10007950:	7cb5      	ldrb	r5, [r6, #18]
10007952:	e004      	b.n	1000795e <xboxone_init+0xfa>
10007954:	2001      	movs	r0, #1
10007956:	2100      	movs	r1, #0
10007958:	4240      	negs	r0, r0
1000795a:	f7ff f8d9 	bl	10006b10 <tuh_task_ext>
1000795e:	0029      	movs	r1, r5
10007960:	0020      	movs	r0, r4
10007962:	f7ff fbb7 	bl	100070d4 <usbh_edpt_busy>
10007966:	2800      	cmp	r0, #0
10007968:	d1f4      	bne.n	10007954 <xboxone_init+0xf0>
1000796a:	e7b8      	b.n	100078de <xboxone_init+0x7a>
1000796c:	100090d0 	.word	0x100090d0
10007970:	100090bc 	.word	0x100090bc
10007974:	0000045e 	.word	0x0000045e
10007978:	00000e6f 	.word	0x00000e6f
1000797c:	100090b4 	.word	0x100090b4
10007980:	100090ac 	.word	0x100090ac
10007984:	100090a4 	.word	0x100090a4

10007988 <xinputh_xfer_cb>:
10007988:	b5f0      	push	{r4, r5, r6, r7, lr}
1000798a:	4645      	mov	r5, r8
1000798c:	46de      	mov	lr, fp
1000798e:	4657      	mov	r7, sl
10007990:	464e      	mov	r6, r9
10007992:	b5e0      	push	{r5, r6, r7, lr}
10007994:	0007      	movs	r7, r0
10007996:	09c8      	lsrs	r0, r1, #7
10007998:	1e7d      	subs	r5, r7, #1
1000799a:	4683      	mov	fp, r0
1000799c:	00a8      	lsls	r0, r5, #2
1000799e:	4680      	mov	r8, r0
100079a0:	1940      	adds	r0, r0, r5
100079a2:	0140      	lsls	r0, r0, #5
100079a4:	4ecb      	ldr	r6, [pc, #812]	@ (10007cd4 <xinputh_xfer_cb+0x34c>)
100079a6:	1940      	adds	r0, r0, r5
100079a8:	0080      	lsls	r0, r0, #2
100079aa:	1830      	adds	r0, r6, r0
100079ac:	7d44      	ldrb	r4, [r0, #21]
100079ae:	b087      	sub	sp, #28
100079b0:	428c      	cmp	r4, r1
100079b2:	d100      	bne.n	100079b6 <xinputh_xfer_cb+0x2e>
100079b4:	e1d0      	b.n	10007d58 <xinputh_xfer_cb+0x3d0>
100079b6:	7d84      	ldrb	r4, [r0, #22]
100079b8:	428c      	cmp	r4, r1
100079ba:	d100      	bne.n	100079be <xinputh_xfer_cb+0x36>
100079bc:	e1cc      	b.n	10007d58 <xinputh_xfer_cb+0x3d0>
100079be:	0004      	movs	r4, r0
100079c0:	34b5      	adds	r4, #181	@ 0xb5
100079c2:	7824      	ldrb	r4, [r4, #0]
100079c4:	428c      	cmp	r4, r1
100079c6:	d100      	bne.n	100079ca <xinputh_xfer_cb+0x42>
100079c8:	e1d8      	b.n	10007d7c <xinputh_xfer_cb+0x3f4>
100079ca:	0004      	movs	r4, r0
100079cc:	34b6      	adds	r4, #182	@ 0xb6
100079ce:	7824      	ldrb	r4, [r4, #0]
100079d0:	428c      	cmp	r4, r1
100079d2:	d100      	bne.n	100079d6 <xinputh_xfer_cb+0x4e>
100079d4:	e1d2      	b.n	10007d7c <xinputh_xfer_cb+0x3f4>
100079d6:	0004      	movs	r4, r0
100079d8:	3456      	adds	r4, #86	@ 0x56
100079da:	34ff      	adds	r4, #255	@ 0xff
100079dc:	7824      	ldrb	r4, [r4, #0]
100079de:	428c      	cmp	r4, r1
100079e0:	d100      	bne.n	100079e4 <xinputh_xfer_cb+0x5c>
100079e2:	e1cf      	b.n	10007d84 <xinputh_xfer_cb+0x3fc>
100079e4:	0004      	movs	r4, r0
100079e6:	3457      	adds	r4, #87	@ 0x57
100079e8:	34ff      	adds	r4, #255	@ 0xff
100079ea:	7824      	ldrb	r4, [r4, #0]
100079ec:	428c      	cmp	r4, r1
100079ee:	d100      	bne.n	100079f2 <xinputh_xfer_cb+0x6a>
100079f0:	e1c8      	b.n	10007d84 <xinputh_xfer_cb+0x3fc>
100079f2:	0004      	movs	r4, r0
100079f4:	34f6      	adds	r4, #246	@ 0xf6
100079f6:	34ff      	adds	r4, #255	@ 0xff
100079f8:	7824      	ldrb	r4, [r4, #0]
100079fa:	428c      	cmp	r4, r1
100079fc:	d100      	bne.n	10007a00 <xinputh_xfer_cb+0x78>
100079fe:	e1c5      	b.n	10007d8c <xinputh_xfer_cb+0x404>
10007a00:	30f7      	adds	r0, #247	@ 0xf7
10007a02:	30ff      	adds	r0, #255	@ 0xff
10007a04:	7800      	ldrb	r0, [r0, #0]
10007a06:	4288      	cmp	r0, r1
10007a08:	d100      	bne.n	10007a0c <xinputh_xfer_cb+0x84>
10007a0a:	e1bf      	b.n	10007d8c <xinputh_xfer_cb+0x404>
10007a0c:	21ff      	movs	r1, #255	@ 0xff
10007a0e:	468a      	mov	sl, r1
10007a10:	9103      	str	r1, [sp, #12]
10007a12:	21ff      	movs	r1, #255	@ 0xff
10007a14:	0089      	lsls	r1, r1, #2
10007a16:	4689      	mov	r9, r1
10007a18:	48af      	ldr	r0, [pc, #700]	@ (10007cd8 <xinputh_xfer_cb+0x350>)
10007a1a:	4641      	mov	r1, r8
10007a1c:	1949      	adds	r1, r1, r5
10007a1e:	0149      	lsls	r1, r1, #5
10007a20:	1949      	adds	r1, r1, r5
10007a22:	0089      	lsls	r1, r1, #2
10007a24:	1808      	adds	r0, r1, r0
10007a26:	1d04      	adds	r4, r0, #4
10007a28:	1934      	adds	r4, r6, r4
10007a2a:	9404      	str	r4, [sp, #16]
10007a2c:	464c      	mov	r4, r9
10007a2e:	4454      	add	r4, sl
10007a30:	0164      	lsls	r4, r4, #5
10007a32:	1864      	adds	r4, r4, r1
10007a34:	1934      	adds	r4, r6, r4
10007a36:	0021      	movs	r1, r4
10007a38:	319c      	adds	r1, #156	@ 0x9c
10007a3a:	700a      	strb	r2, [r1, #0]
10007a3c:	604b      	str	r3, [r1, #4]
10007a3e:	2a00      	cmp	r2, #0
10007a40:	d000      	beq.n	10007a44 <xinputh_xfer_cb+0xbc>
10007a42:	e14f      	b.n	10007ce4 <xinputh_xfer_cb+0x35c>
10007a44:	4659      	mov	r1, fp
10007a46:	2901      	cmp	r1, #1
10007a48:	d011      	beq.n	10007a6e <xinputh_xfer_cb+0xe6>
10007a4a:	4aa4      	ldr	r2, [pc, #656]	@ (10007cdc <xinputh_xfer_cb+0x354>)
10007a4c:	2a00      	cmp	r2, #0
10007a4e:	d006      	beq.n	10007a5e <xinputh_xfer_cb+0xd6>
10007a50:	305c      	adds	r0, #92	@ 0x5c
10007a52:	1832      	adds	r2, r6, r0
10007a54:	9903      	ldr	r1, [sp, #12]
10007a56:	0038      	movs	r0, r7
10007a58:	b29b      	uxth	r3, r3
10007a5a:	e000      	b.n	10007a5e <xinputh_xfer_cb+0xd6>
10007a5c:	bf00      	nop
10007a5e:	2001      	movs	r0, #1
10007a60:	b007      	add	sp, #28
10007a62:	bcf0      	pop	{r4, r5, r6, r7}
10007a64:	46bb      	mov	fp, r7
10007a66:	46b2      	mov	sl, r6
10007a68:	46a9      	mov	r9, r5
10007a6a:	46a0      	mov	r8, r4
10007a6c:	bdf0      	pop	{r4, r5, r6, r7, pc}
10007a6e:	1d83      	adds	r3, r0, #6
10007a70:	301c      	adds	r0, #28
10007a72:	1831      	adds	r1, r6, r0
10007a74:	9105      	str	r1, [sp, #20]
10007a76:	7921      	ldrb	r1, [r4, #4]
10007a78:	18f3      	adds	r3, r6, r3
10007a7a:	2903      	cmp	r1, #3
10007a7c:	d100      	bne.n	10007a80 <xinputh_xfer_cb+0xf8>
10007a7e:	e140      	b.n	10007d02 <xinputh_xfer_cb+0x37a>
10007a80:	2902      	cmp	r1, #2
10007a82:	d100      	bne.n	10007a86 <xinputh_xfer_cb+0xfe>
10007a84:	e186      	b.n	10007d94 <xinputh_xfer_cb+0x40c>
10007a86:	2901      	cmp	r1, #1
10007a88:	d100      	bne.n	10007a8c <xinputh_xfer_cb+0x104>
10007a8a:	e2b3      	b.n	10007ff4 <xinputh_xfer_cb+0x66c>
10007a8c:	2904      	cmp	r1, #4
10007a8e:	d000      	beq.n	10007a92 <xinputh_xfer_cb+0x10a>
10007a90:	e13c      	b.n	10007d0c <xinputh_xfer_cb+0x384>
10007a92:	9a05      	ldr	r2, [sp, #20]
10007a94:	7852      	ldrb	r2, [r2, #1]
10007a96:	2a14      	cmp	r2, #20
10007a98:	d000      	beq.n	10007a9c <xinputh_xfer_cb+0x114>
10007a9a:	e137      	b.n	10007d0c <xinputh_xfer_cb+0x384>
10007a9c:	0018      	movs	r0, r3
10007a9e:	3a08      	subs	r2, #8
10007aa0:	2100      	movs	r1, #0
10007aa2:	f7fb fa59 	bl	10002f58 <__wrap_memset>
10007aa6:	465a      	mov	r2, fp
10007aa8:	9b05      	ldr	r3, [sp, #20]
10007aaa:	885b      	ldrh	r3, [r3, #2]
10007aac:	421a      	tst	r2, r3
10007aae:	d003      	beq.n	10007ab8 <xinputh_xfer_cb+0x130>
10007ab0:	2101      	movs	r1, #1
10007ab2:	88e2      	ldrh	r2, [r4, #6]
10007ab4:	430a      	orrs	r2, r1
10007ab6:	80e2      	strh	r2, [r4, #6]
10007ab8:	079a      	lsls	r2, r3, #30
10007aba:	d50d      	bpl.n	10007ad8 <xinputh_xfer_cb+0x150>
10007abc:	4641      	mov	r1, r8
10007abe:	464a      	mov	r2, r9
10007ac0:	2002      	movs	r0, #2
10007ac2:	1949      	adds	r1, r1, r5
10007ac4:	0149      	lsls	r1, r1, #5
10007ac6:	4452      	add	r2, sl
10007ac8:	1949      	adds	r1, r1, r5
10007aca:	0089      	lsls	r1, r1, #2
10007acc:	0152      	lsls	r2, r2, #5
10007ace:	1852      	adds	r2, r2, r1
10007ad0:	18b2      	adds	r2, r6, r2
10007ad2:	88d1      	ldrh	r1, [r2, #6]
10007ad4:	4301      	orrs	r1, r0
10007ad6:	80d1      	strh	r1, [r2, #6]
10007ad8:	075a      	lsls	r2, r3, #29
10007ada:	d50d      	bpl.n	10007af8 <xinputh_xfer_cb+0x170>
10007adc:	4641      	mov	r1, r8
10007ade:	464a      	mov	r2, r9
10007ae0:	2004      	movs	r0, #4
10007ae2:	1949      	adds	r1, r1, r5
10007ae4:	0149      	lsls	r1, r1, #5
10007ae6:	4452      	add	r2, sl
10007ae8:	1949      	adds	r1, r1, r5
10007aea:	0089      	lsls	r1, r1, #2
10007aec:	0152      	lsls	r2, r2, #5
10007aee:	1852      	adds	r2, r2, r1
10007af0:	18b2      	adds	r2, r6, r2
10007af2:	88d1      	ldrh	r1, [r2, #6]
10007af4:	4301      	orrs	r1, r0
10007af6:	80d1      	strh	r1, [r2, #6]
10007af8:	071a      	lsls	r2, r3, #28
10007afa:	d50d      	bpl.n	10007b18 <xinputh_xfer_cb+0x190>
10007afc:	4641      	mov	r1, r8
10007afe:	464a      	mov	r2, r9
10007b00:	2008      	movs	r0, #8
10007b02:	1949      	adds	r1, r1, r5
10007b04:	0149      	lsls	r1, r1, #5
10007b06:	4452      	add	r2, sl
10007b08:	1949      	adds	r1, r1, r5
10007b0a:	0089      	lsls	r1, r1, #2
10007b0c:	0152      	lsls	r2, r2, #5
10007b0e:	1852      	adds	r2, r2, r1
10007b10:	18b2      	adds	r2, r6, r2
10007b12:	88d1      	ldrh	r1, [r2, #6]
10007b14:	4301      	orrs	r1, r0
10007b16:	80d1      	strh	r1, [r2, #6]
10007b18:	06da      	lsls	r2, r3, #27
10007b1a:	d50d      	bpl.n	10007b38 <xinputh_xfer_cb+0x1b0>
10007b1c:	4641      	mov	r1, r8
10007b1e:	464a      	mov	r2, r9
10007b20:	2010      	movs	r0, #16
10007b22:	1949      	adds	r1, r1, r5
10007b24:	0149      	lsls	r1, r1, #5
10007b26:	4452      	add	r2, sl
10007b28:	1949      	adds	r1, r1, r5
10007b2a:	0089      	lsls	r1, r1, #2
10007b2c:	0152      	lsls	r2, r2, #5
10007b2e:	1852      	adds	r2, r2, r1
10007b30:	18b2      	adds	r2, r6, r2
10007b32:	88d1      	ldrh	r1, [r2, #6]
10007b34:	4301      	orrs	r1, r0
10007b36:	80d1      	strh	r1, [r2, #6]
10007b38:	069a      	lsls	r2, r3, #26
10007b3a:	d50d      	bpl.n	10007b58 <xinputh_xfer_cb+0x1d0>
10007b3c:	4641      	mov	r1, r8
10007b3e:	464a      	mov	r2, r9
10007b40:	2020      	movs	r0, #32
10007b42:	1949      	adds	r1, r1, r5
10007b44:	0149      	lsls	r1, r1, #5
10007b46:	4452      	add	r2, sl
10007b48:	1949      	adds	r1, r1, r5
10007b4a:	0089      	lsls	r1, r1, #2
10007b4c:	0152      	lsls	r2, r2, #5
10007b4e:	1852      	adds	r2, r2, r1
10007b50:	18b2      	adds	r2, r6, r2
10007b52:	88d1      	ldrh	r1, [r2, #6]
10007b54:	4301      	orrs	r1, r0
10007b56:	80d1      	strh	r1, [r2, #6]
10007b58:	065a      	lsls	r2, r3, #25
10007b5a:	d50d      	bpl.n	10007b78 <xinputh_xfer_cb+0x1f0>
10007b5c:	4641      	mov	r1, r8
10007b5e:	464a      	mov	r2, r9
10007b60:	2040      	movs	r0, #64	@ 0x40
10007b62:	1949      	adds	r1, r1, r5
10007b64:	0149      	lsls	r1, r1, #5
10007b66:	4452      	add	r2, sl
10007b68:	1949      	adds	r1, r1, r5
10007b6a:	0089      	lsls	r1, r1, #2
10007b6c:	0152      	lsls	r2, r2, #5
10007b6e:	1852      	adds	r2, r2, r1
10007b70:	18b2      	adds	r2, r6, r2
10007b72:	88d1      	ldrh	r1, [r2, #6]
10007b74:	4301      	orrs	r1, r0
10007b76:	80d1      	strh	r1, [r2, #6]
10007b78:	061b      	lsls	r3, r3, #24
10007b7a:	d50d      	bpl.n	10007b98 <xinputh_xfer_cb+0x210>
10007b7c:	4642      	mov	r2, r8
10007b7e:	464b      	mov	r3, r9
10007b80:	2180      	movs	r1, #128	@ 0x80
10007b82:	1952      	adds	r2, r2, r5
10007b84:	0152      	lsls	r2, r2, #5
10007b86:	4453      	add	r3, sl
10007b88:	1952      	adds	r2, r2, r5
10007b8a:	0092      	lsls	r2, r2, #2
10007b8c:	015b      	lsls	r3, r3, #5
10007b8e:	189b      	adds	r3, r3, r2
10007b90:	18f3      	adds	r3, r6, r3
10007b92:	88da      	ldrh	r2, [r3, #6]
10007b94:	430a      	orrs	r2, r1
10007b96:	80da      	strh	r2, [r3, #6]
10007b98:	9b05      	ldr	r3, [sp, #20]
10007b9a:	791b      	ldrb	r3, [r3, #4]
10007b9c:	2b20      	cmp	r3, #32
10007b9e:	d90e      	bls.n	10007bbe <xinputh_xfer_cb+0x236>
10007ba0:	4642      	mov	r2, r8
10007ba2:	464b      	mov	r3, r9
10007ba4:	1952      	adds	r2, r2, r5
10007ba6:	0152      	lsls	r2, r2, #5
10007ba8:	4453      	add	r3, sl
10007baa:	1952      	adds	r2, r2, r5
10007bac:	0092      	lsls	r2, r2, #2
10007bae:	015b      	lsls	r3, r3, #5
10007bb0:	189b      	adds	r3, r3, r2
10007bb2:	2280      	movs	r2, #128	@ 0x80
10007bb4:	18f3      	adds	r3, r6, r3
10007bb6:	88d9      	ldrh	r1, [r3, #6]
10007bb8:	0152      	lsls	r2, r2, #5
10007bba:	430a      	orrs	r2, r1
10007bbc:	80da      	strh	r2, [r3, #6]
10007bbe:	9b05      	ldr	r3, [sp, #20]
10007bc0:	795b      	ldrb	r3, [r3, #5]
10007bc2:	2b20      	cmp	r3, #32
10007bc4:	d90e      	bls.n	10007be4 <xinputh_xfer_cb+0x25c>
10007bc6:	4642      	mov	r2, r8
10007bc8:	464b      	mov	r3, r9
10007bca:	1952      	adds	r2, r2, r5
10007bcc:	0152      	lsls	r2, r2, #5
10007bce:	4453      	add	r3, sl
10007bd0:	1952      	adds	r2, r2, r5
10007bd2:	0092      	lsls	r2, r2, #2
10007bd4:	015b      	lsls	r3, r3, #5
10007bd6:	189b      	adds	r3, r3, r2
10007bd8:	2280      	movs	r2, #128	@ 0x80
10007bda:	18f3      	adds	r3, r6, r3
10007bdc:	88d9      	ldrh	r1, [r3, #6]
10007bde:	0192      	lsls	r2, r2, #6
10007be0:	430a      	orrs	r2, r1
10007be2:	80da      	strh	r2, [r3, #6]
10007be4:	9b05      	ldr	r3, [sp, #20]
10007be6:	799b      	ldrb	r3, [r3, #6]
10007be8:	2b20      	cmp	r3, #32
10007bea:	d90e      	bls.n	10007c0a <xinputh_xfer_cb+0x282>
10007bec:	4642      	mov	r2, r8
10007bee:	464b      	mov	r3, r9
10007bf0:	1952      	adds	r2, r2, r5
10007bf2:	0152      	lsls	r2, r2, #5
10007bf4:	4453      	add	r3, sl
10007bf6:	1952      	adds	r2, r2, r5
10007bf8:	0092      	lsls	r2, r2, #2
10007bfa:	015b      	lsls	r3, r3, #5
10007bfc:	189b      	adds	r3, r3, r2
10007bfe:	2280      	movs	r2, #128	@ 0x80
10007c00:	18f3      	adds	r3, r6, r3
10007c02:	88d9      	ldrh	r1, [r3, #6]
10007c04:	01d2      	lsls	r2, r2, #7
10007c06:	430a      	orrs	r2, r1
10007c08:	80da      	strh	r2, [r3, #6]
10007c0a:	9b05      	ldr	r3, [sp, #20]
10007c0c:	79db      	ldrb	r3, [r3, #7]
10007c0e:	2b20      	cmp	r3, #32
10007c10:	d90d      	bls.n	10007c2e <xinputh_xfer_cb+0x2a6>
10007c12:	4642      	mov	r2, r8
10007c14:	464b      	mov	r3, r9
10007c16:	1952      	adds	r2, r2, r5
10007c18:	0152      	lsls	r2, r2, #5
10007c1a:	4453      	add	r3, sl
10007c1c:	1952      	adds	r2, r2, r5
10007c1e:	0092      	lsls	r2, r2, #2
10007c20:	015b      	lsls	r3, r3, #5
10007c22:	189b      	adds	r3, r3, r2
10007c24:	18f3      	adds	r3, r6, r3
10007c26:	88d9      	ldrh	r1, [r3, #6]
10007c28:	4a2d      	ldr	r2, [pc, #180]	@ (10007ce0 <xinputh_xfer_cb+0x358>)
10007c2a:	430a      	orrs	r2, r1
10007c2c:	80da      	strh	r2, [r3, #6]
10007c2e:	9b05      	ldr	r3, [sp, #20]
10007c30:	7a1b      	ldrb	r3, [r3, #8]
10007c32:	2b20      	cmp	r3, #32
10007c34:	d90e      	bls.n	10007c54 <xinputh_xfer_cb+0x2cc>
10007c36:	4642      	mov	r2, r8
10007c38:	464b      	mov	r3, r9
10007c3a:	1952      	adds	r2, r2, r5
10007c3c:	0152      	lsls	r2, r2, #5
10007c3e:	4453      	add	r3, sl
10007c40:	1952      	adds	r2, r2, r5
10007c42:	0092      	lsls	r2, r2, #2
10007c44:	015b      	lsls	r3, r3, #5
10007c46:	189b      	adds	r3, r3, r2
10007c48:	2280      	movs	r2, #128	@ 0x80
10007c4a:	18f3      	adds	r3, r6, r3
10007c4c:	88d9      	ldrh	r1, [r3, #6]
10007c4e:	0092      	lsls	r2, r2, #2
10007c50:	430a      	orrs	r2, r1
10007c52:	80da      	strh	r2, [r3, #6]
10007c54:	9b05      	ldr	r3, [sp, #20]
10007c56:	7a5b      	ldrb	r3, [r3, #9]
10007c58:	2b20      	cmp	r3, #32
10007c5a:	d90e      	bls.n	10007c7a <xinputh_xfer_cb+0x2f2>
10007c5c:	4642      	mov	r2, r8
10007c5e:	464b      	mov	r3, r9
10007c60:	1952      	adds	r2, r2, r5
10007c62:	0152      	lsls	r2, r2, #5
10007c64:	4453      	add	r3, sl
10007c66:	1952      	adds	r2, r2, r5
10007c68:	0092      	lsls	r2, r2, #2
10007c6a:	015b      	lsls	r3, r3, #5
10007c6c:	189b      	adds	r3, r3, r2
10007c6e:	2280      	movs	r2, #128	@ 0x80
10007c70:	18f3      	adds	r3, r6, r3
10007c72:	88d9      	ldrh	r1, [r3, #6]
10007c74:	0052      	lsls	r2, r2, #1
10007c76:	430a      	orrs	r2, r1
10007c78:	80da      	strh	r2, [r3, #6]
10007c7a:	4642      	mov	r2, r8
10007c7c:	464b      	mov	r3, r9
10007c7e:	1952      	adds	r2, r2, r5
10007c80:	0152      	lsls	r2, r2, #5
10007c82:	9805      	ldr	r0, [sp, #20]
10007c84:	4453      	add	r3, sl
10007c86:	1952      	adds	r2, r2, r5
10007c88:	0092      	lsls	r2, r2, #2
10007c8a:	015b      	lsls	r3, r3, #5
10007c8c:	7a81      	ldrb	r1, [r0, #10]
10007c8e:	189b      	adds	r3, r3, r2
10007c90:	18f3      	adds	r3, r6, r3
10007c92:	7219      	strb	r1, [r3, #8]
10007c94:	7ac2      	ldrb	r2, [r0, #11]
10007c96:	725a      	strb	r2, [r3, #9]
10007c98:	8982      	ldrh	r2, [r0, #12]
10007c9a:	815a      	strh	r2, [r3, #10]
10007c9c:	89c2      	ldrh	r2, [r0, #14]
10007c9e:	819a      	strh	r2, [r3, #12]
10007ca0:	8a02      	ldrh	r2, [r0, #16]
10007ca2:	81da      	strh	r2, [r3, #14]
10007ca4:	8a42      	ldrh	r2, [r0, #18]
10007ca6:	821a      	strh	r2, [r3, #16]
10007ca8:	2201      	movs	r2, #1
10007caa:	74da      	strb	r2, [r3, #19]
10007cac:	23a0      	movs	r3, #160	@ 0xa0
10007cae:	9a04      	ldr	r2, [sp, #16]
10007cb0:	0038      	movs	r0, r7
10007cb2:	9903      	ldr	r1, [sp, #12]
10007cb4:	f7f8 fd34 	bl	10000720 <tuh_xinput_report_received_cb>
10007cb8:	4643      	mov	r3, r8
10007cba:	464a      	mov	r2, r9
10007cbc:	195b      	adds	r3, r3, r5
10007cbe:	015b      	lsls	r3, r3, #5
10007cc0:	4452      	add	r2, sl
10007cc2:	195b      	adds	r3, r3, r5
10007cc4:	0152      	lsls	r2, r2, #5
10007cc6:	009b      	lsls	r3, r3, #2
10007cc8:	18d3      	adds	r3, r2, r3
10007cca:	18f6      	adds	r6, r6, r3
10007ccc:	2300      	movs	r3, #0
10007cce:	74f3      	strb	r3, [r6, #19]
10007cd0:	e6c5      	b.n	10007a5e <xinputh_xfer_cb+0xd6>
10007cd2:	46c0      	nop			@ (mov r8, r8)
10007cd4:	20000d58 	.word	0x20000d58
10007cd8:	00009f60 	.word	0x00009f60
10007cdc:	00000000 	.word	0x00000000
10007ce0:	ffff8000 	.word	0xffff8000
10007ce4:	465a      	mov	r2, fp
10007ce6:	2a01      	cmp	r2, #1
10007ce8:	d040      	beq.n	10007d6c <xinputh_xfer_cb+0x3e4>
10007cea:	4acb      	ldr	r2, [pc, #812]	@ (10008018 <xinputh_xfer_cb+0x690>)
10007cec:	2a00      	cmp	r2, #0
10007cee:	d006      	beq.n	10007cfe <xinputh_xfer_cb+0x376>
10007cf0:	305c      	adds	r0, #92	@ 0x5c
10007cf2:	1832      	adds	r2, r6, r0
10007cf4:	9903      	ldr	r1, [sp, #12]
10007cf6:	0038      	movs	r0, r7
10007cf8:	b29b      	uxth	r3, r3
10007cfa:	e000      	b.n	10007cfe <xinputh_xfer_cb+0x376>
10007cfc:	bf00      	nop
10007cfe:	2000      	movs	r0, #0
10007d00:	e6ae      	b.n	10007a60 <xinputh_xfer_cb+0xd8>
10007d02:	9a05      	ldr	r2, [sp, #20]
10007d04:	7852      	ldrb	r2, [r2, #1]
10007d06:	2a14      	cmp	r2, #20
10007d08:	d100      	bne.n	10007d0c <xinputh_xfer_cb+0x384>
10007d0a:	e189      	b.n	10008020 <xinputh_xfer_cb+0x698>
10007d0c:	4643      	mov	r3, r8
10007d0e:	464c      	mov	r4, r9
10007d10:	195b      	adds	r3, r3, r5
10007d12:	015b      	lsls	r3, r3, #5
10007d14:	4454      	add	r4, sl
10007d16:	195b      	adds	r3, r3, r5
10007d18:	009b      	lsls	r3, r3, #2
10007d1a:	0164      	lsls	r4, r4, #5
10007d1c:	18e4      	adds	r4, r4, r3
10007d1e:	1934      	adds	r4, r6, r4
10007d20:	7ce3      	ldrb	r3, [r4, #19]
10007d22:	469b      	mov	fp, r3
10007d24:	2b00      	cmp	r3, #0
10007d26:	d1c1      	bne.n	10007cac <xinputh_xfer_cb+0x324>
10007d28:	0038      	movs	r0, r7
10007d2a:	7d61      	ldrb	r1, [r4, #21]
10007d2c:	f7ff f94a 	bl	10006fc4 <usbh_edpt_claim>
10007d30:	2800      	cmp	r0, #0
10007d32:	d100      	bne.n	10007d36 <xinputh_xfer_cb+0x3ae>
10007d34:	e693      	b.n	10007a5e <xinputh_xfer_cb+0xd6>
10007d36:	465a      	mov	r2, fp
10007d38:	8b23      	ldrh	r3, [r4, #24]
10007d3a:	7d61      	ldrb	r1, [r4, #21]
10007d3c:	0038      	movs	r0, r7
10007d3e:	9201      	str	r2, [sp, #4]
10007d40:	9200      	str	r2, [sp, #0]
10007d42:	9a05      	ldr	r2, [sp, #20]
10007d44:	f7ff f97a 	bl	1000703c <usbh_edpt_xfer_with_callback>
10007d48:	2800      	cmp	r0, #0
10007d4a:	d000      	beq.n	10007d4e <xinputh_xfer_cb+0x3c6>
10007d4c:	e687      	b.n	10007a5e <xinputh_xfer_cb+0xd6>
10007d4e:	0038      	movs	r0, r7
10007d50:	7d61      	ldrb	r1, [r4, #21]
10007d52:	f7ff f955 	bl	10007000 <usbh_edpt_release>
10007d56:	e682      	b.n	10007a5e <xinputh_xfer_cb+0xd6>
10007d58:	2100      	movs	r1, #0
10007d5a:	468a      	mov	sl, r1
10007d5c:	9103      	str	r1, [sp, #12]
10007d5e:	4651      	mov	r1, sl
10007d60:	0089      	lsls	r1, r1, #2
10007d62:	0008      	movs	r0, r1
10007d64:	4450      	add	r0, sl
10007d66:	4689      	mov	r9, r1
10007d68:	0140      	lsls	r0, r0, #5
10007d6a:	e656      	b.n	10007a1a <xinputh_xfer_cb+0x92>
10007d6c:	0038      	movs	r0, r7
10007d6e:	23a0      	movs	r3, #160	@ 0xa0
10007d70:	9a04      	ldr	r2, [sp, #16]
10007d72:	9903      	ldr	r1, [sp, #12]
10007d74:	f7f8 fcd4 	bl	10000720 <tuh_xinput_report_received_cb>
10007d78:	2000      	movs	r0, #0
10007d7a:	e671      	b.n	10007a60 <xinputh_xfer_cb+0xd8>
10007d7c:	2101      	movs	r1, #1
10007d7e:	468a      	mov	sl, r1
10007d80:	9103      	str	r1, [sp, #12]
10007d82:	e7ec      	b.n	10007d5e <xinputh_xfer_cb+0x3d6>
10007d84:	2102      	movs	r1, #2
10007d86:	468a      	mov	sl, r1
10007d88:	9103      	str	r1, [sp, #12]
10007d8a:	e7e8      	b.n	10007d5e <xinputh_xfer_cb+0x3d6>
10007d8c:	2103      	movs	r1, #3
10007d8e:	468a      	mov	sl, r1
10007d90:	9103      	str	r1, [sp, #12]
10007d92:	e7e4      	b.n	10007d5e <xinputh_xfer_cb+0x3d6>
10007d94:	9905      	ldr	r1, [sp, #20]
10007d96:	7848      	ldrb	r0, [r1, #1]
10007d98:	7809      	ldrb	r1, [r1, #0]
10007d9a:	0709      	lsls	r1, r1, #28
10007d9c:	d500      	bpl.n	10007da0 <xinputh_xfer_cb+0x418>
10007d9e:	e11e      	b.n	10007fde <xinputh_xfer_cb+0x656>
10007da0:	2401      	movs	r4, #1
10007da2:	4204      	tst	r4, r0
10007da4:	d0b2      	beq.n	10007d0c <xinputh_xfer_cb+0x384>
10007da6:	9a05      	ldr	r2, [sp, #20]
10007da8:	7952      	ldrb	r2, [r2, #5]
10007daa:	2a13      	cmp	r2, #19
10007dac:	d1ae      	bne.n	10007d0c <xinputh_xfer_cb+0x384>
10007dae:	2100      	movs	r1, #0
10007db0:	0018      	movs	r0, r3
10007db2:	3a07      	subs	r2, #7
10007db4:	f7fb f8d0 	bl	10002f58 <__wrap_memset>
10007db8:	9a05      	ldr	r2, [sp, #20]
10007dba:	88d3      	ldrh	r3, [r2, #6]
10007dbc:	2106      	movs	r1, #6
10007dbe:	5e51      	ldrsh	r1, [r2, r1]
10007dc0:	421c      	tst	r4, r3
10007dc2:	d00c      	beq.n	10007dde <xinputh_xfer_cb+0x456>
10007dc4:	4640      	mov	r0, r8
10007dc6:	464a      	mov	r2, r9
10007dc8:	1940      	adds	r0, r0, r5
10007dca:	0140      	lsls	r0, r0, #5
10007dcc:	4452      	add	r2, sl
10007dce:	1940      	adds	r0, r0, r5
10007dd0:	0080      	lsls	r0, r0, #2
10007dd2:	0152      	lsls	r2, r2, #5
10007dd4:	1812      	adds	r2, r2, r0
10007dd6:	18b2      	adds	r2, r6, r2
10007dd8:	88d0      	ldrh	r0, [r2, #6]
10007dda:	4320      	orrs	r0, r4
10007ddc:	80d0      	strh	r0, [r2, #6]
10007dde:	079a      	lsls	r2, r3, #30
10007de0:	d50d      	bpl.n	10007dfe <xinputh_xfer_cb+0x476>
10007de2:	4640      	mov	r0, r8
10007de4:	464a      	mov	r2, r9
10007de6:	2402      	movs	r4, #2
10007de8:	1940      	adds	r0, r0, r5
10007dea:	0140      	lsls	r0, r0, #5
10007dec:	4452      	add	r2, sl
10007dee:	1940      	adds	r0, r0, r5
10007df0:	0080      	lsls	r0, r0, #2
10007df2:	0152      	lsls	r2, r2, #5
10007df4:	1812      	adds	r2, r2, r0
10007df6:	18b2      	adds	r2, r6, r2
10007df8:	88d0      	ldrh	r0, [r2, #6]
10007dfa:	4320      	orrs	r0, r4
10007dfc:	80d0      	strh	r0, [r2, #6]
10007dfe:	075a      	lsls	r2, r3, #29
10007e00:	d50d      	bpl.n	10007e1e <xinputh_xfer_cb+0x496>
10007e02:	4640      	mov	r0, r8
10007e04:	464a      	mov	r2, r9
10007e06:	2404      	movs	r4, #4
10007e08:	1940      	adds	r0, r0, r5
10007e0a:	0140      	lsls	r0, r0, #5
10007e0c:	4452      	add	r2, sl
10007e0e:	1940      	adds	r0, r0, r5
10007e10:	0080      	lsls	r0, r0, #2
10007e12:	0152      	lsls	r2, r2, #5
10007e14:	1812      	adds	r2, r2, r0
10007e16:	18b2      	adds	r2, r6, r2
10007e18:	88d0      	ldrh	r0, [r2, #6]
10007e1a:	4320      	orrs	r0, r4
10007e1c:	80d0      	strh	r0, [r2, #6]
10007e1e:	071a      	lsls	r2, r3, #28
10007e20:	d50d      	bpl.n	10007e3e <xinputh_xfer_cb+0x4b6>
10007e22:	4640      	mov	r0, r8
10007e24:	464a      	mov	r2, r9
10007e26:	2408      	movs	r4, #8
10007e28:	1940      	adds	r0, r0, r5
10007e2a:	0140      	lsls	r0, r0, #5
10007e2c:	4452      	add	r2, sl
10007e2e:	1940      	adds	r0, r0, r5
10007e30:	0080      	lsls	r0, r0, #2
10007e32:	0152      	lsls	r2, r2, #5
10007e34:	1812      	adds	r2, r2, r0
10007e36:	18b2      	adds	r2, r6, r2
10007e38:	88d0      	ldrh	r0, [r2, #6]
10007e3a:	4320      	orrs	r0, r4
10007e3c:	80d0      	strh	r0, [r2, #6]
10007e3e:	06da      	lsls	r2, r3, #27
10007e40:	d50d      	bpl.n	10007e5e <xinputh_xfer_cb+0x4d6>
10007e42:	4640      	mov	r0, r8
10007e44:	464a      	mov	r2, r9
10007e46:	2410      	movs	r4, #16
10007e48:	1940      	adds	r0, r0, r5
10007e4a:	0140      	lsls	r0, r0, #5
10007e4c:	4452      	add	r2, sl
10007e4e:	1940      	adds	r0, r0, r5
10007e50:	0080      	lsls	r0, r0, #2
10007e52:	0152      	lsls	r2, r2, #5
10007e54:	1812      	adds	r2, r2, r0
10007e56:	18b2      	adds	r2, r6, r2
10007e58:	88d0      	ldrh	r0, [r2, #6]
10007e5a:	4320      	orrs	r0, r4
10007e5c:	80d0      	strh	r0, [r2, #6]
10007e5e:	069a      	lsls	r2, r3, #26
10007e60:	d50d      	bpl.n	10007e7e <xinputh_xfer_cb+0x4f6>
10007e62:	4640      	mov	r0, r8
10007e64:	464a      	mov	r2, r9
10007e66:	2420      	movs	r4, #32
10007e68:	1940      	adds	r0, r0, r5
10007e6a:	0140      	lsls	r0, r0, #5
10007e6c:	4452      	add	r2, sl
10007e6e:	1940      	adds	r0, r0, r5
10007e70:	0080      	lsls	r0, r0, #2
10007e72:	0152      	lsls	r2, r2, #5
10007e74:	1812      	adds	r2, r2, r0
10007e76:	18b2      	adds	r2, r6, r2
10007e78:	88d0      	ldrh	r0, [r2, #6]
10007e7a:	4320      	orrs	r0, r4
10007e7c:	80d0      	strh	r0, [r2, #6]
10007e7e:	065a      	lsls	r2, r3, #25
10007e80:	d50d      	bpl.n	10007e9e <xinputh_xfer_cb+0x516>
10007e82:	4640      	mov	r0, r8
10007e84:	464a      	mov	r2, r9
10007e86:	2440      	movs	r4, #64	@ 0x40
10007e88:	1940      	adds	r0, r0, r5
10007e8a:	0140      	lsls	r0, r0, #5
10007e8c:	4452      	add	r2, sl
10007e8e:	1940      	adds	r0, r0, r5
10007e90:	0080      	lsls	r0, r0, #2
10007e92:	0152      	lsls	r2, r2, #5
10007e94:	1812      	adds	r2, r2, r0
10007e96:	18b2      	adds	r2, r6, r2
10007e98:	88d0      	ldrh	r0, [r2, #6]
10007e9a:	4320      	orrs	r0, r4
10007e9c:	80d0      	strh	r0, [r2, #6]
10007e9e:	061a      	lsls	r2, r3, #24
10007ea0:	d50d      	bpl.n	10007ebe <xinputh_xfer_cb+0x536>
10007ea2:	4640      	mov	r0, r8
10007ea4:	464a      	mov	r2, r9
10007ea6:	2480      	movs	r4, #128	@ 0x80
10007ea8:	1940      	adds	r0, r0, r5
10007eaa:	0140      	lsls	r0, r0, #5
10007eac:	4452      	add	r2, sl
10007eae:	1940      	adds	r0, r0, r5
10007eb0:	0080      	lsls	r0, r0, #2
10007eb2:	0152      	lsls	r2, r2, #5
10007eb4:	1812      	adds	r2, r2, r0
10007eb6:	18b2      	adds	r2, r6, r2
10007eb8:	88d0      	ldrh	r0, [r2, #6]
10007eba:	4320      	orrs	r0, r4
10007ebc:	80d0      	strh	r0, [r2, #6]
10007ebe:	2480      	movs	r4, #128	@ 0x80
10007ec0:	0064      	lsls	r4, r4, #1
10007ec2:	4223      	tst	r3, r4
10007ec4:	d00c      	beq.n	10007ee0 <xinputh_xfer_cb+0x558>
10007ec6:	4640      	mov	r0, r8
10007ec8:	464a      	mov	r2, r9
10007eca:	1940      	adds	r0, r0, r5
10007ecc:	0140      	lsls	r0, r0, #5
10007ece:	4452      	add	r2, sl
10007ed0:	1940      	adds	r0, r0, r5
10007ed2:	0080      	lsls	r0, r0, #2
10007ed4:	0152      	lsls	r2, r2, #5
10007ed6:	1812      	adds	r2, r2, r0
10007ed8:	18b2      	adds	r2, r6, r2
10007eda:	88d0      	ldrh	r0, [r2, #6]
10007edc:	4304      	orrs	r4, r0
10007ede:	80d4      	strh	r4, [r2, #6]
10007ee0:	2480      	movs	r4, #128	@ 0x80
10007ee2:	00a4      	lsls	r4, r4, #2
10007ee4:	4223      	tst	r3, r4
10007ee6:	d00c      	beq.n	10007f02 <xinputh_xfer_cb+0x57a>
10007ee8:	4640      	mov	r0, r8
10007eea:	464a      	mov	r2, r9
10007eec:	1940      	adds	r0, r0, r5
10007eee:	0140      	lsls	r0, r0, #5
10007ef0:	4452      	add	r2, sl
10007ef2:	1940      	adds	r0, r0, r5
10007ef4:	0080      	lsls	r0, r0, #2
10007ef6:	0152      	lsls	r2, r2, #5
10007ef8:	1812      	adds	r2, r2, r0
10007efa:	18b2      	adds	r2, r6, r2
10007efc:	88d0      	ldrh	r0, [r2, #6]
10007efe:	4304      	orrs	r4, r0
10007f00:	80d4      	strh	r4, [r2, #6]
10007f02:	2480      	movs	r4, #128	@ 0x80
10007f04:	00e4      	lsls	r4, r4, #3
10007f06:	4223      	tst	r3, r4
10007f08:	d00c      	beq.n	10007f24 <xinputh_xfer_cb+0x59c>
10007f0a:	4640      	mov	r0, r8
10007f0c:	464a      	mov	r2, r9
10007f0e:	1940      	adds	r0, r0, r5
10007f10:	0140      	lsls	r0, r0, #5
10007f12:	4452      	add	r2, sl
10007f14:	1940      	adds	r0, r0, r5
10007f16:	0080      	lsls	r0, r0, #2
10007f18:	0152      	lsls	r2, r2, #5
10007f1a:	1812      	adds	r2, r2, r0
10007f1c:	18b2      	adds	r2, r6, r2
10007f1e:	88d0      	ldrh	r0, [r2, #6]
10007f20:	4304      	orrs	r4, r0
10007f22:	80d4      	strh	r4, [r2, #6]
10007f24:	2480      	movs	r4, #128	@ 0x80
10007f26:	0164      	lsls	r4, r4, #5
10007f28:	4223      	tst	r3, r4
10007f2a:	d00c      	beq.n	10007f46 <xinputh_xfer_cb+0x5be>
10007f2c:	4640      	mov	r0, r8
10007f2e:	464a      	mov	r2, r9
10007f30:	1940      	adds	r0, r0, r5
10007f32:	0140      	lsls	r0, r0, #5
10007f34:	4452      	add	r2, sl
10007f36:	1940      	adds	r0, r0, r5
10007f38:	0080      	lsls	r0, r0, #2
10007f3a:	0152      	lsls	r2, r2, #5
10007f3c:	1812      	adds	r2, r2, r0
10007f3e:	18b2      	adds	r2, r6, r2
10007f40:	88d0      	ldrh	r0, [r2, #6]
10007f42:	4304      	orrs	r4, r0
10007f44:	80d4      	strh	r4, [r2, #6]
10007f46:	2480      	movs	r4, #128	@ 0x80
10007f48:	01a4      	lsls	r4, r4, #6
10007f4a:	4223      	tst	r3, r4
10007f4c:	d00c      	beq.n	10007f68 <xinputh_xfer_cb+0x5e0>
10007f4e:	4640      	mov	r0, r8
10007f50:	464a      	mov	r2, r9
10007f52:	1940      	adds	r0, r0, r5
10007f54:	0140      	lsls	r0, r0, #5
10007f56:	4452      	add	r2, sl
10007f58:	1940      	adds	r0, r0, r5
10007f5a:	0080      	lsls	r0, r0, #2
10007f5c:	0152      	lsls	r2, r2, #5
10007f5e:	1812      	adds	r2, r2, r0
10007f60:	18b2      	adds	r2, r6, r2
10007f62:	88d0      	ldrh	r0, [r2, #6]
10007f64:	4304      	orrs	r4, r0
10007f66:	80d4      	strh	r4, [r2, #6]
10007f68:	2080      	movs	r0, #128	@ 0x80
10007f6a:	01c0      	lsls	r0, r0, #7
10007f6c:	4203      	tst	r3, r0
10007f6e:	d00c      	beq.n	10007f8a <xinputh_xfer_cb+0x602>
10007f70:	4642      	mov	r2, r8
10007f72:	464b      	mov	r3, r9
10007f74:	1952      	adds	r2, r2, r5
10007f76:	0152      	lsls	r2, r2, #5
10007f78:	4453      	add	r3, sl
10007f7a:	1952      	adds	r2, r2, r5
10007f7c:	0092      	lsls	r2, r2, #2
10007f7e:	015b      	lsls	r3, r3, #5
10007f80:	189b      	adds	r3, r3, r2
10007f82:	18f3      	adds	r3, r6, r3
10007f84:	88da      	ldrh	r2, [r3, #6]
10007f86:	4310      	orrs	r0, r2
10007f88:	80d8      	strh	r0, [r3, #6]
10007f8a:	2900      	cmp	r1, #0
10007f8c:	da0d      	bge.n	10007faa <xinputh_xfer_cb+0x622>
10007f8e:	4642      	mov	r2, r8
10007f90:	464b      	mov	r3, r9
10007f92:	1952      	adds	r2, r2, r5
10007f94:	0152      	lsls	r2, r2, #5
10007f96:	4453      	add	r3, sl
10007f98:	1952      	adds	r2, r2, r5
10007f9a:	0092      	lsls	r2, r2, #2
10007f9c:	015b      	lsls	r3, r3, #5
10007f9e:	189b      	adds	r3, r3, r2
10007fa0:	18f3      	adds	r3, r6, r3
10007fa2:	88d9      	ldrh	r1, [r3, #6]
10007fa4:	4a1d      	ldr	r2, [pc, #116]	@ (1000801c <xinputh_xfer_cb+0x694>)
10007fa6:	430a      	orrs	r2, r1
10007fa8:	80da      	strh	r2, [r3, #6]
10007faa:	4642      	mov	r2, r8
10007fac:	464b      	mov	r3, r9
10007fae:	1952      	adds	r2, r2, r5
10007fb0:	0152      	lsls	r2, r2, #5
10007fb2:	9805      	ldr	r0, [sp, #20]
10007fb4:	4453      	add	r3, sl
10007fb6:	1952      	adds	r2, r2, r5
10007fb8:	0092      	lsls	r2, r2, #2
10007fba:	015b      	lsls	r3, r3, #5
10007fbc:	7a01      	ldrb	r1, [r0, #8]
10007fbe:	189b      	adds	r3, r3, r2
10007fc0:	18f3      	adds	r3, r6, r3
10007fc2:	7219      	strb	r1, [r3, #8]
10007fc4:	7a42      	ldrb	r2, [r0, #9]
10007fc6:	725a      	strb	r2, [r3, #9]
10007fc8:	8942      	ldrh	r2, [r0, #10]
10007fca:	815a      	strh	r2, [r3, #10]
10007fcc:	8982      	ldrh	r2, [r0, #12]
10007fce:	819a      	strh	r2, [r3, #12]
10007fd0:	89c2      	ldrh	r2, [r0, #14]
10007fd2:	81da      	strh	r2, [r3, #14]
10007fd4:	8a02      	ldrh	r2, [r0, #16]
10007fd6:	821a      	strh	r2, [r3, #16]
10007fd8:	2201      	movs	r2, #1
10007fda:	74da      	strb	r2, [r3, #19]
10007fdc:	e666      	b.n	10007cac <xinputh_xfer_cb+0x324>
10007fde:	7ca1      	ldrb	r1, [r4, #18]
10007fe0:	2800      	cmp	r0, #0
10007fe2:	d000      	beq.n	10007fe6 <xinputh_xfer_cb+0x65e>
10007fe4:	e12c      	b.n	10008240 <xinputh_xfer_cb+0x8b8>
10007fe6:	2901      	cmp	r1, #1
10007fe8:	d000      	beq.n	10007fec <xinputh_xfer_cb+0x664>
10007fea:	e68f      	b.n	10007d0c <xinputh_xfer_cb+0x384>
10007fec:	74a2      	strb	r2, [r4, #18]
10007fee:	9a05      	ldr	r2, [sp, #20]
10007ff0:	7850      	ldrb	r0, [r2, #1]
10007ff2:	e6d5      	b.n	10007da0 <xinputh_xfer_cb+0x418>
10007ff4:	9a05      	ldr	r2, [sp, #20]
10007ff6:	7812      	ldrb	r2, [r2, #0]
10007ff8:	2a20      	cmp	r2, #32
10007ffa:	d100      	bne.n	10007ffe <xinputh_xfer_cb+0x676>
10007ffc:	e144      	b.n	10008288 <xinputh_xfer_cb+0x900>
10007ffe:	2a07      	cmp	r2, #7
10008000:	d100      	bne.n	10008004 <xinputh_xfer_cb+0x67c>
10008002:	e125      	b.n	10008250 <xinputh_xfer_cb+0x8c8>
10008004:	2a02      	cmp	r2, #2
10008006:	d000      	beq.n	1000800a <xinputh_xfer_cb+0x682>
10008008:	e680      	b.n	10007d0c <xinputh_xfer_cb+0x384>
1000800a:	0039      	movs	r1, r7
1000800c:	9a03      	ldr	r2, [sp, #12]
1000800e:	9804      	ldr	r0, [sp, #16]
10008010:	f7ff fc28 	bl	10007864 <xboxone_init>
10008014:	e67a      	b.n	10007d0c <xinputh_xfer_cb+0x384>
10008016:	46c0      	nop			@ (mov r8, r8)
10008018:	00000000 	.word	0x00000000
1000801c:	ffff8000 	.word	0xffff8000
10008020:	2100      	movs	r1, #0
10008022:	0018      	movs	r0, r3
10008024:	3a08      	subs	r2, #8
10008026:	f7fa ff97 	bl	10002f58 <__wrap_memset>
1000802a:	9a05      	ldr	r2, [sp, #20]
1000802c:	8853      	ldrh	r3, [r2, #2]
1000802e:	2102      	movs	r1, #2
10008030:	5e51      	ldrsh	r1, [r2, r1]
10008032:	465a      	mov	r2, fp
10008034:	421a      	tst	r2, r3
10008036:	d003      	beq.n	10008040 <xinputh_xfer_cb+0x6b8>
10008038:	2001      	movs	r0, #1
1000803a:	88e2      	ldrh	r2, [r4, #6]
1000803c:	4302      	orrs	r2, r0
1000803e:	80e2      	strh	r2, [r4, #6]
10008040:	079a      	lsls	r2, r3, #30
10008042:	d50d      	bpl.n	10008060 <xinputh_xfer_cb+0x6d8>
10008044:	4640      	mov	r0, r8
10008046:	464a      	mov	r2, r9
10008048:	2402      	movs	r4, #2
1000804a:	1940      	adds	r0, r0, r5
1000804c:	0140      	lsls	r0, r0, #5
1000804e:	4452      	add	r2, sl
10008050:	1940      	adds	r0, r0, r5
10008052:	0080      	lsls	r0, r0, #2
10008054:	0152      	lsls	r2, r2, #5
10008056:	1812      	adds	r2, r2, r0
10008058:	18b2      	adds	r2, r6, r2
1000805a:	88d0      	ldrh	r0, [r2, #6]
1000805c:	4320      	orrs	r0, r4
1000805e:	80d0      	strh	r0, [r2, #6]
10008060:	075a      	lsls	r2, r3, #29
10008062:	d50d      	bpl.n	10008080 <xinputh_xfer_cb+0x6f8>
10008064:	4640      	mov	r0, r8
10008066:	464a      	mov	r2, r9
10008068:	2404      	movs	r4, #4
1000806a:	1940      	adds	r0, r0, r5
1000806c:	0140      	lsls	r0, r0, #5
1000806e:	4452      	add	r2, sl
10008070:	1940      	adds	r0, r0, r5
10008072:	0080      	lsls	r0, r0, #2
10008074:	0152      	lsls	r2, r2, #5
10008076:	1812      	adds	r2, r2, r0
10008078:	18b2      	adds	r2, r6, r2
1000807a:	88d0      	ldrh	r0, [r2, #6]
1000807c:	4320      	orrs	r0, r4
1000807e:	80d0      	strh	r0, [r2, #6]
10008080:	071a      	lsls	r2, r3, #28
10008082:	d50d      	bpl.n	100080a0 <xinputh_xfer_cb+0x718>
10008084:	4640      	mov	r0, r8
10008086:	464a      	mov	r2, r9
10008088:	2408      	movs	r4, #8
1000808a:	1940      	adds	r0, r0, r5
1000808c:	0140      	lsls	r0, r0, #5
1000808e:	4452      	add	r2, sl
10008090:	1940      	adds	r0, r0, r5
10008092:	0080      	lsls	r0, r0, #2
10008094:	0152      	lsls	r2, r2, #5
10008096:	1812      	adds	r2, r2, r0
10008098:	18b2      	adds	r2, r6, r2
1000809a:	88d0      	ldrh	r0, [r2, #6]
1000809c:	4320      	orrs	r0, r4
1000809e:	80d0      	strh	r0, [r2, #6]
100080a0:	06da      	lsls	r2, r3, #27
100080a2:	d50d      	bpl.n	100080c0 <xinputh_xfer_cb+0x738>
100080a4:	4640      	mov	r0, r8
100080a6:	464a      	mov	r2, r9
100080a8:	2410      	movs	r4, #16
100080aa:	1940      	adds	r0, r0, r5
100080ac:	0140      	lsls	r0, r0, #5
100080ae:	4452      	add	r2, sl
100080b0:	1940      	adds	r0, r0, r5
100080b2:	0080      	lsls	r0, r0, #2
100080b4:	0152      	lsls	r2, r2, #5
100080b6:	1812      	adds	r2, r2, r0
100080b8:	18b2      	adds	r2, r6, r2
100080ba:	88d0      	ldrh	r0, [r2, #6]
100080bc:	4320      	orrs	r0, r4
100080be:	80d0      	strh	r0, [r2, #6]
100080c0:	069a      	lsls	r2, r3, #26
100080c2:	d50d      	bpl.n	100080e0 <xinputh_xfer_cb+0x758>
100080c4:	4640      	mov	r0, r8
100080c6:	464a      	mov	r2, r9
100080c8:	2420      	movs	r4, #32
100080ca:	1940      	adds	r0, r0, r5
100080cc:	0140      	lsls	r0, r0, #5
100080ce:	4452      	add	r2, sl
100080d0:	1940      	adds	r0, r0, r5
100080d2:	0080      	lsls	r0, r0, #2
100080d4:	0152      	lsls	r2, r2, #5
100080d6:	1812      	adds	r2, r2, r0
100080d8:	18b2      	adds	r2, r6, r2
100080da:	88d0      	ldrh	r0, [r2, #6]
100080dc:	4320      	orrs	r0, r4
100080de:	80d0      	strh	r0, [r2, #6]
100080e0:	065a      	lsls	r2, r3, #25
100080e2:	d50d      	bpl.n	10008100 <xinputh_xfer_cb+0x778>
100080e4:	4640      	mov	r0, r8
100080e6:	464a      	mov	r2, r9
100080e8:	2440      	movs	r4, #64	@ 0x40
100080ea:	1940      	adds	r0, r0, r5
100080ec:	0140      	lsls	r0, r0, #5
100080ee:	4452      	add	r2, sl
100080f0:	1940      	adds	r0, r0, r5
100080f2:	0080      	lsls	r0, r0, #2
100080f4:	0152      	lsls	r2, r2, #5
100080f6:	1812      	adds	r2, r2, r0
100080f8:	18b2      	adds	r2, r6, r2
100080fa:	88d0      	ldrh	r0, [r2, #6]
100080fc:	4320      	orrs	r0, r4
100080fe:	80d0      	strh	r0, [r2, #6]
10008100:	061a      	lsls	r2, r3, #24
10008102:	d50d      	bpl.n	10008120 <xinputh_xfer_cb+0x798>
10008104:	4640      	mov	r0, r8
10008106:	464a      	mov	r2, r9
10008108:	2480      	movs	r4, #128	@ 0x80
1000810a:	1940      	adds	r0, r0, r5
1000810c:	0140      	lsls	r0, r0, #5
1000810e:	4452      	add	r2, sl
10008110:	1940      	adds	r0, r0, r5
10008112:	0080      	lsls	r0, r0, #2
10008114:	0152      	lsls	r2, r2, #5
10008116:	1812      	adds	r2, r2, r0
10008118:	18b2      	adds	r2, r6, r2
1000811a:	88d0      	ldrh	r0, [r2, #6]
1000811c:	4320      	orrs	r0, r4
1000811e:	80d0      	strh	r0, [r2, #6]
10008120:	2480      	movs	r4, #128	@ 0x80
10008122:	0064      	lsls	r4, r4, #1
10008124:	4223      	tst	r3, r4
10008126:	d00c      	beq.n	10008142 <xinputh_xfer_cb+0x7ba>
10008128:	4640      	mov	r0, r8
1000812a:	464a      	mov	r2, r9
1000812c:	1940      	adds	r0, r0, r5
1000812e:	0140      	lsls	r0, r0, #5
10008130:	4452      	add	r2, sl
10008132:	1940      	adds	r0, r0, r5
10008134:	0080      	lsls	r0, r0, #2
10008136:	0152      	lsls	r2, r2, #5
10008138:	1812      	adds	r2, r2, r0
1000813a:	18b2      	adds	r2, r6, r2
1000813c:	88d0      	ldrh	r0, [r2, #6]
1000813e:	4304      	orrs	r4, r0
10008140:	80d4      	strh	r4, [r2, #6]
10008142:	2480      	movs	r4, #128	@ 0x80
10008144:	00a4      	lsls	r4, r4, #2
10008146:	4223      	tst	r3, r4
10008148:	d00c      	beq.n	10008164 <xinputh_xfer_cb+0x7dc>
1000814a:	4640      	mov	r0, r8
1000814c:	464a      	mov	r2, r9
1000814e:	1940      	adds	r0, r0, r5
10008150:	0140      	lsls	r0, r0, #5
10008152:	4452      	add	r2, sl
10008154:	1940      	adds	r0, r0, r5
10008156:	0080      	lsls	r0, r0, #2
10008158:	0152      	lsls	r2, r2, #5
1000815a:	1812      	adds	r2, r2, r0
1000815c:	18b2      	adds	r2, r6, r2
1000815e:	88d0      	ldrh	r0, [r2, #6]
10008160:	4304      	orrs	r4, r0
10008162:	80d4      	strh	r4, [r2, #6]
10008164:	2480      	movs	r4, #128	@ 0x80
10008166:	00e4      	lsls	r4, r4, #3
10008168:	4223      	tst	r3, r4
1000816a:	d00c      	beq.n	10008186 <xinputh_xfer_cb+0x7fe>
1000816c:	4640      	mov	r0, r8
1000816e:	464a      	mov	r2, r9
10008170:	1940      	adds	r0, r0, r5
10008172:	0140      	lsls	r0, r0, #5
10008174:	4452      	add	r2, sl
10008176:	1940      	adds	r0, r0, r5
10008178:	0080      	lsls	r0, r0, #2
1000817a:	0152      	lsls	r2, r2, #5
1000817c:	1812      	adds	r2, r2, r0
1000817e:	18b2      	adds	r2, r6, r2
10008180:	88d0      	ldrh	r0, [r2, #6]
10008182:	4304      	orrs	r4, r0
10008184:	80d4      	strh	r4, [r2, #6]
10008186:	2480      	movs	r4, #128	@ 0x80
10008188:	0164      	lsls	r4, r4, #5
1000818a:	4223      	tst	r3, r4
1000818c:	d00c      	beq.n	100081a8 <xinputh_xfer_cb+0x820>
1000818e:	4640      	mov	r0, r8
10008190:	464a      	mov	r2, r9
10008192:	1940      	adds	r0, r0, r5
10008194:	0140      	lsls	r0, r0, #5
10008196:	4452      	add	r2, sl
10008198:	1940      	adds	r0, r0, r5
1000819a:	0080      	lsls	r0, r0, #2
1000819c:	0152      	lsls	r2, r2, #5
1000819e:	1812      	adds	r2, r2, r0
100081a0:	18b2      	adds	r2, r6, r2
100081a2:	88d0      	ldrh	r0, [r2, #6]
100081a4:	4304      	orrs	r4, r0
100081a6:	80d4      	strh	r4, [r2, #6]
100081a8:	2480      	movs	r4, #128	@ 0x80
100081aa:	01a4      	lsls	r4, r4, #6
100081ac:	4223      	tst	r3, r4
100081ae:	d00c      	beq.n	100081ca <xinputh_xfer_cb+0x842>
100081b0:	4640      	mov	r0, r8
100081b2:	464a      	mov	r2, r9
100081b4:	1940      	adds	r0, r0, r5
100081b6:	0140      	lsls	r0, r0, #5
100081b8:	4452      	add	r2, sl
100081ba:	1940      	adds	r0, r0, r5
100081bc:	0080      	lsls	r0, r0, #2
100081be:	0152      	lsls	r2, r2, #5
100081c0:	1812      	adds	r2, r2, r0
100081c2:	18b2      	adds	r2, r6, r2
100081c4:	88d0      	ldrh	r0, [r2, #6]
100081c6:	4304      	orrs	r4, r0
100081c8:	80d4      	strh	r4, [r2, #6]
100081ca:	2080      	movs	r0, #128	@ 0x80
100081cc:	01c0      	lsls	r0, r0, #7
100081ce:	4203      	tst	r3, r0
100081d0:	d00c      	beq.n	100081ec <xinputh_xfer_cb+0x864>
100081d2:	4642      	mov	r2, r8
100081d4:	464b      	mov	r3, r9
100081d6:	1952      	adds	r2, r2, r5
100081d8:	0152      	lsls	r2, r2, #5
100081da:	4453      	add	r3, sl
100081dc:	1952      	adds	r2, r2, r5
100081de:	0092      	lsls	r2, r2, #2
100081e0:	015b      	lsls	r3, r3, #5
100081e2:	189b      	adds	r3, r3, r2
100081e4:	18f3      	adds	r3, r6, r3
100081e6:	88da      	ldrh	r2, [r3, #6]
100081e8:	4310      	orrs	r0, r2
100081ea:	80d8      	strh	r0, [r3, #6]
100081ec:	2900      	cmp	r1, #0
100081ee:	da0d      	bge.n	1000820c <xinputh_xfer_cb+0x884>
100081f0:	4642      	mov	r2, r8
100081f2:	464b      	mov	r3, r9
100081f4:	1952      	adds	r2, r2, r5
100081f6:	0152      	lsls	r2, r2, #5
100081f8:	4453      	add	r3, sl
100081fa:	1952      	adds	r2, r2, r5
100081fc:	0092      	lsls	r2, r2, #2
100081fe:	015b      	lsls	r3, r3, #5
10008200:	189b      	adds	r3, r3, r2
10008202:	18f3      	adds	r3, r6, r3
10008204:	88d9      	ldrh	r1, [r3, #6]
10008206:	4abc      	ldr	r2, [pc, #752]	@ (100084f8 <xinputh_xfer_cb+0xb70>)
10008208:	430a      	orrs	r2, r1
1000820a:	80da      	strh	r2, [r3, #6]
1000820c:	4642      	mov	r2, r8
1000820e:	464b      	mov	r3, r9
10008210:	1952      	adds	r2, r2, r5
10008212:	0152      	lsls	r2, r2, #5
10008214:	9805      	ldr	r0, [sp, #20]
10008216:	4453      	add	r3, sl
10008218:	1952      	adds	r2, r2, r5
1000821a:	0092      	lsls	r2, r2, #2
1000821c:	015b      	lsls	r3, r3, #5
1000821e:	7901      	ldrb	r1, [r0, #4]
10008220:	189b      	adds	r3, r3, r2
10008222:	18f3      	adds	r3, r6, r3
10008224:	7219      	strb	r1, [r3, #8]
10008226:	7942      	ldrb	r2, [r0, #5]
10008228:	725a      	strb	r2, [r3, #9]
1000822a:	88c2      	ldrh	r2, [r0, #6]
1000822c:	815a      	strh	r2, [r3, #10]
1000822e:	8902      	ldrh	r2, [r0, #8]
10008230:	819a      	strh	r2, [r3, #12]
10008232:	8942      	ldrh	r2, [r0, #10]
10008234:	81da      	strh	r2, [r3, #14]
10008236:	8982      	ldrh	r2, [r0, #12]
10008238:	821a      	strh	r2, [r3, #16]
1000823a:	2201      	movs	r2, #1
1000823c:	74da      	strb	r2, [r3, #19]
1000823e:	e535      	b.n	10007cac <xinputh_xfer_cb+0x324>
10008240:	2900      	cmp	r1, #0
10008242:	d000      	beq.n	10008246 <xinputh_xfer_cb+0x8be>
10008244:	e5ac      	b.n	10007da0 <xinputh_xfer_cb+0x418>
10008246:	465a      	mov	r2, fp
10008248:	9905      	ldr	r1, [sp, #20]
1000824a:	74a2      	strb	r2, [r4, #18]
1000824c:	7848      	ldrb	r0, [r1, #1]
1000824e:	e5a7      	b.n	10007da0 <xinputh_xfer_cb+0x418>
10008250:	9b05      	ldr	r3, [sp, #20]
10008252:	791b      	ldrb	r3, [r3, #4]
10008254:	2b01      	cmp	r3, #1
10008256:	d100      	bne.n	1000825a <xinputh_xfer_cb+0x8d2>
10008258:	e141      	b.n	100084de <xinputh_xfer_cb+0xb56>
1000825a:	2b00      	cmp	r3, #0
1000825c:	d000      	beq.n	10008260 <xinputh_xfer_cb+0x8d8>
1000825e:	e555      	b.n	10007d0c <xinputh_xfer_cb+0x384>
10008260:	88e1      	ldrh	r1, [r4, #6]
10008262:	054b      	lsls	r3, r1, #21
10008264:	d400      	bmi.n	10008268 <xinputh_xfer_cb+0x8e0>
10008266:	e551      	b.n	10007d0c <xinputh_xfer_cb+0x384>
10008268:	4642      	mov	r2, r8
1000826a:	464b      	mov	r3, r9
1000826c:	1952      	adds	r2, r2, r5
1000826e:	0152      	lsls	r2, r2, #5
10008270:	4453      	add	r3, sl
10008272:	1952      	adds	r2, r2, r5
10008274:	0092      	lsls	r2, r2, #2
10008276:	015b      	lsls	r3, r3, #5
10008278:	189b      	adds	r3, r3, r2
1000827a:	2201      	movs	r2, #1
1000827c:	18f3      	adds	r3, r6, r3
1000827e:	74da      	strb	r2, [r3, #19]
10008280:	4a9e      	ldr	r2, [pc, #632]	@ (100084fc <xinputh_xfer_cb+0xb74>)
10008282:	4011      	ands	r1, r2
10008284:	80d9      	strh	r1, [r3, #6]
10008286:	e511      	b.n	10007cac <xinputh_xfer_cb+0x324>
10008288:	2280      	movs	r2, #128	@ 0x80
1000828a:	88e1      	ldrh	r1, [r4, #6]
1000828c:	00d2      	lsls	r2, r2, #3
1000828e:	4011      	ands	r1, r2
10008290:	0018      	movs	r0, r3
10008292:	220c      	movs	r2, #12
10008294:	468b      	mov	fp, r1
10008296:	2100      	movs	r1, #0
10008298:	f7fa fe5e 	bl	10002f58 <__wrap_memset>
1000829c:	9a05      	ldr	r2, [sp, #20]
1000829e:	8893      	ldrh	r3, [r2, #4]
100082a0:	2104      	movs	r1, #4
100082a2:	5e51      	ldrsh	r1, [r2, r1]
100082a4:	05da      	lsls	r2, r3, #23
100082a6:	d503      	bpl.n	100082b0 <xinputh_xfer_cb+0x928>
100082a8:	2001      	movs	r0, #1
100082aa:	88e2      	ldrh	r2, [r4, #6]
100082ac:	4302      	orrs	r2, r0
100082ae:	80e2      	strh	r2, [r4, #6]
100082b0:	059a      	lsls	r2, r3, #22
100082b2:	d50d      	bpl.n	100082d0 <xinputh_xfer_cb+0x948>
100082b4:	4640      	mov	r0, r8
100082b6:	464a      	mov	r2, r9
100082b8:	2402      	movs	r4, #2
100082ba:	1940      	adds	r0, r0, r5
100082bc:	0140      	lsls	r0, r0, #5
100082be:	4452      	add	r2, sl
100082c0:	1940      	adds	r0, r0, r5
100082c2:	0080      	lsls	r0, r0, #2
100082c4:	0152      	lsls	r2, r2, #5
100082c6:	1812      	adds	r2, r2, r0
100082c8:	18b2      	adds	r2, r6, r2
100082ca:	88d0      	ldrh	r0, [r2, #6]
100082cc:	4320      	orrs	r0, r4
100082ce:	80d0      	strh	r0, [r2, #6]
100082d0:	055a      	lsls	r2, r3, #21
100082d2:	d50d      	bpl.n	100082f0 <xinputh_xfer_cb+0x968>
100082d4:	4640      	mov	r0, r8
100082d6:	464a      	mov	r2, r9
100082d8:	2404      	movs	r4, #4
100082da:	1940      	adds	r0, r0, r5
100082dc:	0140      	lsls	r0, r0, #5
100082de:	4452      	add	r2, sl
100082e0:	1940      	adds	r0, r0, r5
100082e2:	0080      	lsls	r0, r0, #2
100082e4:	0152      	lsls	r2, r2, #5
100082e6:	1812      	adds	r2, r2, r0
100082e8:	18b2      	adds	r2, r6, r2
100082ea:	88d0      	ldrh	r0, [r2, #6]
100082ec:	4320      	orrs	r0, r4
100082ee:	80d0      	strh	r0, [r2, #6]
100082f0:	051a      	lsls	r2, r3, #20
100082f2:	d50d      	bpl.n	10008310 <xinputh_xfer_cb+0x988>
100082f4:	4640      	mov	r0, r8
100082f6:	464a      	mov	r2, r9
100082f8:	2408      	movs	r4, #8
100082fa:	1940      	adds	r0, r0, r5
100082fc:	0140      	lsls	r0, r0, #5
100082fe:	4452      	add	r2, sl
10008300:	1940      	adds	r0, r0, r5
10008302:	0080      	lsls	r0, r0, #2
10008304:	0152      	lsls	r2, r2, #5
10008306:	1812      	adds	r2, r2, r0
10008308:	18b2      	adds	r2, r6, r2
1000830a:	88d0      	ldrh	r0, [r2, #6]
1000830c:	4320      	orrs	r0, r4
1000830e:	80d0      	strh	r0, [r2, #6]
10008310:	075a      	lsls	r2, r3, #29
10008312:	d50d      	bpl.n	10008330 <xinputh_xfer_cb+0x9a8>
10008314:	4640      	mov	r0, r8
10008316:	464a      	mov	r2, r9
10008318:	2410      	movs	r4, #16
1000831a:	1940      	adds	r0, r0, r5
1000831c:	0140      	lsls	r0, r0, #5
1000831e:	4452      	add	r2, sl
10008320:	1940      	adds	r0, r0, r5
10008322:	0080      	lsls	r0, r0, #2
10008324:	0152      	lsls	r2, r2, #5
10008326:	1812      	adds	r2, r2, r0
10008328:	18b2      	adds	r2, r6, r2
1000832a:	88d0      	ldrh	r0, [r2, #6]
1000832c:	4320      	orrs	r0, r4
1000832e:	80d0      	strh	r0, [r2, #6]
10008330:	071a      	lsls	r2, r3, #28
10008332:	d50d      	bpl.n	10008350 <xinputh_xfer_cb+0x9c8>
10008334:	4640      	mov	r0, r8
10008336:	464a      	mov	r2, r9
10008338:	2420      	movs	r4, #32
1000833a:	1940      	adds	r0, r0, r5
1000833c:	0140      	lsls	r0, r0, #5
1000833e:	4452      	add	r2, sl
10008340:	1940      	adds	r0, r0, r5
10008342:	0080      	lsls	r0, r0, #2
10008344:	0152      	lsls	r2, r2, #5
10008346:	1812      	adds	r2, r2, r0
10008348:	18b2      	adds	r2, r6, r2
1000834a:	88d0      	ldrh	r0, [r2, #6]
1000834c:	4320      	orrs	r0, r4
1000834e:	80d0      	strh	r0, [r2, #6]
10008350:	045a      	lsls	r2, r3, #17
10008352:	d50d      	bpl.n	10008370 <xinputh_xfer_cb+0x9e8>
10008354:	4640      	mov	r0, r8
10008356:	464a      	mov	r2, r9
10008358:	2440      	movs	r4, #64	@ 0x40
1000835a:	1940      	adds	r0, r0, r5
1000835c:	0140      	lsls	r0, r0, #5
1000835e:	4452      	add	r2, sl
10008360:	1940      	adds	r0, r0, r5
10008362:	0080      	lsls	r0, r0, #2
10008364:	0152      	lsls	r2, r2, #5
10008366:	1812      	adds	r2, r2, r0
10008368:	18b2      	adds	r2, r6, r2
1000836a:	88d0      	ldrh	r0, [r2, #6]
1000836c:	4320      	orrs	r0, r4
1000836e:	80d0      	strh	r0, [r2, #6]
10008370:	2900      	cmp	r1, #0
10008372:	da0d      	bge.n	10008390 <xinputh_xfer_cb+0xa08>
10008374:	4641      	mov	r1, r8
10008376:	464a      	mov	r2, r9
10008378:	2080      	movs	r0, #128	@ 0x80
1000837a:	1949      	adds	r1, r1, r5
1000837c:	0149      	lsls	r1, r1, #5
1000837e:	4452      	add	r2, sl
10008380:	1949      	adds	r1, r1, r5
10008382:	0089      	lsls	r1, r1, #2
10008384:	0152      	lsls	r2, r2, #5
10008386:	1852      	adds	r2, r2, r1
10008388:	18b2      	adds	r2, r6, r2
1000838a:	88d1      	ldrh	r1, [r2, #6]
1000838c:	4301      	orrs	r1, r0
1000838e:	80d1      	strh	r1, [r2, #6]
10008390:	04da      	lsls	r2, r3, #19
10008392:	d50e      	bpl.n	100083b2 <xinputh_xfer_cb+0xa2a>
10008394:	4641      	mov	r1, r8
10008396:	464a      	mov	r2, r9
10008398:	1949      	adds	r1, r1, r5
1000839a:	0149      	lsls	r1, r1, #5
1000839c:	4452      	add	r2, sl
1000839e:	1949      	adds	r1, r1, r5
100083a0:	0089      	lsls	r1, r1, #2
100083a2:	0152      	lsls	r2, r2, #5
100083a4:	1852      	adds	r2, r2, r1
100083a6:	2180      	movs	r1, #128	@ 0x80
100083a8:	18b2      	adds	r2, r6, r2
100083aa:	88d0      	ldrh	r0, [r2, #6]
100083ac:	0049      	lsls	r1, r1, #1
100083ae:	4301      	orrs	r1, r0
100083b0:	80d1      	strh	r1, [r2, #6]
100083b2:	049a      	lsls	r2, r3, #18
100083b4:	d50e      	bpl.n	100083d4 <xinputh_xfer_cb+0xa4c>
100083b6:	4641      	mov	r1, r8
100083b8:	464a      	mov	r2, r9
100083ba:	1949      	adds	r1, r1, r5
100083bc:	0149      	lsls	r1, r1, #5
100083be:	4452      	add	r2, sl
100083c0:	1949      	adds	r1, r1, r5
100083c2:	0089      	lsls	r1, r1, #2
100083c4:	0152      	lsls	r2, r2, #5
100083c6:	1852      	adds	r2, r2, r1
100083c8:	2180      	movs	r1, #128	@ 0x80
100083ca:	18b2      	adds	r2, r6, r2
100083cc:	88d0      	ldrh	r0, [r2, #6]
100083ce:	0089      	lsls	r1, r1, #2
100083d0:	4301      	orrs	r1, r0
100083d2:	80d1      	strh	r1, [r2, #6]
100083d4:	06da      	lsls	r2, r3, #27
100083d6:	d50e      	bpl.n	100083f6 <xinputh_xfer_cb+0xa6e>
100083d8:	4641      	mov	r1, r8
100083da:	464a      	mov	r2, r9
100083dc:	1949      	adds	r1, r1, r5
100083de:	0149      	lsls	r1, r1, #5
100083e0:	4452      	add	r2, sl
100083e2:	1949      	adds	r1, r1, r5
100083e4:	0089      	lsls	r1, r1, #2
100083e6:	0152      	lsls	r2, r2, #5
100083e8:	1852      	adds	r2, r2, r1
100083ea:	2180      	movs	r1, #128	@ 0x80
100083ec:	18b2      	adds	r2, r6, r2
100083ee:	88d0      	ldrh	r0, [r2, #6]
100083f0:	0149      	lsls	r1, r1, #5
100083f2:	4301      	orrs	r1, r0
100083f4:	80d1      	strh	r1, [r2, #6]
100083f6:	069a      	lsls	r2, r3, #26
100083f8:	d50e      	bpl.n	10008418 <xinputh_xfer_cb+0xa90>
100083fa:	4641      	mov	r1, r8
100083fc:	464a      	mov	r2, r9
100083fe:	1949      	adds	r1, r1, r5
10008400:	0149      	lsls	r1, r1, #5
10008402:	4452      	add	r2, sl
10008404:	1949      	adds	r1, r1, r5
10008406:	0089      	lsls	r1, r1, #2
10008408:	0152      	lsls	r2, r2, #5
1000840a:	1852      	adds	r2, r2, r1
1000840c:	2180      	movs	r1, #128	@ 0x80
1000840e:	18b2      	adds	r2, r6, r2
10008410:	88d0      	ldrh	r0, [r2, #6]
10008412:	0189      	lsls	r1, r1, #6
10008414:	4301      	orrs	r1, r0
10008416:	80d1      	strh	r1, [r2, #6]
10008418:	065a      	lsls	r2, r3, #25
1000841a:	d50e      	bpl.n	1000843a <xinputh_xfer_cb+0xab2>
1000841c:	4641      	mov	r1, r8
1000841e:	464a      	mov	r2, r9
10008420:	1949      	adds	r1, r1, r5
10008422:	0149      	lsls	r1, r1, #5
10008424:	4452      	add	r2, sl
10008426:	1949      	adds	r1, r1, r5
10008428:	0089      	lsls	r1, r1, #2
1000842a:	0152      	lsls	r2, r2, #5
1000842c:	1852      	adds	r2, r2, r1
1000842e:	2180      	movs	r1, #128	@ 0x80
10008430:	18b2      	adds	r2, r6, r2
10008432:	88d0      	ldrh	r0, [r2, #6]
10008434:	01c9      	lsls	r1, r1, #7
10008436:	4301      	orrs	r1, r0
10008438:	80d1      	strh	r1, [r2, #6]
1000843a:	061b      	lsls	r3, r3, #24
1000843c:	d50d      	bpl.n	1000845a <xinputh_xfer_cb+0xad2>
1000843e:	4642      	mov	r2, r8
10008440:	464b      	mov	r3, r9
10008442:	1952      	adds	r2, r2, r5
10008444:	0152      	lsls	r2, r2, #5
10008446:	4453      	add	r3, sl
10008448:	1952      	adds	r2, r2, r5
1000844a:	0092      	lsls	r2, r2, #2
1000844c:	015b      	lsls	r3, r3, #5
1000844e:	189b      	adds	r3, r3, r2
10008450:	18f3      	adds	r3, r6, r3
10008452:	88d9      	ldrh	r1, [r3, #6]
10008454:	4a28      	ldr	r2, [pc, #160]	@ (100084f8 <xinputh_xfer_cb+0xb70>)
10008456:	430a      	orrs	r2, r1
10008458:	80da      	strh	r2, [r3, #6]
1000845a:	9b05      	ldr	r3, [sp, #20]
1000845c:	7d9b      	ldrb	r3, [r3, #22]
1000845e:	2b00      	cmp	r3, #0
10008460:	d00e      	beq.n	10008480 <xinputh_xfer_cb+0xaf8>
10008462:	4642      	mov	r2, r8
10008464:	464b      	mov	r3, r9
10008466:	1952      	adds	r2, r2, r5
10008468:	0152      	lsls	r2, r2, #5
1000846a:	4453      	add	r3, sl
1000846c:	1952      	adds	r2, r2, r5
1000846e:	0092      	lsls	r2, r2, #2
10008470:	015b      	lsls	r3, r3, #5
10008472:	189b      	adds	r3, r3, r2
10008474:	2280      	movs	r2, #128	@ 0x80
10008476:	18f3      	adds	r3, r6, r3
10008478:	88d9      	ldrh	r1, [r3, #6]
1000847a:	0112      	lsls	r2, r2, #4
1000847c:	430a      	orrs	r2, r1
1000847e:	80da      	strh	r2, [r3, #6]
10008480:	465b      	mov	r3, fp
10008482:	2b00      	cmp	r3, #0
10008484:	d00e      	beq.n	100084a4 <xinputh_xfer_cb+0xb1c>
10008486:	4642      	mov	r2, r8
10008488:	464b      	mov	r3, r9
1000848a:	1952      	adds	r2, r2, r5
1000848c:	0152      	lsls	r2, r2, #5
1000848e:	4453      	add	r3, sl
10008490:	1952      	adds	r2, r2, r5
10008492:	0092      	lsls	r2, r2, #2
10008494:	015b      	lsls	r3, r3, #5
10008496:	189b      	adds	r3, r3, r2
10008498:	2280      	movs	r2, #128	@ 0x80
1000849a:	18f3      	adds	r3, r6, r3
1000849c:	88d9      	ldrh	r1, [r3, #6]
1000849e:	00d2      	lsls	r2, r2, #3
100084a0:	430a      	orrs	r2, r1
100084a2:	80da      	strh	r2, [r3, #6]
100084a4:	4642      	mov	r2, r8
100084a6:	464b      	mov	r3, r9
100084a8:	1952      	adds	r2, r2, r5
100084aa:	0152      	lsls	r2, r2, #5
100084ac:	9905      	ldr	r1, [sp, #20]
100084ae:	4453      	add	r3, sl
100084b0:	1952      	adds	r2, r2, r5
100084b2:	0092      	lsls	r2, r2, #2
100084b4:	015b      	lsls	r3, r3, #5
100084b6:	189b      	adds	r3, r3, r2
100084b8:	88ca      	ldrh	r2, [r1, #6]
100084ba:	18f3      	adds	r3, r6, r3
100084bc:	1092      	asrs	r2, r2, #2
100084be:	721a      	strb	r2, [r3, #8]
100084c0:	890a      	ldrh	r2, [r1, #8]
100084c2:	1092      	asrs	r2, r2, #2
100084c4:	725a      	strb	r2, [r3, #9]
100084c6:	894a      	ldrh	r2, [r1, #10]
100084c8:	815a      	strh	r2, [r3, #10]
100084ca:	898a      	ldrh	r2, [r1, #12]
100084cc:	819a      	strh	r2, [r3, #12]
100084ce:	89ca      	ldrh	r2, [r1, #14]
100084d0:	81da      	strh	r2, [r3, #14]
100084d2:	8a0a      	ldrh	r2, [r1, #16]
100084d4:	821a      	strh	r2, [r3, #16]
100084d6:	2201      	movs	r2, #1
100084d8:	74da      	strb	r2, [r3, #19]
100084da:	f7ff fbe7 	bl	10007cac <xinputh_xfer_cb+0x324>
100084de:	2380      	movs	r3, #128	@ 0x80
100084e0:	88e2      	ldrh	r2, [r4, #6]
100084e2:	00db      	lsls	r3, r3, #3
100084e4:	421a      	tst	r2, r3
100084e6:	d001      	beq.n	100084ec <xinputh_xfer_cb+0xb64>
100084e8:	f7ff fc10 	bl	10007d0c <xinputh_xfer_cb+0x384>
100084ec:	4659      	mov	r1, fp
100084ee:	4313      	orrs	r3, r2
100084f0:	74e1      	strb	r1, [r4, #19]
100084f2:	80e3      	strh	r3, [r4, #6]
100084f4:	f7ff fbda 	bl	10007cac <xinputh_xfer_cb+0x324>
100084f8:	ffff8000 	.word	0xffff8000
100084fc:	fffffbff 	.word	0xfffffbff

10008500 <xinputh_set_config>:
10008500:	b5f0      	push	{r4, r5, r6, r7, lr}
10008502:	464e      	mov	r6, r9
10008504:	4645      	mov	r5, r8
10008506:	46de      	mov	lr, fp
10008508:	4657      	mov	r7, sl
1000850a:	b5e0      	push	{r5, r6, r7, lr}
1000850c:	1e45      	subs	r5, r0, #1
1000850e:	00ac      	lsls	r4, r5, #2
10008510:	1963      	adds	r3, r4, r5
10008512:	015b      	lsls	r3, r3, #5
10008514:	4e56      	ldr	r6, [pc, #344]	@ (10008670 <xinputh_set_config+0x170>)
10008516:	195b      	adds	r3, r3, r5
10008518:	009b      	lsls	r3, r3, #2
1000851a:	18f3      	adds	r3, r6, r3
1000851c:	7d1a      	ldrb	r2, [r3, #20]
1000851e:	4681      	mov	r9, r0
10008520:	b083      	sub	sp, #12
10008522:	428a      	cmp	r2, r1
10008524:	d057      	beq.n	100085d6 <xinputh_set_config+0xd6>
10008526:	1963      	adds	r3, r4, r5
10008528:	015b      	lsls	r3, r3, #5
1000852a:	195b      	adds	r3, r3, r5
1000852c:	009b      	lsls	r3, r3, #2
1000852e:	18f3      	adds	r3, r6, r3
10008530:	001a      	movs	r2, r3
10008532:	32b4      	adds	r2, #180	@ 0xb4
10008534:	7812      	ldrb	r2, [r2, #0]
10008536:	428a      	cmp	r2, r1
10008538:	d05b      	beq.n	100085f2 <xinputh_set_config+0xf2>
1000853a:	1963      	adds	r3, r4, r5
1000853c:	015b      	lsls	r3, r3, #5
1000853e:	195b      	adds	r3, r3, r5
10008540:	009b      	lsls	r3, r3, #2
10008542:	18f3      	adds	r3, r6, r3
10008544:	001a      	movs	r2, r3
10008546:	3255      	adds	r2, #85	@ 0x55
10008548:	32ff      	adds	r2, #255	@ 0xff
1000854a:	7812      	ldrb	r2, [r2, #0]
1000854c:	428a      	cmp	r2, r1
1000854e:	d059      	beq.n	10008604 <xinputh_set_config+0x104>
10008550:	1963      	adds	r3, r4, r5
10008552:	015b      	lsls	r3, r3, #5
10008554:	195b      	adds	r3, r3, r5
10008556:	009b      	lsls	r3, r3, #2
10008558:	18f3      	adds	r3, r6, r3
1000855a:	001a      	movs	r2, r3
1000855c:	32f5      	adds	r2, #245	@ 0xf5
1000855e:	32ff      	adds	r2, #255	@ 0xff
10008560:	7812      	ldrb	r2, [r2, #0]
10008562:	428a      	cmp	r2, r1
10008564:	d058      	beq.n	10008618 <xinputh_set_config+0x118>
10008566:	23ff      	movs	r3, #255	@ 0xff
10008568:	469a      	mov	sl, r3
1000856a:	469b      	mov	fp, r3
1000856c:	23ff      	movs	r3, #255	@ 0xff
1000856e:	009b      	lsls	r3, r3, #2
10008570:	4698      	mov	r8, r3
10008572:	4940      	ldr	r1, [pc, #256]	@ (10008674 <xinputh_set_config+0x174>)
10008574:	4647      	mov	r7, r8
10008576:	1963      	adds	r3, r4, r5
10008578:	015b      	lsls	r3, r3, #5
1000857a:	195b      	adds	r3, r3, r5
1000857c:	4457      	add	r7, sl
1000857e:	009b      	lsls	r3, r3, #2
10008580:	017f      	lsls	r7, r7, #5
10008582:	1d1a      	adds	r2, r3, #4
10008584:	18ff      	adds	r7, r7, r3
10008586:	2301      	movs	r3, #1
10008588:	19f7      	adds	r7, r6, r7
1000858a:	1852      	adds	r2, r2, r1
1000858c:	74bb      	strb	r3, [r7, #18]
1000858e:	793b      	ldrb	r3, [r7, #4]
10008590:	18b2      	adds	r2, r6, r2
10008592:	9201      	str	r2, [sp, #4]
10008594:	2b02      	cmp	r3, #2
10008596:	d049      	beq.n	1000862c <xinputh_set_config+0x12c>
10008598:	2b01      	cmp	r3, #1
1000859a:	d063      	beq.n	10008664 <xinputh_set_config+0x164>
1000859c:	4b36      	ldr	r3, [pc, #216]	@ (10008678 <xinputh_set_config+0x178>)
1000859e:	2b00      	cmp	r3, #0
100085a0:	d004      	beq.n	100085ac <xinputh_set_config+0xac>
100085a2:	4659      	mov	r1, fp
100085a4:	4648      	mov	r0, r9
100085a6:	9a01      	ldr	r2, [sp, #4]
100085a8:	f7f8 f844 	bl	10000634 <tuh_xinput_mount_cb>
100085ac:	4643      	mov	r3, r8
100085ae:	1964      	adds	r4, r4, r5
100085b0:	0164      	lsls	r4, r4, #5
100085b2:	4453      	add	r3, sl
100085b4:	1964      	adds	r4, r4, r5
100085b6:	00a4      	lsls	r4, r4, #2
100085b8:	015b      	lsls	r3, r3, #5
100085ba:	191b      	adds	r3, r3, r4
100085bc:	18f6      	adds	r6, r6, r3
100085be:	4648      	mov	r0, r9
100085c0:	7d31      	ldrb	r1, [r6, #20]
100085c2:	f7fe fd99 	bl	100070f8 <usbh_driver_set_config_complete>
100085c6:	2001      	movs	r0, #1
100085c8:	b003      	add	sp, #12
100085ca:	bcf0      	pop	{r4, r5, r6, r7}
100085cc:	46bb      	mov	fp, r7
100085ce:	46b2      	mov	sl, r6
100085d0:	46a9      	mov	r9, r5
100085d2:	46a0      	mov	r8, r4
100085d4:	bdf0      	pop	{r4, r5, r6, r7, pc}
100085d6:	695a      	ldr	r2, [r3, #20]
100085d8:	4b28      	ldr	r3, [pc, #160]	@ (1000867c <xinputh_set_config+0x17c>)
100085da:	421a      	tst	r2, r3
100085dc:	d0a3      	beq.n	10008526 <xinputh_set_config+0x26>
100085de:	2300      	movs	r3, #0
100085e0:	469b      	mov	fp, r3
100085e2:	469a      	mov	sl, r3
100085e4:	4653      	mov	r3, sl
100085e6:	009b      	lsls	r3, r3, #2
100085e8:	0019      	movs	r1, r3
100085ea:	4451      	add	r1, sl
100085ec:	4698      	mov	r8, r3
100085ee:	0149      	lsls	r1, r1, #5
100085f0:	e7c0      	b.n	10008574 <xinputh_set_config+0x74>
100085f2:	33a0      	adds	r3, #160	@ 0xa0
100085f4:	695a      	ldr	r2, [r3, #20]
100085f6:	4b21      	ldr	r3, [pc, #132]	@ (1000867c <xinputh_set_config+0x17c>)
100085f8:	421a      	tst	r2, r3
100085fa:	d09e      	beq.n	1000853a <xinputh_set_config+0x3a>
100085fc:	2301      	movs	r3, #1
100085fe:	469b      	mov	fp, r3
10008600:	469a      	mov	sl, r3
10008602:	e7ef      	b.n	100085e4 <xinputh_set_config+0xe4>
10008604:	3341      	adds	r3, #65	@ 0x41
10008606:	33ff      	adds	r3, #255	@ 0xff
10008608:	695a      	ldr	r2, [r3, #20]
1000860a:	4b1c      	ldr	r3, [pc, #112]	@ (1000867c <xinputh_set_config+0x17c>)
1000860c:	421a      	tst	r2, r3
1000860e:	d09f      	beq.n	10008550 <xinputh_set_config+0x50>
10008610:	2302      	movs	r3, #2
10008612:	469b      	mov	fp, r3
10008614:	469a      	mov	sl, r3
10008616:	e7e5      	b.n	100085e4 <xinputh_set_config+0xe4>
10008618:	33e1      	adds	r3, #225	@ 0xe1
1000861a:	33ff      	adds	r3, #255	@ 0xff
1000861c:	695a      	ldr	r2, [r3, #20]
1000861e:	4b17      	ldr	r3, [pc, #92]	@ (1000867c <xinputh_set_config+0x17c>)
10008620:	421a      	tst	r2, r3
10008622:	d0a0      	beq.n	10008566 <xinputh_set_config+0x66>
10008624:	2303      	movs	r3, #3
10008626:	469b      	mov	fp, r3
10008628:	469a      	mov	sl, r3
1000862a:	e7db      	b.n	100085e4 <xinputh_set_config+0xe4>
1000862c:	2300      	movs	r3, #0
1000862e:	4648      	mov	r0, r9
10008630:	74bb      	strb	r3, [r7, #18]
10008632:	4659      	mov	r1, fp
10008634:	3304      	adds	r3, #4
10008636:	4a12      	ldr	r2, [pc, #72]	@ (10008680 <xinputh_set_config+0x180>)
10008638:	f7ff f8d0 	bl	100077dc <tuh_xinput_send_report>
1000863c:	0023      	movs	r3, r4
1000863e:	7dbf      	ldrb	r7, [r7, #22]
10008640:	464c      	mov	r4, r9
10008642:	4699      	mov	r9, r3
10008644:	e004      	b.n	10008650 <xinputh_set_config+0x150>
10008646:	2001      	movs	r0, #1
10008648:	2100      	movs	r1, #0
1000864a:	4240      	negs	r0, r0
1000864c:	f7fe fa60 	bl	10006b10 <tuh_task_ext>
10008650:	0039      	movs	r1, r7
10008652:	0020      	movs	r0, r4
10008654:	f7fe fd3e 	bl	100070d4 <usbh_edpt_busy>
10008658:	2800      	cmp	r0, #0
1000865a:	d1f4      	bne.n	10008646 <xinputh_set_config+0x146>
1000865c:	464b      	mov	r3, r9
1000865e:	46a1      	mov	r9, r4
10008660:	001c      	movs	r4, r3
10008662:	e79b      	b.n	1000859c <xinputh_set_config+0x9c>
10008664:	0010      	movs	r0, r2
10008666:	4649      	mov	r1, r9
10008668:	465a      	mov	r2, fp
1000866a:	f7ff f8fb 	bl	10007864 <xboxone_init>
1000866e:	e795      	b.n	1000859c <xinputh_set_config+0x9c>
10008670:	20000d58 	.word	0x20000d58
10008674:	00009f60 	.word	0x00009f60
10008678:	10000635 	.word	0x10000635
1000867c:	00ffff00 	.word	0x00ffff00
10008680:	100090a0 	.word	0x100090a0

10008684 <tuh_xinput_set_led>:
10008684:	b5f0      	push	{r4, r5, r6, r7, lr}
10008686:	464e      	mov	r6, r9
10008688:	4645      	mov	r5, r8
1000868a:	4657      	mov	r7, sl
1000868c:	46de      	mov	lr, fp
1000868e:	4698      	mov	r8, r3
10008690:	4b3f      	ldr	r3, [pc, #252]	@ (10008790 <tuh_xinput_set_led+0x10c>)
10008692:	b5e0      	push	{r5, r6, r7, lr}
10008694:	4699      	mov	r9, r3
10008696:	1e47      	subs	r7, r0, #1
10008698:	0006      	movs	r6, r0
1000869a:	00b8      	lsls	r0, r7, #2
1000869c:	19c4      	adds	r4, r0, r7
1000869e:	008d      	lsls	r5, r1, #2
100086a0:	0164      	lsls	r4, r4, #5
100086a2:	186b      	adds	r3, r5, r1
100086a4:	19e4      	adds	r4, r4, r7
100086a6:	015b      	lsls	r3, r3, #5
100086a8:	00a4      	lsls	r4, r4, #2
100086aa:	191b      	adds	r3, r3, r4
100086ac:	444b      	add	r3, r9
100086ae:	791b      	ldrb	r3, [r3, #4]
100086b0:	b08d      	sub	sp, #52	@ 0x34
100086b2:	2b02      	cmp	r3, #2
100086b4:	d02e      	beq.n	10008714 <tuh_xinput_set_led+0x90>
100086b6:	2b03      	cmp	r3, #3
100086b8:	d001      	beq.n	100086be <tuh_xinput_set_led+0x3a>
100086ba:	2001      	movs	r0, #1
100086bc:	e023      	b.n	10008706 <tuh_xinput_set_led+0x82>
100086be:	ab04      	add	r3, sp, #16
100086c0:	469a      	mov	sl, r3
100086c2:	4b34      	ldr	r3, [pc, #208]	@ (10008794 <tuh_xinput_set_led+0x110>)
100086c4:	881c      	ldrh	r4, [r3, #0]
100086c6:	469c      	mov	ip, r3
100086c8:	4653      	mov	r3, sl
100086ca:	801c      	strh	r4, [r3, #0]
100086cc:	4663      	mov	r3, ip
100086ce:	4654      	mov	r4, sl
100086d0:	789b      	ldrb	r3, [r3, #2]
100086d2:	70a3      	strb	r3, [r4, #2]
100086d4:	2a00      	cmp	r2, #0
100086d6:	d12d      	bne.n	10008734 <tuh_xinput_set_led+0xb0>
100086d8:	4653      	mov	r3, sl
100086da:	709a      	strb	r2, [r3, #2]
100086dc:	2303      	movs	r3, #3
100086de:	469b      	mov	fp, r3
100086e0:	9303      	str	r3, [sp, #12]
100086e2:	19c4      	adds	r4, r0, r7
100086e4:	0164      	lsls	r4, r4, #5
100086e6:	19e4      	adds	r4, r4, r7
100086e8:	186d      	adds	r5, r5, r1
100086ea:	016d      	lsls	r5, r5, #5
100086ec:	00a4      	lsls	r4, r4, #2
100086ee:	192f      	adds	r7, r5, r4
100086f0:	444f      	add	r7, r9
100086f2:	8b7b      	ldrh	r3, [r7, #26]
100086f4:	455b      	cmp	r3, fp
100086f6:	d305      	bcc.n	10008704 <tuh_xinput_set_led+0x80>
100086f8:	0030      	movs	r0, r6
100086fa:	7db9      	ldrb	r1, [r7, #22]
100086fc:	f7fe fc62 	bl	10006fc4 <usbh_edpt_claim>
10008700:	2800      	cmp	r0, #0
10008702:	d11a      	bne.n	1000873a <tuh_xinput_set_led+0xb6>
10008704:	2000      	movs	r0, #0
10008706:	b00d      	add	sp, #52	@ 0x34
10008708:	bcf0      	pop	{r4, r5, r6, r7}
1000870a:	46bb      	mov	fp, r7
1000870c:	46b2      	mov	sl, r6
1000870e:	46a9      	mov	r9, r5
10008710:	46a0      	mov	r8, r4
10008712:	bdf0      	pop	{r4, r5, r6, r7, pc}
10008714:	4b20      	ldr	r3, [pc, #128]	@ (10008798 <tuh_xinput_set_led+0x114>)
10008716:	9304      	str	r3, [sp, #16]
10008718:	2340      	movs	r3, #64	@ 0x40
1000871a:	2a00      	cmp	r2, #0
1000871c:	d003      	beq.n	10008726 <tuh_xinput_set_led+0xa2>
1000871e:	1d53      	adds	r3, r2, #5
10008720:	2240      	movs	r2, #64	@ 0x40
10008722:	4313      	orrs	r3, r2
10008724:	b2db      	uxtb	r3, r3
10008726:	aa04      	add	r2, sp, #16
10008728:	70d3      	strb	r3, [r2, #3]
1000872a:	2304      	movs	r3, #4
1000872c:	4692      	mov	sl, r2
1000872e:	469b      	mov	fp, r3
10008730:	9303      	str	r3, [sp, #12]
10008732:	e7d6      	b.n	100086e2 <tuh_xinput_set_led+0x5e>
10008734:	3205      	adds	r2, #5
10008736:	b2d2      	uxtb	r2, r2
10008738:	e7ce      	b.n	100086d8 <tuh_xinput_set_led+0x54>
1000873a:	355c      	adds	r5, #92	@ 0x5c
1000873c:	192d      	adds	r5, r5, r4
1000873e:	444d      	add	r5, r9
10008740:	4651      	mov	r1, sl
10008742:	9a03      	ldr	r2, [sp, #12]
10008744:	0028      	movs	r0, r5
10008746:	f7fa fc0d 	bl	10002f64 <__wrap___aeabi_memcpy>
1000874a:	2300      	movs	r3, #0
1000874c:	7db9      	ldrb	r1, [r7, #22]
1000874e:	002a      	movs	r2, r5
10008750:	9301      	str	r3, [sp, #4]
10008752:	9300      	str	r3, [sp, #0]
10008754:	0030      	movs	r0, r6
10008756:	465b      	mov	r3, fp
10008758:	f7fe fc70 	bl	1000703c <usbh_edpt_xfer_with_callback>
1000875c:	2800      	cmp	r0, #0
1000875e:	d011      	beq.n	10008784 <tuh_xinput_set_led+0x100>
10008760:	4643      	mov	r3, r8
10008762:	2b00      	cmp	r3, #0
10008764:	d0a9      	beq.n	100086ba <tuh_xinput_set_led+0x36>
10008766:	7dbc      	ldrb	r4, [r7, #22]
10008768:	e004      	b.n	10008774 <tuh_xinput_set_led+0xf0>
1000876a:	2001      	movs	r0, #1
1000876c:	2100      	movs	r1, #0
1000876e:	4240      	negs	r0, r0
10008770:	f7fe f9ce 	bl	10006b10 <tuh_task_ext>
10008774:	0021      	movs	r1, r4
10008776:	0030      	movs	r0, r6
10008778:	f7fe fcac 	bl	100070d4 <usbh_edpt_busy>
1000877c:	2800      	cmp	r0, #0
1000877e:	d1f4      	bne.n	1000876a <tuh_xinput_set_led+0xe6>
10008780:	2001      	movs	r0, #1
10008782:	e7c0      	b.n	10008706 <tuh_xinput_set_led+0x82>
10008784:	0030      	movs	r0, r6
10008786:	7db9      	ldrb	r1, [r7, #22]
10008788:	f7fe fc3a 	bl	10007000 <usbh_edpt_release>
1000878c:	e7ba      	b.n	10008704 <tuh_xinput_set_led+0x80>
1000878e:	46c0      	nop			@ (mov r8, r8)
10008790:	20000d58 	.word	0x20000d58
10008794:	10008dc8 	.word	0x10008dc8
10008798:	40080000 	.word	0x40080000

1000879c <tuh_xinput_set_rumble>:
1000879c:	b5f0      	push	{r4, r5, r6, r7, lr}
1000879e:	4657      	mov	r7, sl
100087a0:	464e      	mov	r6, r9
100087a2:	46de      	mov	lr, fp
100087a4:	4645      	mov	r5, r8
100087a6:	b5e0      	push	{r5, r6, r7, lr}
100087a8:	b08f      	sub	sp, #60	@ 0x3c
100087aa:	469b      	mov	fp, r3
100087ac:	ab18      	add	r3, sp, #96	@ 0x60
100087ae:	781b      	ldrb	r3, [r3, #0]
100087b0:	1e47      	subs	r7, r0, #1
100087b2:	9305      	str	r3, [sp, #20]
100087b4:	4b51      	ldr	r3, [pc, #324]	@ (100088fc <tuh_xinput_set_rumble+0x160>)
100087b6:	4692      	mov	sl, r2
100087b8:	4699      	mov	r9, r3
100087ba:	00ba      	lsls	r2, r7, #2
100087bc:	9203      	str	r2, [sp, #12]
100087be:	19d2      	adds	r2, r2, r7
100087c0:	008c      	lsls	r4, r1, #2
100087c2:	0152      	lsls	r2, r2, #5
100087c4:	1863      	adds	r3, r4, r1
100087c6:	19d2      	adds	r2, r2, r7
100087c8:	015b      	lsls	r3, r3, #5
100087ca:	0092      	lsls	r2, r2, #2
100087cc:	189b      	adds	r3, r3, r2
100087ce:	444b      	add	r3, r9
100087d0:	791b      	ldrb	r3, [r3, #4]
100087d2:	000e      	movs	r6, r1
100087d4:	9004      	str	r0, [sp, #16]
100087d6:	2b03      	cmp	r3, #3
100087d8:	d055      	beq.n	10008886 <tuh_xinput_set_rumble+0xea>
100087da:	d815      	bhi.n	10008808 <tuh_xinput_set_rumble+0x6c>
100087dc:	2b01      	cmp	r3, #1
100087de:	d03f      	beq.n	10008860 <tuh_xinput_set_rumble+0xc4>
100087e0:	2b02      	cmp	r3, #2
100087e2:	d135      	bne.n	10008850 <tuh_xinput_set_rumble+0xb4>
100087e4:	ab06      	add	r3, sp, #24
100087e6:	4698      	mov	r8, r3
100087e8:	4b45      	ldr	r3, [pc, #276]	@ (10008900 <tuh_xinput_set_rumble+0x164>)
100087ea:	2203      	movs	r2, #3
100087ec:	2100      	movs	r1, #0
100087ee:	a807      	add	r0, sp, #28
100087f0:	9306      	str	r3, [sp, #24]
100087f2:	f7fa fbb1 	bl	10002f58 <__wrap_memset>
100087f6:	4643      	mov	r3, r8
100087f8:	4652      	mov	r2, sl
100087fa:	715a      	strb	r2, [r3, #5]
100087fc:	465a      	mov	r2, fp
100087fe:	719a      	strb	r2, [r3, #6]
10008800:	2307      	movs	r3, #7
10008802:	469b      	mov	fp, r3
10008804:	469a      	mov	sl, r3
10008806:	e010      	b.n	1000882a <tuh_xinput_set_rumble+0x8e>
10008808:	2b04      	cmp	r3, #4
1000880a:	d121      	bne.n	10008850 <tuh_xinput_set_rumble+0xb4>
1000880c:	ab06      	add	r3, sp, #24
1000880e:	4698      	mov	r8, r3
10008810:	23c0      	movs	r3, #192	@ 0xc0
10008812:	00db      	lsls	r3, r3, #3
10008814:	9306      	str	r3, [sp, #24]
10008816:	4652      	mov	r2, sl
10008818:	4643      	mov	r3, r8
1000881a:	709a      	strb	r2, [r3, #2]
1000881c:	70da      	strb	r2, [r3, #3]
1000881e:	465a      	mov	r2, fp
10008820:	711a      	strb	r2, [r3, #4]
10008822:	715a      	strb	r2, [r3, #5]
10008824:	2306      	movs	r3, #6
10008826:	469b      	mov	fp, r3
10008828:	469a      	mov	sl, r3
1000882a:	9b03      	ldr	r3, [sp, #12]
1000882c:	19a4      	adds	r4, r4, r6
1000882e:	19de      	adds	r6, r3, r7
10008830:	0176      	lsls	r6, r6, #5
10008832:	19f6      	adds	r6, r6, r7
10008834:	0164      	lsls	r4, r4, #5
10008836:	00b6      	lsls	r6, r6, #2
10008838:	19a7      	adds	r7, r4, r6
1000883a:	444f      	add	r7, r9
1000883c:	8b7b      	ldrh	r3, [r7, #26]
1000883e:	4553      	cmp	r3, sl
10008840:	d306      	bcc.n	10008850 <tuh_xinput_set_rumble+0xb4>
10008842:	9d04      	ldr	r5, [sp, #16]
10008844:	7db9      	ldrb	r1, [r7, #22]
10008846:	0028      	movs	r0, r5
10008848:	f7fe fbbc 	bl	10006fc4 <usbh_edpt_claim>
1000884c:	2800      	cmp	r0, #0
1000884e:	d12b      	bne.n	100088a8 <tuh_xinput_set_rumble+0x10c>
10008850:	2001      	movs	r0, #1
10008852:	b00f      	add	sp, #60	@ 0x3c
10008854:	bcf0      	pop	{r4, r5, r6, r7}
10008856:	46bb      	mov	fp, r7
10008858:	46b2      	mov	sl, r6
1000885a:	46a9      	mov	r9, r5
1000885c:	46a0      	mov	r8, r4
1000885e:	bdf0      	pop	{r4, r5, r6, r7, pc}
10008860:	ab06      	add	r3, sp, #24
10008862:	4698      	mov	r8, r3
10008864:	4642      	mov	r2, r8
10008866:	4b27      	ldr	r3, [pc, #156]	@ (10008904 <tuh_xinput_set_rumble+0x168>)
10008868:	cb23      	ldmia	r3!, {r0, r1, r5}
1000886a:	c223      	stmia	r2!, {r0, r1, r5}
1000886c:	781b      	ldrb	r3, [r3, #0]
1000886e:	7013      	strb	r3, [r2, #0]
10008870:	4653      	mov	r3, sl
10008872:	4642      	mov	r2, r8
10008874:	085b      	lsrs	r3, r3, #1
10008876:	7213      	strb	r3, [r2, #8]
10008878:	465b      	mov	r3, fp
1000887a:	085b      	lsrs	r3, r3, #1
1000887c:	7253      	strb	r3, [r2, #9]
1000887e:	230d      	movs	r3, #13
10008880:	469b      	mov	fp, r3
10008882:	469a      	mov	sl, r3
10008884:	e7d1      	b.n	1000882a <tuh_xinput_set_rumble+0x8e>
10008886:	ab06      	add	r3, sp, #24
10008888:	4698      	mov	r8, r3
1000888a:	2380      	movs	r3, #128	@ 0x80
1000888c:	011b      	lsls	r3, r3, #4
1000888e:	9306      	str	r3, [sp, #24]
10008890:	4642      	mov	r2, r8
10008892:	2300      	movs	r3, #0
10008894:	6053      	str	r3, [r2, #4]
10008896:	4643      	mov	r3, r8
10008898:	4652      	mov	r2, sl
1000889a:	70da      	strb	r2, [r3, #3]
1000889c:	465a      	mov	r2, fp
1000889e:	711a      	strb	r2, [r3, #4]
100088a0:	2308      	movs	r3, #8
100088a2:	469b      	mov	fp, r3
100088a4:	469a      	mov	sl, r3
100088a6:	e7c0      	b.n	1000882a <tuh_xinput_set_rumble+0x8e>
100088a8:	345c      	adds	r4, #92	@ 0x5c
100088aa:	19a4      	adds	r4, r4, r6
100088ac:	444c      	add	r4, r9
100088ae:	465a      	mov	r2, fp
100088b0:	4641      	mov	r1, r8
100088b2:	0020      	movs	r0, r4
100088b4:	f7fa fb56 	bl	10002f64 <__wrap___aeabi_memcpy>
100088b8:	2300      	movs	r3, #0
100088ba:	7db9      	ldrb	r1, [r7, #22]
100088bc:	0022      	movs	r2, r4
100088be:	9301      	str	r3, [sp, #4]
100088c0:	9300      	str	r3, [sp, #0]
100088c2:	0028      	movs	r0, r5
100088c4:	4653      	mov	r3, sl
100088c6:	f7fe fbb9 	bl	1000703c <usbh_edpt_xfer_with_callback>
100088ca:	2800      	cmp	r0, #0
100088cc:	d011      	beq.n	100088f2 <tuh_xinput_set_rumble+0x156>
100088ce:	9b05      	ldr	r3, [sp, #20]
100088d0:	2b00      	cmp	r3, #0
100088d2:	d0bd      	beq.n	10008850 <tuh_xinput_set_rumble+0xb4>
100088d4:	7dbc      	ldrb	r4, [r7, #22]
100088d6:	9d04      	ldr	r5, [sp, #16]
100088d8:	e004      	b.n	100088e4 <tuh_xinput_set_rumble+0x148>
100088da:	2001      	movs	r0, #1
100088dc:	2100      	movs	r1, #0
100088de:	4240      	negs	r0, r0
100088e0:	f7fe f916 	bl	10006b10 <tuh_task_ext>
100088e4:	0021      	movs	r1, r4
100088e6:	0028      	movs	r0, r5
100088e8:	f7fe fbf4 	bl	100070d4 <usbh_edpt_busy>
100088ec:	2800      	cmp	r0, #0
100088ee:	d1f4      	bne.n	100088da <tuh_xinput_set_rumble+0x13e>
100088f0:	e7ae      	b.n	10008850 <tuh_xinput_set_rumble+0xb4>
100088f2:	7db9      	ldrb	r1, [r7, #22]
100088f4:	9804      	ldr	r0, [sp, #16]
100088f6:	f7fe fb83 	bl	10007000 <usbh_edpt_release>
100088fa:	e7a9      	b.n	10008850 <tuh_xinput_set_rumble+0xb4>
100088fc:	20000d58 	.word	0x20000d58
10008900:	c00f0100 	.word	0xc00f0100
10008904:	100090d8 	.word	0x100090d8

10008908 <strlen>:
10008908:	b510      	push	{r4, lr}
1000890a:	0783      	lsls	r3, r0, #30
1000890c:	d00a      	beq.n	10008924 <strlen+0x1c>
1000890e:	0003      	movs	r3, r0
10008910:	2103      	movs	r1, #3
10008912:	e002      	b.n	1000891a <strlen+0x12>
10008914:	3301      	adds	r3, #1
10008916:	420b      	tst	r3, r1
10008918:	d005      	beq.n	10008926 <strlen+0x1e>
1000891a:	781a      	ldrb	r2, [r3, #0]
1000891c:	2a00      	cmp	r2, #0
1000891e:	d1f9      	bne.n	10008914 <strlen+0xc>
10008920:	1a18      	subs	r0, r3, r0
10008922:	bd10      	pop	{r4, pc}
10008924:	0003      	movs	r3, r0
10008926:	6819      	ldr	r1, [r3, #0]
10008928:	4a0c      	ldr	r2, [pc, #48]	@ (1000895c <strlen+0x54>)
1000892a:	4c0d      	ldr	r4, [pc, #52]	@ (10008960 <strlen+0x58>)
1000892c:	188a      	adds	r2, r1, r2
1000892e:	438a      	bics	r2, r1
10008930:	4222      	tst	r2, r4
10008932:	d10f      	bne.n	10008954 <strlen+0x4c>
10008934:	6859      	ldr	r1, [r3, #4]
10008936:	4a09      	ldr	r2, [pc, #36]	@ (1000895c <strlen+0x54>)
10008938:	3304      	adds	r3, #4
1000893a:	188a      	adds	r2, r1, r2
1000893c:	438a      	bics	r2, r1
1000893e:	4222      	tst	r2, r4
10008940:	d108      	bne.n	10008954 <strlen+0x4c>
10008942:	6859      	ldr	r1, [r3, #4]
10008944:	4a05      	ldr	r2, [pc, #20]	@ (1000895c <strlen+0x54>)
10008946:	3304      	adds	r3, #4
10008948:	188a      	adds	r2, r1, r2
1000894a:	438a      	bics	r2, r1
1000894c:	4222      	tst	r2, r4
1000894e:	d0f1      	beq.n	10008934 <strlen+0x2c>
10008950:	e000      	b.n	10008954 <strlen+0x4c>
10008952:	3301      	adds	r3, #1
10008954:	781a      	ldrb	r2, [r3, #0]
10008956:	2a00      	cmp	r2, #0
10008958:	d1fb      	bne.n	10008952 <strlen+0x4a>
1000895a:	e7e1      	b.n	10008920 <strlen+0x18>
1000895c:	fefefeff 	.word	0xfefefeff
10008960:	80808080 	.word	0x80808080

10008964 <_fini>:
10008964:	b5f8      	push	{r3, r4, r5, r6, r7, lr}
10008966:	46c0      	nop			@ (mov r8, r8)

10008968 <__flash_do_cmd_veneer>:
10008968:	b401      	push	{r0}
1000896a:	4802      	ldr	r0, [pc, #8]	@ (10008974 <__flash_do_cmd_veneer+0xc>)
1000896c:	4684      	mov	ip, r0
1000896e:	bc01      	pop	{r0}
10008970:	4760      	bx	ip
10008972:	bf00      	nop
10008974:	20000435 	.word	0x20000435

10008978 <__mutex_exit_veneer>:
10008978:	b401      	push	{r0}
1000897a:	4802      	ldr	r0, [pc, #8]	@ (10008984 <__mutex_exit_veneer+0xc>)
1000897c:	4684      	mov	ip, r0
1000897e:	bc01      	pop	{r0}
10008980:	4760      	bx	ip
10008982:	bf00      	nop
10008984:	200001e5 	.word	0x200001e5

10008988 <____aeabi_ldiv0_veneer>:
10008988:	b401      	push	{r0}
1000898a:	4802      	ldr	r0, [pc, #8]	@ (10008994 <____aeabi_ldiv0_veneer+0xc>)
1000898c:	4684      	mov	ip, r0
1000898e:	bc01      	pop	{r0}
10008990:	4760      	bx	ip
10008992:	bf00      	nop
10008994:	20000571 	.word	0x20000571

10008998 <____aeabi_idiv0_veneer>:
10008998:	b401      	push	{r0}
1000899a:	4802      	ldr	r0, [pc, #8]	@ (100089a4 <____aeabi_idiv0_veneer+0xc>)
1000899c:	4684      	mov	ip, r0
1000899e:	bc01      	pop	{r0}
100089a0:	4760      	bx	ip
100089a2:	bf00      	nop
100089a4:	20000571 	.word	0x20000571

100089a8 <__mutex_enter_timeout_ms_veneer>:
100089a8:	b401      	push	{r0}
100089aa:	4802      	ldr	r0, [pc, #8]	@ (100089b4 <__mutex_enter_timeout_ms_veneer+0xc>)
100089ac:	4684      	mov	ip, r0
100089ae:	bc01      	pop	{r0}
100089b0:	4760      	bx	ip
100089b2:	bf00      	nop
100089b4:	20000159 	.word	0x20000159

100089b8 <__spi_write_blocking_veneer>:
100089b8:	b401      	push	{r0}
100089ba:	4802      	ldr	r0, [pc, #8]	@ (100089c4 <__spi_write_blocking_veneer+0xc>)
100089bc:	4684      	mov	ip, r0
100089be:	bc01      	pop	{r0}
100089c0:	4760      	bx	ip
100089c2:	bf00      	nop
100089c4:	200002bd 	.word	0x200002bd

100089c8 <__spi_write_read_blocking_veneer>:
100089c8:	b401      	push	{r0}
100089ca:	4802      	ldr	r0, [pc, #8]	@ (100089d4 <__spi_write_read_blocking_veneer+0xc>)
100089cc:	4684      	mov	ip, r0
100089ce:	bc01      	pop	{r0}
100089d0:	4760      	bx	ip
100089d2:	bf00      	nop
100089d4:	2000020d 	.word	0x2000020d

100089d8 <__mutex_try_enter_block_until_veneer>:
100089d8:	b401      	push	{r0}
100089da:	4802      	ldr	r0, [pc, #8]	@ (100089e4 <__mutex_try_enter_block_until_veneer+0xc>)
100089dc:	4684      	mov	ip, r0
100089de:	bc01      	pop	{r0}
100089e0:	4760      	bx	ip
100089e2:	bf00      	nop
100089e4:	200000c1 	.word	0x200000c1

100089e8 <__hcd_event_handler_veneer>:
100089e8:	b401      	push	{r0}
100089ea:	4802      	ldr	r0, [pc, #8]	@ (100089f4 <__hcd_event_handler_veneer+0xc>)
100089ec:	4684      	mov	ip, r0
100089ee:	bc01      	pop	{r0}
100089f0:	4760      	bx	ip
100089f2:	bf00      	nop
100089f4:	20000309 	.word	0x20000309

100089f8 <__pre_init_runtime_init_early_resets>:
100089f8:	10001fcd                                ....

100089fc <__pre_init_runtime_init_usb_power_down>:
100089fc:	10001ff9 100021dd 10002f49 10002881     .....!..I/...(..
10008a0c:	10002eb9                                ....

10008a10 <__pre_init_runtime_init_clocks>:
10008a10:	10002105                                .!..

10008a14 <__pre_init_runtime_init_post_clock_resets>:
10008a14:	10002015                                . ..

10008a18 <__pre_init_runtime_init_rp2040_gpio_ie_disable>:
10008a18:	10002035                                5 ..

10008a1c <__pre_init_runtime_init_spin_locks_reset>:
10008a1c:	10002049                                I ..

10008a20 <__pre_init_runtime_init_mutex>:
10008a20:	100012cd                                ....

10008a24 <__pre_init_runtime_init_install_ram_vector_table>:
10008a24:	10002051                                Q ..

10008a28 <__pre_init_runtime_init_default_alarm_pool>:
10008a28:	10001685                                ....

10008a2c <__pre_init_first_per_core_initializer>:
10008a2c:	10001f95                                ....

10008a30 <__pre_init_runtime_init_per_core_irq_priorities>:
10008a30:	10000da5                                ....

10008a34 <__init_array_start>:
10008a34:	10007575 	.word	0x10007575

10008a38 <__frame_dummy_init_array_entry>:
10008a38:	100002b1                                ....

Disassembly of section .data:

200000c0 <mutex_try_enter_block_until>:
200000c0:	b5f0      	push	{r4, r5, r6, r7, lr}
200000c2:	46c6      	mov	lr, r8
200000c4:	0015      	movs	r5, r2
200000c6:	b500      	push	{lr}
200000c8:	0004      	movs	r4, r0
200000ca:	001e      	movs	r6, r3
200000cc:	6802      	ldr	r2, [r0, #0]
200000ce:	f3ef 8110 	mrs	r1, PRIMASK
200000d2:	b672      	cpsid	i
200000d4:	6813      	ldr	r3, [r2, #0]
200000d6:	2b00      	cmp	r3, #0
200000d8:	d0fc      	beq.n	200000d4 <mutex_try_enter_block_until+0x14>
200000da:	f3bf 8f5f 	dmb	sy
200000de:	2304      	movs	r3, #4
200000e0:	56e3      	ldrsb	r3, [r4, r3]
200000e2:	6822      	ldr	r2, [r4, #0]
200000e4:	2b00      	cmp	r3, #0
200000e6:	db2b      	blt.n	20000140 <mutex_try_enter_block_until+0x80>
200000e8:	f3bf 8f5f 	dmb	sy
200000ec:	2000      	movs	r0, #0
200000ee:	6010      	str	r0, [r2, #0]
200000f0:	f381 8810 	msr	PRIMASK, r1
200000f4:	22d0      	movs	r2, #208	@ 0xd0
200000f6:	0612      	lsls	r2, r2, #24
200000f8:	7812      	ldrb	r2, [r2, #0]
200000fa:	2700      	movs	r7, #0
200000fc:	b252      	sxtb	r2, r2
200000fe:	4690      	mov	r8, r2
20000100:	429a      	cmp	r2, r3
20000102:	d10e      	bne.n	20000122 <mutex_try_enter_block_until+0x62>
20000104:	2000      	movs	r0, #0
20000106:	bc80      	pop	{r7}
20000108:	46b8      	mov	r8, r7
2000010a:	bdf0      	pop	{r4, r5, r6, r7, pc}
2000010c:	f3bf 8f5f 	dmb	sy
20000110:	6017      	str	r7, [r2, #0]
20000112:	f381 8810 	msr	PRIMASK, r1
20000116:	0028      	movs	r0, r5
20000118:	0031      	movs	r1, r6
2000011a:	f000 fa35 	bl	20000588 <__best_effort_wfe_or_timeout_veneer>
2000011e:	2800      	cmp	r0, #0
20000120:	d1f0      	bne.n	20000104 <mutex_try_enter_block_until+0x44>
20000122:	6822      	ldr	r2, [r4, #0]
20000124:	f3ef 8110 	mrs	r1, PRIMASK
20000128:	b672      	cpsid	i
2000012a:	6813      	ldr	r3, [r2, #0]
2000012c:	2b00      	cmp	r3, #0
2000012e:	d0fc      	beq.n	2000012a <mutex_try_enter_block_until+0x6a>
20000130:	f3bf 8f5f 	dmb	sy
20000134:	7923      	ldrb	r3, [r4, #4]
20000136:	6822      	ldr	r2, [r4, #0]
20000138:	2b7f      	cmp	r3, #127	@ 0x7f
2000013a:	d9e7      	bls.n	2000010c <mutex_try_enter_block_until+0x4c>
2000013c:	4643      	mov	r3, r8
2000013e:	e002      	b.n	20000146 <mutex_try_enter_block_until+0x86>
20000140:	23d0      	movs	r3, #208	@ 0xd0
20000142:	061b      	lsls	r3, r3, #24
20000144:	681b      	ldr	r3, [r3, #0]
20000146:	7123      	strb	r3, [r4, #4]
20000148:	f3bf 8f5f 	dmb	sy
2000014c:	2300      	movs	r3, #0
2000014e:	6013      	str	r3, [r2, #0]
20000150:	f381 8810 	msr	PRIMASK, r1
20000154:	2001      	movs	r0, #1
20000156:	e7d6      	b.n	20000106 <mutex_try_enter_block_until+0x46>

20000158 <mutex_enter_timeout_ms>:
20000158:	b5f0      	push	{r4, r5, r6, r7, lr}
2000015a:	46c6      	mov	lr, r8
2000015c:	b500      	push	{lr}
2000015e:	000d      	movs	r5, r1
20000160:	0004      	movs	r4, r0
20000162:	f000 fa29 	bl	200005b8 <__time_us_64_veneer>
20000166:	22fa      	movs	r2, #250	@ 0xfa
20000168:	0006      	movs	r6, r0
2000016a:	000f      	movs	r7, r1
2000016c:	2300      	movs	r3, #0
2000016e:	0028      	movs	r0, r5
20000170:	2100      	movs	r1, #0
20000172:	0092      	lsls	r2, r2, #2
20000174:	f000 fa10 	bl	20000598 <____wrap___aeabi_lmul_veneer>
20000178:	1836      	adds	r6, r6, r0
2000017a:	414f      	adcs	r7, r1
2000017c:	2f00      	cmp	r7, #0
2000017e:	da02      	bge.n	20000186 <mutex_enter_timeout_ms+0x2e>
20000180:	2601      	movs	r6, #1
20000182:	4f17      	ldr	r7, [pc, #92]	@ (200001e0 <mutex_enter_timeout_ms+0x88>)
20000184:	4276      	negs	r6, r6
20000186:	23d0      	movs	r3, #208	@ 0xd0
20000188:	061b      	lsls	r3, r3, #24
2000018a:	681b      	ldr	r3, [r3, #0]
2000018c:	2500      	movs	r5, #0
2000018e:	4698      	mov	r8, r3
20000190:	e00a      	b.n	200001a8 <mutex_enter_timeout_ms+0x50>
20000192:	f3bf 8f5f 	dmb	sy
20000196:	6015      	str	r5, [r2, #0]
20000198:	f381 8810 	msr	PRIMASK, r1
2000019c:	0030      	movs	r0, r6
2000019e:	0039      	movs	r1, r7
200001a0:	f000 f9f2 	bl	20000588 <__best_effort_wfe_or_timeout_veneer>
200001a4:	2800      	cmp	r0, #0
200001a6:	d118      	bne.n	200001da <mutex_enter_timeout_ms+0x82>
200001a8:	6822      	ldr	r2, [r4, #0]
200001aa:	f3ef 8110 	mrs	r1, PRIMASK
200001ae:	b672      	cpsid	i
200001b0:	6813      	ldr	r3, [r2, #0]
200001b2:	2b00      	cmp	r3, #0
200001b4:	d0fc      	beq.n	200001b0 <mutex_enter_timeout_ms+0x58>
200001b6:	f3bf 8f5f 	dmb	sy
200001ba:	7923      	ldrb	r3, [r4, #4]
200001bc:	6822      	ldr	r2, [r4, #0]
200001be:	2b7f      	cmp	r3, #127	@ 0x7f
200001c0:	d9e7      	bls.n	20000192 <mutex_enter_timeout_ms+0x3a>
200001c2:	4643      	mov	r3, r8
200001c4:	7123      	strb	r3, [r4, #4]
200001c6:	f3bf 8f5f 	dmb	sy
200001ca:	2300      	movs	r3, #0
200001cc:	6013      	str	r3, [r2, #0]
200001ce:	f381 8810 	msr	PRIMASK, r1
200001d2:	2001      	movs	r0, #1
200001d4:	bc80      	pop	{r7}
200001d6:	46b8      	mov	r8, r7
200001d8:	bdf0      	pop	{r4, r5, r6, r7, pc}
200001da:	2000      	movs	r0, #0
200001dc:	e7fa      	b.n	200001d4 <mutex_enter_timeout_ms+0x7c>
200001de:	46c0      	nop			@ (mov r8, r8)
200001e0:	7fffffff 	.word	0x7fffffff

200001e4 <mutex_exit>:
200001e4:	6802      	ldr	r2, [r0, #0]
200001e6:	f3ef 8110 	mrs	r1, PRIMASK
200001ea:	b672      	cpsid	i
200001ec:	6813      	ldr	r3, [r2, #0]
200001ee:	2b00      	cmp	r3, #0
200001f0:	d0fc      	beq.n	200001ec <mutex_exit+0x8>
200001f2:	f3bf 8f5f 	dmb	sy
200001f6:	23ff      	movs	r3, #255	@ 0xff
200001f8:	7103      	strb	r3, [r0, #4]
200001fa:	6803      	ldr	r3, [r0, #0]
200001fc:	f3bf 8f5f 	dmb	sy
20000200:	2200      	movs	r2, #0
20000202:	601a      	str	r2, [r3, #0]
20000204:	f381 8810 	msr	PRIMASK, r1
20000208:	bf40      	sev
2000020a:	4770      	bx	lr

2000020c <spi_write_read_blocking>:
2000020c:	b5f0      	push	{r4, r5, r6, r7, lr}
2000020e:	46ce      	mov	lr, r9
20000210:	4647      	mov	r7, r8
20000212:	0005      	movs	r5, r0
20000214:	001e      	movs	r6, r3
20000216:	0018      	movs	r0, r3
20000218:	001c      	movs	r4, r3
2000021a:	2304      	movs	r3, #4
2000021c:	b580      	push	{r7, lr}
2000021e:	4689      	mov	r9, r1
20000220:	2702      	movs	r7, #2
20000222:	469c      	mov	ip, r3
20000224:	2800      	cmp	r0, #0
20000226:	d031      	beq.n	2000028c <spi_write_read_blocking+0x80>
20000228:	2e00      	cmp	r6, #0
2000022a:	d033      	beq.n	20000294 <spi_write_read_blocking+0x88>
2000022c:	68eb      	ldr	r3, [r5, #12]
2000022e:	421f      	tst	r7, r3
20000230:	d01a      	beq.n	20000268 <spi_write_read_blocking+0x5c>
20000232:	0033      	movs	r3, r6
20000234:	3308      	adds	r3, #8
20000236:	42a3      	cmp	r3, r4
20000238:	d80f      	bhi.n	2000025a <spi_write_read_blocking+0x4e>
2000023a:	2c00      	cmp	r4, #0
2000023c:	d12d      	bne.n	2000029a <spi_write_read_blocking+0x8e>
2000023e:	2302      	movs	r3, #2
20000240:	68e9      	ldr	r1, [r5, #12]
20000242:	420b      	tst	r3, r1
20000244:	d136      	bne.n	200002b4 <spi_write_read_blocking+0xa8>
20000246:	2e00      	cmp	r6, #0
20000248:	d020      	beq.n	2000028c <spi_write_read_blocking+0x80>
2000024a:	68eb      	ldr	r3, [r5, #12]
2000024c:	2400      	movs	r4, #0
2000024e:	421f      	tst	r7, r3
20000250:	d0fb      	beq.n	2000024a <spi_write_read_blocking+0x3e>
20000252:	0033      	movs	r3, r6
20000254:	3308      	adds	r3, #8
20000256:	42a3      	cmp	r3, r4
20000258:	d9ef      	bls.n	2000023a <spi_write_read_blocking+0x2e>
2000025a:	464b      	mov	r3, r9
2000025c:	781b      	ldrb	r3, [r3, #0]
2000025e:	3e01      	subs	r6, #1
20000260:	60ab      	str	r3, [r5, #8]
20000262:	2301      	movs	r3, #1
20000264:	4698      	mov	r8, r3
20000266:	44c1      	add	r9, r8
20000268:	2c00      	cmp	r4, #0
2000026a:	d0ec      	beq.n	20000246 <spi_write_read_blocking+0x3a>
2000026c:	4661      	mov	r1, ip
2000026e:	68eb      	ldr	r3, [r5, #12]
20000270:	4219      	tst	r1, r3
20000272:	d115      	bne.n	200002a0 <spi_write_read_blocking+0x94>
20000274:	2e00      	cmp	r6, #0
20000276:	d1d9      	bne.n	2000022c <spi_write_read_blocking+0x20>
20000278:	2104      	movs	r1, #4
2000027a:	68eb      	ldr	r3, [r5, #12]
2000027c:	4219      	tst	r1, r3
2000027e:	d0fc      	beq.n	2000027a <spi_write_read_blocking+0x6e>
20000280:	68ab      	ldr	r3, [r5, #8]
20000282:	3c01      	subs	r4, #1
20000284:	7013      	strb	r3, [r2, #0]
20000286:	3201      	adds	r2, #1
20000288:	2c00      	cmp	r4, #0
2000028a:	d1f5      	bne.n	20000278 <spi_write_read_blocking+0x6c>
2000028c:	bcc0      	pop	{r6, r7}
2000028e:	46b9      	mov	r9, r7
20000290:	46b0      	mov	r8, r6
20000292:	bdf0      	pop	{r4, r5, r6, r7, pc}
20000294:	2c00      	cmp	r4, #0
20000296:	d0f9      	beq.n	2000028c <spi_write_read_blocking+0x80>
20000298:	e7ee      	b.n	20000278 <spi_write_read_blocking+0x6c>
2000029a:	68eb      	ldr	r3, [r5, #12]
2000029c:	075b      	lsls	r3, r3, #29
2000029e:	d5c5      	bpl.n	2000022c <spi_write_read_blocking+0x20>
200002a0:	68ab      	ldr	r3, [r5, #8]
200002a2:	3c01      	subs	r4, #1
200002a4:	7013      	strb	r3, [r2, #0]
200002a6:	0023      	movs	r3, r4
200002a8:	1c51      	adds	r1, r2, #1
200002aa:	4688      	mov	r8, r1
200002ac:	4333      	orrs	r3, r6
200002ae:	d0ed      	beq.n	2000028c <spi_write_read_blocking+0x80>
200002b0:	4642      	mov	r2, r8
200002b2:	e7b9      	b.n	20000228 <spi_write_read_blocking+0x1c>
200002b4:	0031      	movs	r1, r6
200002b6:	3108      	adds	r1, #8
200002b8:	d1cf      	bne.n	2000025a <spi_write_read_blocking+0x4e>
200002ba:	e7c1      	b.n	20000240 <spi_write_read_blocking+0x34>

200002bc <spi_write_blocking>:
200002bc:	b530      	push	{r4, r5, lr}
200002be:	0004      	movs	r4, r0
200002c0:	1e10      	subs	r0, r2, #0
200002c2:	d00a      	beq.n	200002da <spi_write_blocking+0x1e>
200002c4:	000a      	movs	r2, r1
200002c6:	180d      	adds	r5, r1, r0
200002c8:	2102      	movs	r1, #2
200002ca:	68e3      	ldr	r3, [r4, #12]
200002cc:	4219      	tst	r1, r3
200002ce:	d0fc      	beq.n	200002ca <spi_write_blocking+0xe>
200002d0:	7813      	ldrb	r3, [r2, #0]
200002d2:	3201      	adds	r2, #1
200002d4:	60a3      	str	r3, [r4, #8]
200002d6:	42aa      	cmp	r2, r5
200002d8:	d1f7      	bne.n	200002ca <spi_write_blocking+0xe>
200002da:	68e3      	ldr	r3, [r4, #12]
200002dc:	075b      	lsls	r3, r3, #29
200002de:	d504      	bpl.n	200002ea <spi_write_blocking+0x2e>
200002e0:	2104      	movs	r1, #4
200002e2:	68a3      	ldr	r3, [r4, #8]
200002e4:	68e3      	ldr	r3, [r4, #12]
200002e6:	4219      	tst	r1, r3
200002e8:	d1fb      	bne.n	200002e2 <spi_write_blocking+0x26>
200002ea:	2110      	movs	r1, #16
200002ec:	68e3      	ldr	r3, [r4, #12]
200002ee:	4219      	tst	r1, r3
200002f0:	d1fc      	bne.n	200002ec <spi_write_blocking+0x30>
200002f2:	68e3      	ldr	r3, [r4, #12]
200002f4:	075b      	lsls	r3, r3, #29
200002f6:	d504      	bpl.n	20000302 <spi_write_blocking+0x46>
200002f8:	2104      	movs	r1, #4
200002fa:	68a3      	ldr	r3, [r4, #8]
200002fc:	68e3      	ldr	r3, [r4, #12]
200002fe:	4219      	tst	r1, r3
20000300:	d1fb      	bne.n	200002fa <spi_write_blocking+0x3e>
20000302:	2301      	movs	r3, #1
20000304:	6223      	str	r3, [r4, #32]
20000306:	bd30      	pop	{r4, r5, pc}

20000308 <hcd_event_handler>:
20000308:	b570      	push	{r4, r5, r6, lr}
2000030a:	7843      	ldrb	r3, [r0, #1]
2000030c:	0004      	movs	r4, r0
2000030e:	000e      	movs	r6, r1
20000310:	2b01      	cmp	r3, #1
20000312:	d01f      	beq.n	20000354 <hcd_event_handler+0x4c>
20000314:	4b18      	ldr	r3, [pc, #96]	@ (20000378 <hcd_event_handler+0x70>)
20000316:	681d      	ldr	r5, [r3, #0]
20000318:	696a      	ldr	r2, [r5, #20]
2000031a:	f3ef 8110 	mrs	r1, PRIMASK
2000031e:	b672      	cpsid	i
20000320:	6813      	ldr	r3, [r2, #0]
20000322:	2b00      	cmp	r3, #0
20000324:	d0fc      	beq.n	20000320 <hcd_event_handler+0x18>
20000326:	f3bf 8f5f 	dmb	sy
2000032a:	61a9      	str	r1, [r5, #24]
2000032c:	0028      	movs	r0, r5
2000032e:	0021      	movs	r1, r4
20000330:	f000 f922 	bl	20000578 <__tu_fifo_write_veneer>
20000334:	696a      	ldr	r2, [r5, #20]
20000336:	69ab      	ldr	r3, [r5, #24]
20000338:	f3bf 8f5f 	dmb	sy
2000033c:	2100      	movs	r1, #0
2000033e:	6011      	str	r1, [r2, #0]
20000340:	f383 8810 	msr	PRIMASK, r3
20000344:	2800      	cmp	r0, #0
20000346:	d004      	beq.n	20000352 <hcd_event_handler+0x4a>
20000348:	0032      	movs	r2, r6
2000034a:	7861      	ldrb	r1, [r4, #1]
2000034c:	7820      	ldrb	r0, [r4, #0]
2000034e:	f000 f92b 	bl	200005a8 <__tuh_event_hook_cb_veneer>
20000352:	bd70      	pop	{r4, r5, r6, pc}
20000354:	4b09      	ldr	r3, [pc, #36]	@ (2000037c <hcd_event_handler+0x74>)
20000356:	7801      	ldrb	r1, [r0, #0]
20000358:	781a      	ldrb	r2, [r3, #0]
2000035a:	4291      	cmp	r1, r2
2000035c:	d1da      	bne.n	20000314 <hcd_event_handler+0xc>
2000035e:	7901      	ldrb	r1, [r0, #4]
20000360:	785a      	ldrb	r2, [r3, #1]
20000362:	4291      	cmp	r1, r2
20000364:	d1d6      	bne.n	20000314 <hcd_event_handler+0xc>
20000366:	7941      	ldrb	r1, [r0, #5]
20000368:	789a      	ldrb	r2, [r3, #2]
2000036a:	4291      	cmp	r1, r2
2000036c:	d1d2      	bne.n	20000314 <hcd_event_handler+0xc>
2000036e:	2110      	movs	r1, #16
20000370:	78da      	ldrb	r2, [r3, #3]
20000372:	438a      	bics	r2, r1
20000374:	70da      	strb	r2, [r3, #3]
20000376:	e7cd      	b.n	20000314 <hcd_event_handler+0xc>
20000378:	20000c94 	.word	0x20000c94
2000037c:	20000a24 	.word	0x20000a24

20000380 <flash_init_boot2_copyout>:
20000380:	b510      	push	{r4, lr}
20000382:	4c08      	ldr	r4, [pc, #32]	@ (200003a4 <flash_init_boot2_copyout+0x24>)
20000384:	7823      	ldrb	r3, [r4, #0]
20000386:	2b00      	cmp	r3, #0
20000388:	d10a      	bne.n	200003a0 <flash_init_boot2_copyout+0x20>
2000038a:	2380      	movs	r3, #128	@ 0x80
2000038c:	4806      	ldr	r0, [pc, #24]	@ (200003a8 <flash_init_boot2_copyout+0x28>)
2000038e:	4907      	ldr	r1, [pc, #28]	@ (200003ac <flash_init_boot2_copyout+0x2c>)
20000390:	055b      	lsls	r3, r3, #21
20000392:	681a      	ldr	r2, [r3, #0]
20000394:	50c2      	str	r2, [r0, r3]
20000396:	3304      	adds	r3, #4
20000398:	428b      	cmp	r3, r1
2000039a:	d1fa      	bne.n	20000392 <flash_init_boot2_copyout+0x12>
2000039c:	2301      	movs	r3, #1
2000039e:	7023      	strb	r3, [r4, #0]
200003a0:	bd10      	pop	{r4, pc}
200003a2:	46c0      	nop			@ (mov r8, r8)
200003a4:	2000137d 	.word	0x2000137d
200003a8:	10000fdc 	.word	0x10000fdc
200003ac:	10000100 	.word	0x10000100

200003b0 <flash_enable_xip_via_boot2>:
200003b0:	b510      	push	{r4, lr}
200003b2:	4b01      	ldr	r3, [pc, #4]	@ (200003b8 <flash_enable_xip_via_boot2+0x8>)
200003b4:	4798      	blx	r3
200003b6:	bd10      	pop	{r4, pc}
200003b8:	20000fdd 	.word	0x20000fdd

200003bc <flash_save_hardware_state>:
200003bc:	4b06      	ldr	r3, [pc, #24]	@ (200003d8 <flash_save_hardware_state+0x1c>)
200003be:	685a      	ldr	r2, [r3, #4]
200003c0:	6002      	str	r2, [r0, #0]
200003c2:	689a      	ldr	r2, [r3, #8]
200003c4:	6042      	str	r2, [r0, #4]
200003c6:	68da      	ldr	r2, [r3, #12]
200003c8:	6082      	str	r2, [r0, #8]
200003ca:	691a      	ldr	r2, [r3, #16]
200003cc:	60c2      	str	r2, [r0, #12]
200003ce:	695a      	ldr	r2, [r3, #20]
200003d0:	6102      	str	r2, [r0, #16]
200003d2:	699b      	ldr	r3, [r3, #24]
200003d4:	6143      	str	r3, [r0, #20]
200003d6:	4770      	bx	lr
200003d8:	40020000 	.word	0x40020000

200003dc <flash_restore_hardware_state>:
200003dc:	6802      	ldr	r2, [r0, #0]
200003de:	4b06      	ldr	r3, [pc, #24]	@ (200003f8 <flash_restore_hardware_state+0x1c>)
200003e0:	605a      	str	r2, [r3, #4]
200003e2:	6842      	ldr	r2, [r0, #4]
200003e4:	609a      	str	r2, [r3, #8]
200003e6:	6882      	ldr	r2, [r0, #8]
200003e8:	60da      	str	r2, [r3, #12]
200003ea:	68c2      	ldr	r2, [r0, #12]
200003ec:	611a      	str	r2, [r3, #16]
200003ee:	6902      	ldr	r2, [r0, #16]
200003f0:	615a      	str	r2, [r3, #20]
200003f2:	6942      	ldr	r2, [r0, #20]
200003f4:	619a      	str	r2, [r3, #24]
200003f6:	4770      	bx	lr
200003f8:	40020000 	.word	0x40020000

200003fc <flash_cs_force.constprop.0>:
200003fc:	4b03      	ldr	r3, [pc, #12]	@ (2000040c <flash_cs_force.constprop.0+0x10>)
200003fe:	681a      	ldr	r2, [r3, #0]
20000400:	23c0      	movs	r3, #192	@ 0xc0
20000402:	009b      	lsls	r3, r3, #2
20000404:	4393      	bics	r3, r2
20000406:	4a02      	ldr	r2, [pc, #8]	@ (20000410 <flash_cs_force.constprop.0+0x14>)
20000408:	6013      	str	r3, [r2, #0]
2000040a:	4770      	bx	lr
2000040c:	4001800c 	.word	0x4001800c
20000410:	4001900c 	.word	0x4001900c

20000414 <flash_cs_force.constprop.1>:
20000414:	4b05      	ldr	r3, [pc, #20]	@ (2000042c <flash_cs_force.constprop.1+0x18>)
20000416:	681a      	ldr	r2, [r3, #0]
20000418:	2380      	movs	r3, #128	@ 0x80
2000041a:	009b      	lsls	r3, r3, #2
2000041c:	4053      	eors	r3, r2
2000041e:	22c0      	movs	r2, #192	@ 0xc0
20000420:	0092      	lsls	r2, r2, #2
20000422:	4013      	ands	r3, r2
20000424:	4a02      	ldr	r2, [pc, #8]	@ (20000430 <flash_cs_force.constprop.1+0x1c>)
20000426:	6013      	str	r3, [r2, #0]
20000428:	4770      	bx	lr
2000042a:	46c0      	nop			@ (mov r8, r8)
2000042c:	4001800c 	.word	0x4001800c
20000430:	4001900c 	.word	0x4001900c

20000434 <flash_do_cmd>:
20000434:	2300      	movs	r3, #0
20000436:	b5f0      	push	{r4, r5, r6, r7, lr}
20000438:	46de      	mov	lr, fp
2000043a:	4657      	mov	r7, sl
2000043c:	464e      	mov	r6, r9
2000043e:	4645      	mov	r5, r8
20000440:	469a      	mov	sl, r3
20000442:	b5e0      	push	{r5, r6, r7, lr}
20000444:	b089      	sub	sp, #36	@ 0x24
20000446:	9001      	str	r0, [sp, #4]
20000448:	000e      	movs	r6, r1
2000044a:	8a98      	ldrh	r0, [r3, #20]
2000044c:	4945      	ldr	r1, [pc, #276]	@ (20000564 <flash_do_cmd+0x130>)
2000044e:	8b1b      	ldrh	r3, [r3, #24]
20000450:	0014      	movs	r4, r2
20000452:	4798      	blx	r3
20000454:	4653      	mov	r3, sl
20000456:	4681      	mov	r9, r0
20000458:	4943      	ldr	r1, [pc, #268]	@ (20000568 <flash_do_cmd+0x134>)
2000045a:	8a98      	ldrh	r0, [r3, #20]
2000045c:	8b1b      	ldrh	r3, [r3, #24]
2000045e:	4798      	blx	r3
20000460:	4653      	mov	r3, sl
20000462:	4942      	ldr	r1, [pc, #264]	@ (2000056c <flash_do_cmd+0x138>)
20000464:	0005      	movs	r5, r0
20000466:	8a98      	ldrh	r0, [r3, #20]
20000468:	8b1b      	ldrh	r3, [r3, #24]
2000046a:	4798      	blx	r3
2000046c:	4680      	mov	r8, r0
2000046e:	f7ff ff87 	bl	20000380 <flash_init_boot2_copyout>
20000472:	a802      	add	r0, sp, #8
20000474:	f7ff ffa2 	bl	200003bc <flash_save_hardware_state>
20000478:	47c8      	blx	r9
2000047a:	47a8      	blx	r5
2000047c:	f7ff ffca 	bl	20000414 <flash_cs_force.constprop.1>
20000480:	1e25      	subs	r5, r4, #0
20000482:	d022      	beq.n	200004ca <flash_do_cmd+0x96>
20000484:	2308      	movs	r3, #8
20000486:	21c0      	movs	r1, #192	@ 0xc0
20000488:	469c      	mov	ip, r3
2000048a:	2002      	movs	r0, #2
2000048c:	0549      	lsls	r1, r1, #21
2000048e:	4662      	mov	r2, ip
20000490:	6a8b      	ldr	r3, [r1, #40]	@ 0x28
20000492:	401a      	ands	r2, r3
20000494:	4218      	tst	r0, r3
20000496:	d03f      	beq.n	20000518 <flash_do_cmd+0xe4>
20000498:	1b63      	subs	r3, r4, r5
2000049a:	2d00      	cmp	r5, #0
2000049c:	d12f      	bne.n	200004fe <flash_do_cmd+0xca>
2000049e:	2a00      	cmp	r2, #0
200004a0:	d111      	bne.n	200004c6 <flash_do_cmd+0x92>
200004a2:	2c00      	cmp	r4, #0
200004a4:	d011      	beq.n	200004ca <flash_do_cmd+0x96>
200004a6:	23c0      	movs	r3, #192	@ 0xc0
200004a8:	055b      	lsls	r3, r3, #21
200004aa:	469b      	mov	fp, r3
200004ac:	2302      	movs	r3, #2
200004ae:	469a      	mov	sl, r3
200004b0:	3306      	adds	r3, #6
200004b2:	4699      	mov	r9, r3
200004b4:	465b      	mov	r3, fp
200004b6:	464a      	mov	r2, r9
200004b8:	4657      	mov	r7, sl
200004ba:	6a9b      	ldr	r3, [r3, #40]	@ 0x28
200004bc:	401a      	ands	r2, r3
200004be:	421f      	tst	r7, r3
200004c0:	d042      	beq.n	20000548 <flash_do_cmd+0x114>
200004c2:	2a00      	cmp	r2, #0
200004c4:	d0f6      	beq.n	200004b4 <flash_do_cmd+0x80>
200004c6:	2c00      	cmp	r4, #0
200004c8:	d130      	bne.n	2000052c <flash_do_cmd+0xf8>
200004ca:	f7ff ff97 	bl	200003fc <flash_cs_force.constprop.0>
200004ce:	47c0      	blx	r8
200004d0:	f7ff ff6e 	bl	200003b0 <flash_enable_xip_via_boot2>
200004d4:	a802      	add	r0, sp, #8
200004d6:	f7ff ff81 	bl	200003dc <flash_restore_hardware_state>
200004da:	b009      	add	sp, #36	@ 0x24
200004dc:	bcf0      	pop	{r4, r5, r6, r7}
200004de:	46bb      	mov	fp, r7
200004e0:	46b2      	mov	sl, r6
200004e2:	46a9      	mov	r9, r5
200004e4:	46a0      	mov	r8, r4
200004e6:	bdf0      	pop	{r4, r5, r6, r7, pc}
200004e8:	2c00      	cmp	r4, #0
200004ea:	d12f      	bne.n	2000054c <flash_do_cmd+0x118>
200004ec:	22c0      	movs	r2, #192	@ 0xc0
200004ee:	0552      	lsls	r2, r2, #21
200004f0:	6a92      	ldr	r2, [r2, #40]	@ 0x28
200004f2:	4691      	mov	r9, r2
200004f4:	2208      	movs	r2, #8
200004f6:	464f      	mov	r7, r9
200004f8:	403a      	ands	r2, r7
200004fa:	07bf      	lsls	r7, r7, #30
200004fc:	d52d      	bpl.n	2000055a <flash_do_cmd+0x126>
200004fe:	2b0d      	cmp	r3, #13
20000500:	d91b      	bls.n	2000053a <flash_do_cmd+0x106>
20000502:	2a00      	cmp	r2, #0
20000504:	d1f0      	bne.n	200004e8 <flash_do_cmd+0xb4>
20000506:	22c0      	movs	r2, #192	@ 0xc0
20000508:	0552      	lsls	r2, r2, #21
2000050a:	6a92      	ldr	r2, [r2, #40]	@ 0x28
2000050c:	4691      	mov	r9, r2
2000050e:	2208      	movs	r2, #8
20000510:	464f      	mov	r7, r9
20000512:	403a      	ands	r2, r7
20000514:	07bf      	lsls	r7, r7, #30
20000516:	d4f2      	bmi.n	200004fe <flash_do_cmd+0xca>
20000518:	2a00      	cmp	r2, #0
2000051a:	d104      	bne.n	20000526 <flash_do_cmd+0xf2>
2000051c:	002b      	movs	r3, r5
2000051e:	4323      	orrs	r3, r4
20000520:	2b00      	cmp	r3, #0
20000522:	d1b4      	bne.n	2000048e <flash_do_cmd+0x5a>
20000524:	e7d1      	b.n	200004ca <flash_do_cmd+0x96>
20000526:	002b      	movs	r3, r5
20000528:	2c00      	cmp	r4, #0
2000052a:	d0f9      	beq.n	20000520 <flash_do_cmd+0xec>
2000052c:	6e0b      	ldr	r3, [r1, #96]	@ 0x60
2000052e:	3c01      	subs	r4, #1
20000530:	7033      	strb	r3, [r6, #0]
20000532:	0023      	movs	r3, r4
20000534:	3601      	adds	r6, #1
20000536:	432b      	orrs	r3, r5
20000538:	e7f2      	b.n	20000520 <flash_do_cmd+0xec>
2000053a:	9f01      	ldr	r7, [sp, #4]
2000053c:	3d01      	subs	r5, #1
2000053e:	783b      	ldrb	r3, [r7, #0]
20000540:	3701      	adds	r7, #1
20000542:	660b      	str	r3, [r1, #96]	@ 0x60
20000544:	9701      	str	r7, [sp, #4]
20000546:	e7e7      	b.n	20000518 <flash_do_cmd+0xe4>
20000548:	2500      	movs	r5, #0
2000054a:	e7e5      	b.n	20000518 <flash_do_cmd+0xe4>
2000054c:	23c0      	movs	r3, #192	@ 0xc0
2000054e:	055b      	lsls	r3, r3, #21
20000550:	6e1b      	ldr	r3, [r3, #96]	@ 0x60
20000552:	3c01      	subs	r4, #1
20000554:	7033      	strb	r3, [r6, #0]
20000556:	3601      	adds	r6, #1
20000558:	e799      	b.n	2000048e <flash_do_cmd+0x5a>
2000055a:	002b      	movs	r3, r5
2000055c:	2a00      	cmp	r2, #0
2000055e:	d1df      	bne.n	20000520 <flash_do_cmd+0xec>
20000560:	e7dc      	b.n	2000051c <flash_do_cmd+0xe8>
20000562:	46c0      	nop			@ (mov r8, r8)
20000564:	00004649 	.word	0x00004649
20000568:	00005845 	.word	0x00005845
2000056c:	00004346 	.word	0x00004346

20000570 <__aeabi_idiv0>:
20000570:	4770      	bx	lr
20000572:	46c0      	nop			@ (mov r8, r8)
20000574:	0000      	movs	r0, r0
	...

20000578 <__tu_fifo_write_veneer>:
20000578:	b401      	push	{r0}
2000057a:	4802      	ldr	r0, [pc, #8]	@ (20000584 <__tu_fifo_write_veneer+0xc>)
2000057c:	4684      	mov	ip, r0
2000057e:	bc01      	pop	{r0}
20000580:	4760      	bx	ip
20000582:	bf00      	nop
20000584:	10007461 	.word	0x10007461

20000588 <__best_effort_wfe_or_timeout_veneer>:
20000588:	b401      	push	{r0}
2000058a:	4802      	ldr	r0, [pc, #8]	@ (20000594 <__best_effort_wfe_or_timeout_veneer+0xc>)
2000058c:	4684      	mov	ip, r0
2000058e:	bc01      	pop	{r0}
20000590:	4760      	bx	ip
20000592:	bf00      	nop
20000594:	10001981 	.word	0x10001981

20000598 <____wrap___aeabi_lmul_veneer>:
20000598:	b401      	push	{r0}
2000059a:	4802      	ldr	r0, [pc, #8]	@ (200005a4 <____wrap___aeabi_lmul_veneer+0xc>)
2000059c:	4684      	mov	ip, r0
2000059e:	bc01      	pop	{r0}
200005a0:	4760      	bx	ip
200005a2:	bf00      	nop
200005a4:	10002e85 	.word	0x10002e85

200005a8 <__tuh_event_hook_cb_veneer>:
200005a8:	b401      	push	{r0}
200005aa:	4802      	ldr	r0, [pc, #8]	@ (200005b4 <__tuh_event_hook_cb_veneer+0xc>)
200005ac:	4684      	mov	ip, r0
200005ae:	bc01      	pop	{r0}
200005b0:	4760      	bx	ip
200005b2:	bf00      	nop
200005b4:	100065a9 	.word	0x100065a9

200005b8 <__time_us_64_veneer>:
200005b8:	b401      	push	{r0}
200005ba:	4802      	ldr	r0, [pc, #8]	@ (200005c4 <__time_us_64_veneer+0xc>)
200005bc:	4684      	mov	ip, r0
200005be:	bc01      	pop	{r0}
200005c0:	4760      	bx	ip
200005c2:	bf00      	nop
200005c4:	10001ab1 	.word	0x10001ab1

200005c8 <striped_spin_lock_num>:
200005c8:	00000010                                ....

200005cc <irq_handler_chain_slots>:
200005cc:	00000000 	.word	0x00000000
200005d0:	00010000 	.word	0x00010000
	...
200005dc:	00020000 	.word	0x00020000
	...
200005e8:	00030000 	.word	0x00030000
	...
200005f4:	00ff0000 	.word	0x00ff0000
200005f8:	00000000 	.word	0x00000000

200005fc <irq_handler_chain_first_slot>:
200005fc:	b501      	push	{r0, lr}
200005fe:	6848      	ldr	r0, [r1, #4]
20000600:	3101      	adds	r1, #1
20000602:	468e      	mov	lr, r1
20000604:	4700      	bx	r0

20000606 <irq_handler_chain_remove_tail>:
20000606:	4670      	mov	r0, lr
20000608:	3809      	subs	r0, #9
2000060a:	4901      	ldr	r1, [pc, #4]	@ (20000610 <irq_handler_chain_remove_tail+0xa>)
2000060c:	4788      	blx	r1
2000060e:	bd01      	pop	{r0, pc}
20000610:	10001209 	.word	0x10001209

20000614 <default_alarm_pool>:
	...
20000628:	20000690 00000000                       ... ....

20000630 <aeabi_bits_funcs>:
20000630:	00003350 	.word	0x00003350
20000634:	0000334c 	.word	0x0000334c
20000638:	00003354 	.word	0x00003354
2000063c:	00003352 	.word	0x00003352

20000640 <aeabi_bits_funcs_end>:
20000640:	0000534d 	.word	0x0000534d
20000644:	0000434d 	.word	0x0000434d
20000648:	00003453 	.word	0x00003453
2000064c:	00003443 	.word	0x00003443

20000650 <stdio_uart>:
20000650:	10004cad 10004db1 10004cf9 10004dc5     .L...M...L...M..
20000660:	00000000 00000100                       ........

20000668 <_usbh_qdef>:
20000668:	20000c98 000c0010 00000000 00000000     ... ............
	...

20000684 <_usbh_controller>:
20000684:	000000ff                                ....

20000688 <print_mutex>:
	...
